plot_name,sample_name,colony_points,colony_elevation,colony_rugosity,overhang_prop,outcrop_prop,environment_rugosity,colony_range,environment_range
cur_kal_05m_20200214,KP0950_AC_WP05,10676,16.5419116250927,1.6739545463402,0.00116734643694179,0.522966555115457,1.88730957672353,0.112416371055726,0.512416371055726
cur_kal_05m_20200214,KP0952_HU_WP05,57,52.7066339292857,1.37193265007199,0.0351065029057279,0.520123022968131,2.11160771287036,0.0114435466673173,0.411443546667317
cur_kal_05m_20200214,KP0954_HU_WP05,15,113.585072503139,1.86159710446847,0.00215685169867562,0.577373399495965,2.17611113058725,0.00555796353610129,0.405557963536101
cur_kal_05m_20200214,KP0955_HU_WP05,39,108.433491094265,1.12717347209445,0.356472717827521,0.592219260818923,2.12861679829683,0.00770963349141822,0.407709633491418
cur_kal_05m_20200214,KP0956_HU_WP05,84,12.0912784675796,1.5527930032991,0,0.627381387288408,2.20308364784065,0.0122399970246224,0.412239997024622
cur_kal_05m_20200214,KP0957_HU_WP05,5,66.3685116004256,2.83235421845662,0,0.573396737686555,2.18425021751218,0.00432825980901523,0.404328259809015
cur_kal_05m_20200214,KP0958_HU_WP05,45,37.7008191515949,1.27267417608203,1.72209912593751,0.59137828002,2.1915878990663,0.0107685046284629,0.410768504628463
cur_kal_05m_20200214,KP0962_AC_WP05,5204,43.9729727270066,1.26606352631456,1.03379485562367,0.515057330226412,2.59917374754285,0.111212873446624,0.511212873446624
cur_kal_05m_20200214,KP0963_HU_WP05,194,38.3548819746578,1.42160399580402,0.359332548756374,0.448174242054547,1.95928040982363,0.0201979630040114,0.420197963004011
cur_kal_05m_20200214,KP0965_AC_WP05,75,70.1925332396125,1.644354570362,0,0.472759183620883,2.1348256737228,0.0127577322759389,0.412757732275939
cur_kal_05m_20200214,KP0966_AC_WP05,1806,61.8677554583922,1.48169942681931,0.00242078704660874,0.406424731126766,2.08850408175208,0.0535655781780239,0.453565578178024
cur_kal_05m_20200214,KP0968_HU_WP05,8,55.197975311605,2.02970008230789,2.33334516278337,0.429823792595063,1.90043930884348,0.00482573969071242,0.404825739690712
cur_kal_05m_20200214,KP0969_HU_WP05,12,56.23616723246,1.5637440970505,0.0424428201770081,0.65134142313522,1.64014563161914,0.00575728133490654,0.405757281334907
cur_kal_05m_20200214,KP0970_HU_WP05,104,31.2885547718499,1.1425355413225,0.153367235780499,0.400144175152204,2.04219548683642,0.0150107886866108,0.415010788686611
cur_kal_05m_20200214,KP0971_HU_WP05,160,28.2686317569972,1.20190808671554,0,0.417406237407659,2.08487122730708,0.0182334083233551,0.418233408323355
cur_kal_05m_20200214,KP0972_HU_WP05,151,27.1473437255475,1.44625495050475,0.0232907812759986,0.390411858571922,1.69318708743519,0.0188692948176164,0.418869294817616
cur_kal_05m_20200214,KP0973_HU_WP05,223,58.0934912367808,1.48982397589715,0.00123031011384715,0.483614605549625,2.03471437182701,0.0227545242582876,0.422754524258288
cur_kal_05m_20200214,KP0974_AC_WP05,3842,117.276781173113,2.88510700014051,0,0.857574702399969,1.84119839665957,0.0872749379255317,0.487274937925532
cur_kal_05m_20200214,KP0975_AC_WP05,503,56.3203928202598,1.97648906071696,0,0.563643327059335,2.1403426582468,0.0297165604174186,0.429716560417419
cur_kal_05m_20200214,KP0976_AC_WP05,43,57.1418492071624,1.3599667173836,0,0.681891523099954,2.16645567389257,0.00947467568111539,0.409474675681115
cur_kal_05m_20200214,KP0977_AC_WP05,139,57.9862441023536,1.82805572687014,0,0.617302332278798,2.1050163251786,0.0167172644392074,0.416717264439207
cur_kal_05m_20200214,KP0978_AC_WP05,5474,103.729673577088,2.12959676885008,0,0.424713979997667,1.6253608773093,0.0854866223808021,0.485486622380802
cur_kal_05m_20200214,KP0979_HU_WP05,100,42.3766821186816,1.25272440046149,0,0.482280873966125,1.78261658613679,0.0141013837751602,0.41410138377516
cur_kal_05m_20200214,KP0980_HU_WP05,57,47.6692500409472,1.30522577182351,0,0.781893104962679,1.75492366958003,0.0104252491291218,0.410425249129122
cur_kal_05m_20200214,KP0981_AC_WP05,3954,118.048337210298,1.10154752043502,0.307451140368344,0.653473128519064,1.69633562822594,0.0943199528654391,0.494319952865439
cur_kal_05m_20200214,KP0982_AC_WP05,11621,129.788281301722,1.82963569862839,0,0.506227906512657,1.81810263360372,0.118924748077119,0.518924748077119
cur_kal_05m_20200214,KP0983_AC_WP05,1319,53.2202486700125,1.04814126689599,0.760271892755449,0.581145164084265,1.77764097702925,0.0646311474313991,0.464631147431399
cur_kal_05m_20200214,KP0984_HU_WP05,171,46.6588336955753,1,0.787940258948259,0.532888885762052,2.07704791764912,0.0196299660582232,0.419629966058223
cur_kal_05m_20200214,KP0986_HU_WP05,106,42.4648226835683,1.40879496757181,0.057975151357991,0.808647656997596,1.50325207092598,0.0155683649816243,0.415568364981624
cur_kal_05m_20200214,KP0987_HU_WP05,52,38.3199512319465,1.29253722489939,0.131264639342944,0.438589788227313,1.71902975229769,0.00973776154423993,0.40973776154424
cur_kal_05m_20200214,KP0988_AC_WP05,61,43.1139914240521,1.36261962725841,0.0136404878839139,0.794726455633142,1.6942872321533,0.0109718501782752,0.410971850178275
cur_cas_05m_20201212,KP0407_AC_CA05,22310,96.3959606817368,3.36591682768326,0.00452172152661246,0.511978555764688,1.90121142429126,0.17316567034358,0.57316567034358
cur_cas_05m_20201212,KP0408_AC_CA05,17998,20.0019841353258,1.34911712704308,0,0.532506166557636,1.47924259653888,0.192859474559787,0.592859474559787
cur_cas_05m_20201212,KP0409_AC_CA05,768,115.539219658087,1.65243683668669,0,0.463614959580604,1.9222709756236,0.0384227941875985,0.438422794187598
cur_cas_05m_20201212,KP0410_HU_CA05,5,64.3370828340516,3.88990451526814,0.00929416332459413,0.68134438557899,1.62222860756222,0.00401565698871512,0.404015656988715
cur_cas_05m_20201212,KP0413_HU_CA05,616,23.9461058908327,1.16391036291744,0.716351573836533,0.504218092406096,1.94002252188779,0.0414474303836144,0.441447430383614
cur_cas_05m_20201212,KP0414_HU_CA05,109,78.319180854441,1.4175364428905,0.181294471578296,0.460680273864702,2.09801999506805,0.0159858504212461,0.415985850421246
cur_cas_05m_20201212,KP0415_HU_CA05,219,42.5831565635568,1.43005435561051,0,0.644094255803447,1.83289810317816,0.0216799137321786,0.421679913732179
cur_cas_05m_20201212,KP0417_HU_CA05,74,16.4028668373068,1.34286114282687,0,0.592107309229123,1.86335362474505,0.0128000587518197,0.41280005875182
cur_cas_05m_20201212,KP0418_HU_CA05,122,51.859819143812,1.37502271700342,0.0460722431078908,0.560531368915259,1.76950072627395,0.0156230729688467,0.415623072968847
cur_cas_05m_20201212,KP0419_HU_CA05,124,32.7971004976243,1.104535901573,0.308225629764483,0.574259475876591,1.73017767362568,0.015446798287287,0.415446798287287
cur_cas_05m_20201212,KP0424_AC_CA05,1184,93.0704224758331,2.27121609672004,0,0.923352178463754,1.7062161926526,0.0539115356658696,0.45391153566587
cur_cas_05m_20201212,KP0426_HU_CA05,304,41.1009647449965,1.43141924870145,0,0.573876576305651,1.75185425269724,0.0270474083167776,0.427047408316778
cur_cas_05m_20201212,KP0432_HU_CA05,139,26.1389528295819,1.27002652801678,0.0992390603317924,0.631889961632978,1.87327645972614,0.0172810024295862,0.417281002429586
cur_cas_05m_20201212,KP0433_AC_CA05,57079,55.5428080537334,1.66849879100255,0.000598052653464417,0.632904875291256,1.87951752952701,0.291162197645335,0.691162197645335
cur_cas_05m_20201212,KP0434_HU_CA05,365,44.103094853527,1.41262814195368,1.04538327398344,0.46156647588545,2.34743865088384,0.0281860637324965,0.428186063732497
cur_cas_05m_20201212,KP0435_HU_CA05,1008,70.4267341792218,1.17142115134032,0.769907371021124,0.513576064779103,2.2421717011342,0.0430666011583819,0.443066601158382
cur_cas_05m_20201212,KP0436_HU_CA05,94,54.8524168202192,1.25080105155668,0.04285378798532,0.878884017203252,1.70851913023188,0.0152504957928752,0.415250495792875
cur_cas_05m_20201212,KP0439_HU_CA05,197,122.416027468329,1.33306237795352,0,0.522323326648241,1.59456900440962,0.0242216222963691,0.424221622296369
cur_cas_05m_20201212,KP0440_HU_CA05,1410,91.0930486215543,2.08795313170087,0,0.923588913389214,1.46135378642957,0.0523790987943283,0.452379098794328
cur_cas_05m_20201212,KP0441_AC_CA05,390,113.084147568767,1.1748098270396,0,0.833553855616575,1.49680938300379,0.0316916760156936,0.431691676015694
cur_cas_05m_20201212,KP0442_HU_CA05,243,33.6812228121774,1.50143121281491,0,0.943224135385035,1.60161333732283,0.0229619294421591,0.422961929442159
cur_kal_10m_20200214,KP0739_HU_WP10,98,13.5038144612765,1.28552810201175,0,0.681491196823149,1.54586551246981,0.0177852444368033,0.417785244436803
cur_kal_10m_20200214,KP0740_HU_WP10,30,113.180177843657,1.45873405479968,0.175858568107521,0.703657070559063,2.03840060625481,0.0108028795622568,0.410802879562257
cur_kal_10m_20200214,KP0741_AC_WP10,9002,18.9555287961736,1.31196826205623,0.0349666410750183,0.607026277260221,2.22001653973887,0.14127585071272,0.54127585071272
cur_kal_10m_20200214,KP0742_AC_WP10,1829,115.674971443025,1.83288837432071,0,0.576554099183311,2.33435493331487,0.0648438997729601,0.46484389977296
cur_kal_10m_20200214,KP0743_AC_WP10,9124,65.1980533476136,1.36226324066428,0.247212725665272,0.585386050046847,1.96848314956596,0.136942686721688,0.536942686721688
cur_kal_10m_20200214,KP0744_HU_WP10,96,30.8886704715018,1.23561530772754,0,0.601369505973618,2.55345787818036,0.0167003425029694,0.416700342502969
cur_kal_10m_20200214,KP0745_AC_WP10,827,109.625909187282,1.10154044159689,0.924265487825192,0.447948161438184,1.85734694302331,0.0481655570830276,0.448165557083028
cur_kal_10m_20200214,KP0746_AC_WP10,2386,19.5702166040355,1.0464069958905,0.159983643972287,0.436226207601329,2.22012236730252,0.0895318984614753,0.489531898461475
cur_kal_10m_20200214,KP0747_AC_WP10,1724,30.5478068759285,1.13018085563945,0.654709636056683,0.407858082121051,1.58376666021308,0.0600376288747482,0.460037628874748
cur_kal_10m_20200214,KP0748_AC_WP10,213,40.0235179427108,1.73549708835257,0.000482741687237506,0.500759884969528,3.04707403700293,0.0292648805684281,0.429264880568428
cur_kal_10m_20200214,KP0749_AC_WP10,6515,121.266847391121,1.6568258494519,0.142024672509816,0.775786365932325,1.83649093780687,0.109251579448073,0.509251579448073
cur_kal_10m_20200214,KP0750_AC_WP10,31,38.3500411576572,2.20463137770862,0,0.972874441368714,2.56890627178305,0.0110560391568207,0.411056039156821
cur_kal_10m_20200214,KP0751_AC_WP10,953,127.173776104954,1.6065060102899,0,0.529659712034298,1.91249353310237,0.0402708299574895,0.44027082995749
cur_kal_10m_20200214,KP0752_AC_WP10,37,92.080957772093,1.61452641993528,0,0.67268787331126,2.36874286506815,0.0111713614352498,0.41117136143525
cur_kal_10m_20200214,KP0753_AC_WP10,3680,30.285168408947,1.26084415629358,0.905716895066042,0.365546820405436,2.4873945810233,0.0763712828009603,0.47637128280096
cur_kal_10m_20200214,KP0754_LM_WP10,12745,74.2502893609576,1.0339796199029,0.074685089232894,0.405780663450561,1.63866694444196,0.22674579466116,0.62674579466116
cur_kal_10m_20200214,KP0755_AC_WP10,10923,25.4875969593311,1.72712999909521,0.0859751169407219,0.621919325429374,3.98549664921718,0.159656510523073,0.559656510523073
cur_kal_10m_20200214,KP0756_AC_WP10,6210,63.1975095525333,2.02927935170933,0.301208776333395,0.43247689762693,1.93577567828049,0.119252524786035,0.519252524786035
cur_kal_10m_20200214,KP0757_AC_WP10,612,12.0729637529862,1.56524609522102,0.172559979309784,0.608244480374552,3.39933524185384,0.0508941142437623,0.450894114243762
cur_kal_10m_20200214,KP0758_AC_WP10,4973,41.5938785154854,1.42850292700813,0.0703888844675268,0.574409209151677,3.13682179002561,0.099150161464204,0.499150161464204
cur_kal_10m_20200214,KP0759_AC_WP10,1305,88.4082930622385,1,0.60895273181424,0.556472162526334,3.00711515023995,0.0666872812088436,0.466687281208844
cur_kal_10m_20200214,KP0760_AC_WP10,9391,58.724019069909,1.99661710249075,0.179382425276921,0.441536274843068,3.10275805132532,0.13211017096775,0.53211017096775
cur_kal_10m_20200214,KP0761_AC_WP10,1946,70.8483657217718,1.32686108658174,0.683385063935177,0.506565050128404,2.77966213014093,0.0780731863727453,0.478073186372745
cur_kal_10m_20200214,KP0762_AC_WP10,3850,70.8868317842607,1.68824969661512,0.647536251221073,0.52048506992615,3.73798796847566,0.0780910306785708,0.478091030678571
cur_kal_10m_20200214,KP0763_LM_WP10,10848,40.0652941640806,1.16712195823019,0.291236511743566,0.509190102141586,1.8235431922955,0.179974946750798,0.579974946750798
cur_kal_10m_20200214,KP0764_HU_WP10,830,41.9296749273143,1.6079233478293,0.139601181092488,0.506257895978363,3.80991805109633,0.0415756441043438,0.441575644104344
cur_kal_10m_20200214,KP0765_AC_WP10,1657,40.1981435617972,1.03389719472259,0.883329599653432,0.520104928116114,2.560400037194,0.0620924783681225,0.462092478368123
cur_kal_10m_20200214,KP0766_AC_WP10,3224,29.6046361141475,1.5022810187938,0.787445775743577,0.452627957561787,3.43436904674503,0.0803702519831686,0.480370251983169
cur_kal_10m_20200214,KP0767_AC_WP10,3985,16.0667936086969,1.13357223554038,0.368350055229701,0.536328672330457,2.91057534642083,0.0903017507229034,0.490301750722903
cur_kal_10m_20200214,KP0768_HU_WP10,332,116.023933261691,1.89381219272737,0.540096908783332,0.495932100609798,3.40577499236686,0.027002646795979,0.427002646795979
cur_kal_10m_20200214,KP0769_AC_WP10,79819,46.8119007182924,2.57247297244165,0,0.732042195739058,2.87211482088614,0.305259976899422,0.705259976899422
cur_kal_10m_20200214,KP0770_AC_WP10,73,111.290481101884,1.19801772686128,0.275371487310673,0.554097496770325,3.48269597598007,0.0159074754191579,0.415907475419158
cur_kal_10m_20200214,KP0771_AC_WP10,1282,62.4048637657558,1,0.493539499599941,0.418243749361592,2.44166086490541,0.0619411542075296,0.46194115420753
cur_kal_10m_20200214,KP0772_AC_WP10,309,33.2760999714908,1.78789895491609,0.90642330788363,0.536158888792477,3.38883239506797,0.0328080555981312,0.432808055598131
cur_kal_10m_20200214,KP0773_AC_WP10,2377,30.7840179381461,1.16420244043665,0,0.638755900129075,1.4484761012383,0.0773917202987986,0.477391720298799
cur_kal_10m_20200214,KP0774_AC_WP10,49,128.166912372491,1.23527877018815,0.363737153141355,0.458225333955073,3.06447980556988,0.0209190731120371,0.420919073112037
cur_kal_10m_20200214,KP0775_HU_WP10,183,124.084252014553,1.07773137208108,0.0154779630187075,0.518865529462083,2.05122823343458,0.0246215184981497,0.42462151849815
cur_kal_10m_20200214,KP0777_AC_WP10,3930,120.558397640146,1.27004750809598,0.0934328570309119,0.797964145659748,2.46119213988729,0.0817437498232369,0.481743749823237
cur_kal_10m_20200214,KP0778_AC_WP10,2987,128.006519320501,2.07526385781714,0.0677418213642202,0.683541535623395,2.83366319196693,0.0813920089060075,0.481392008906008
cur_kal_10m_20200214,KP0779_AC_WP10,2181,85.512473215434,1.91371480076549,0,0.731941632613445,2.05998355420129,0.0850075023643497,0.48500750236435
cur_kal_10m_20200214,KP0780_AC_WP10,4481,47.0902264955888,1.39766962113751,0.10826274142839,0.621549922787626,2.7278251754537,0.0892904858386822,0.489290485838682
cur_kal_10m_20200214,KP0781_AC_WP10,216,5.78721029622646,2.03735611662147,0.393852066447443,0.604196446432664,2.93511281385178,0.0287697943433194,0.428769794343319
cur_kal_10m_20200214,KP0782_AC_WP10,7002,59.6887519525906,1.56733579754776,0,0.746283957791019,2.72244386758852,0.0973684865950235,0.497368486595024
cur_kal_10m_20200214,KP0783_HU_WP10,331,105.295003973173,2.44570916907173,0.831679936923585,0.499959701789386,3.135682114855,0.0297785663962945,0.429778566396295
cur_kal_10m_20200214,KP0784_AC_WP10,4217,112.501100373763,1.89236863871362,0.130783560634018,0.576558354382328,2.6098398878126,0.0699314506338842,0.469931450633884
cur_kal_10m_20200214,KP0785_AC_WP10,249,47.2562191044519,1.14144105990453,1.13574616253141,0.616276516744008,3.38988593803947,0.0231085649233001,0.4231085649233
cur_kal_10m_20200214,KP0786_HU_WP10,138,14.2632027085772,1.37762173916279,0,0.630845129166626,2.6559300931415,0.0162393117177247,0.416239311717725
cur_kal_10m_20200214,KP0787_AC_WP10,25529,46.8240291738937,1.82680290827878,0.000921831489745778,0.667051115944084,2.79518033355336,0.22539234338243,0.62539234338243
cur_kal_10m_20200214,KP0788_AC_WP10,176,80.7872514735657,2.37548139578214,0,0.644217991731975,2.58764899652524,0.0230931452812694,0.423093145281269
cur_kal_10m_20200214,KP0789_HU_WP10,83,111.287151055599,1.63554342628038,1.13368923122312,0.670377568981215,2.54271672112799,0.0143030901062154,0.414303090106215
cur_kal_10m_20200214,KP0790_AC_WP10,1481,74.8530829549081,2.03139977481395,0,0.574955019277863,2.79878226805576,0.0542438753435735,0.454243875343574
cur_kal_10m_20200214,KP0791_AC_WP10,311,25.9507334346499,2.86648661658617,0.269385543049719,0.713042880336159,2.15369376015793,0.0311489812768323,0.431148981276832
cur_kal_10m_20200214,KP0792_AC_WP10,2983,104.370925546192,1.22189657334763,0.0306857995261665,0.793262262497126,2.28360824181174,0.0777491481754898,0.47774914817549
cur_kal_10m_20200214,KP0793_AC_WP10,1962,56.1393215427488,1.2787041107233,1.05334939080824,0.518978223330078,2.39252044129531,0.0730766532505915,0.473076653250592
cur_kal_10m_20200214,KP0794_AC_WP10,473,110.474483719601,1.43865595859937,0,0.60396724974983,2.76283885541792,0.0313695946255489,0.431369594625549
cur_kal_10m_20200214,KP0795_LM_WP10,9247,34.4472320996142,1.24456506185035,0.119387900797912,0.523292543456367,2.17202432315664,0.13073450458676,0.53073450458676
cur_kal_10m_20200214,KP0797_AC_WP10,1433,14.1110880187064,1.2731157143994,0.0244225235184982,0.505877999318157,2.37667069312713,0.071796182531642,0.471796182531642
cur_kal_10m_20200214,KP0799_AC_WP10,6740,22.3838217994778,1.38555344883252,0.0308071112966733,0.58357972479107,2.54215889022113,0.113525537659333,0.513525537659333
cur_kal_10m_20200214,KP0800_AC_WP10,1385,17.973525974557,1.60532814590027,0.00042579900619422,0.728893617305201,2.4900243931999,0.0523494400202564,0.452349440020256
cur_kal_10m_20200214,KP0801_AC_WP10,1097,44.7155149244225,1.44959274417687,0.831334863473015,0.580162549368399,2.73985443676523,0.060015132060872,0.460015132060872
cur_kal_10m_20200214,KP0802_AC_WP10,650,45.8171866752724,1.02090890455259,0.837849843242845,0.504059278700994,2.7853906203141,0.0395973214483443,0.439597321448344
cur_kal_10m_20200214,KP0803_HU_WP10,307,40.2803051421475,1.27958686755703,0.922545592517198,0.482832514497126,2.10839155983258,0.0288022367129591,0.428802236712959
cur_kal_10m_20200214,KP0804_AC_WP10,2637,117.094458923663,1.61203826230498,0.455186782006378,0.590786746019807,2.84092651025899,0.0680535882310591,0.468053588231059
cur_kal_10m_20200214,KP0805_HU_WP10,963,113.576395426646,1.17134473422539,0.398578737095303,0.493818778102068,2.75447938403221,0.0423536398689864,0.442353639868986
cur_kal_10m_20200214,KP0806_AC_WP10,660,78.741544649202,2.13515108821047,0,0.533807376746945,2.49306355534699,0.0369226078407495,0.43692260784075
cur_kal_10m_20200214,KP0807_AC_WP10,7555,103.1019707274,1.96601154045288,0.00445667980504264,0.717933030611849,2.8001287173821,0.130165736628414,0.530165736628414
cur_kal_10m_20200214,KP0808_AC_WP10,8465,69.7741313358154,3.29739908490178,0.00243552241597039,0.5913968428485,2.41355805490741,0.0968626380604255,0.496862638060426
cur_kal_10m_20200214,KP0809_AC_WP10,457,2.01264062325974,1.75325350078452,0,0.602256757149182,2.41377541011207,0.0416466106724177,0.441646610672418
cur_kal_10m_20200214,KP0810_AC_WP10,939,67.5473721435752,2.07008692790245,0.0664106219211658,0.486026116046811,3.02846542063344,0.0457980790539092,0.445798079053909
cur_kal_10m_20200214,KP0811_AC_WP10,661,19.319037426087,1.11454993227585,0.322738331231953,0.536987738073836,3.31711993886125,0.041588185507538,0.441588185507538
cur_kal_10m_20200214,KP0812_AC_WP10,3789,89.6536170627295,2.28975761267803,0,0.568063768629967,2.6732226166321,0.0925134913333926,0.492513491333393
cur_kal_10m_20200214,KP0813_AC_WP10,7789,119.546307104206,1.02712033912256,0.128895054346686,0.592461034542432,2.12291802912159,0.134483095897493,0.534483095897493
cur_kal_10m_20200214,KP0815_AC_WP10,16531,44.8412191832866,1,0.0926978471267777,0.47873101322592,2.07770090580319,0.209986736936383,0.609986736936384
cur_kal_10m_20200214,KP0816_AC_WP10,2108,51.1593493896288,1.07596292302754,0.961109813905189,0.438011885140236,2.3150532282563,0.0737935616110644,0.473793561611064
cur_kal_10m_20200214,KP0817_AC_WP10,3773,32.236009868921,1.14379397769523,0.013725035959406,0.608351364137414,1.98947406845043,0.0936372529524426,0.493637252952443
cur_kal_10m_20200214,KP0819_AC_WP10,1919,18.5394793157504,1,0.495922193840864,0.505203235324472,1.98067477753877,0.0684020586254011,0.468402058625401
cur_kal_10m_20200214,KP0820_AC_WP10,279,102.798018605235,2.15729154121324,0,0.591808602020104,2.16957965622961,0.0345792480081424,0.434579248008142
cur_kal_10m_20200214,KP0823_AC_WP10,8191,16.3105089707151,2.12524696369578,0,0.642402013920488,2.18459283738062,0.104907587270059,0.504907587270059
cur_kal_10m_20200214,KP0824_AC_WP10,13054,112.445444499588,1.04540277449963,0.976254615599068,0.467143469295247,3.115879310303,0.180007804901066,0.580007804901066
cur_kal_10m_20200214,KP0825_AC_WP10,2908,76.1170112586953,1,0.816495533972543,0.527384730665386,2.71451969964655,0.0912969698764231,0.491296969876423
cur_kal_10m_20200214,KP0831_HU_WP10,314,68.6261311286318,2.30882387094095,0.972797714984588,0.519765164694955,2.97003541113455,0.0310413459004952,0.431041345900495
cur_kal_10m_20200214,KP0833_AC_WP10,1744,59.5777025078682,2.095681085752,0.971106277422496,0.500095249705897,2.86699489907521,0.0455334834479493,0.445533483447949
cur_kal_10m_20200214,KP0835_AC_WP10,3520,117.144452976859,1.66195671373123,0.154904046907269,0.530639854332118,2.43891288458163,0.10819225558677,0.50819225558677
cur_kal_10m_20200214,KP0837_AC_WP10,10948,65.670549732221,1.23430673182755,0.713919215423313,0.646282673679637,2.6646526512008,0.175862576928625,0.575862576928625
cur_kal_10m_20200214,KP0845_AC_WP10,227,74.5535691321035,2.08400299997523,0.0597925633035604,0.610482254985758,2.05427712912705,0.0294214565851323,0.429421456585132
cur_kal_10m_20200214,KP0849_AC_WP10,9878,106.271101875543,1.70132257006926,0.0642057553466415,0.476287541249921,2.95114874688837,0.130920140471394,0.530920140471394
cur_kal_10m_20200214,KP0851_AC_WP10,2640,76.6746110506423,1.74650561479332,0.032094635008607,0.507349925742334,2.53099043724644,0.0727140883128779,0.472714088312878
cur_kal_10m_20200214,KP0853_AC_WP10,689,63.9822394946197,1.62940234115181,0,0.518285537000872,2.2950671675086,0.0412718182786794,0.441271818278679
cur_kal_10m_20200214,KP0855_AC_WP10,2826,59.5653495631601,1.24119758090702,0.82311258970157,0.599160643007941,2.66549249818447,0.0906838920799677,0.490683892079968
cur_kal_10m_20200214,KP0857_AC_WP10,35164,6.3451780264175,2.18593650232805,0.00119361830647052,0.510838615322581,3.52380113066396,0.18667931012724,0.58667931012724
cur_kal_10m_20200214,KP0859_HU_WP10,348,122.918703923724,1.51505128821077,0.256860017859018,0.69420353123235,2.87091953366541,0.0301874734199911,0.430187473419991
cur_kal_10m_20200214,KP0861_AC_WP10,1602,85.9662023800053,2.14134579249698,0.0051932622343637,0.547843035039563,3.06677907138879,0.0614150358009717,0.461415035800972
cur_kal_10m_20200214,KP0863_AC_WP10,1856,106.303678762682,1.79070519878515,0,0.736682238504579,2.82401044912688,0.0680143691721703,0.46801436917217
cur_kal_10m_20200214,KP0879_AC_WP10,2752,84.049303232309,1.68539197562594,0,0.70438899538954,1.93185129678814,0.0736478366320938,0.473647836632094
cur_kal_10m_20200214,KP0881_AC_WP10,5597,47.3151270538823,1.95176877736459,0,0.571145269973246,3.42936007874817,0.0929895369010441,0.492989536901044
cur_kal_10m_20200214,KP0883_AC_WP10,8539,76.7770156828644,2.41836563766566,0.0351635918536095,0.57598584320219,3.09182572522332,0.132002788640023,0.532002788640023
cur_kal_10m_20200214,KP0885_AC_WP10,5451,73.8856822989865,2.30614426912756,0.0096873641264808,0.731389034113121,3.25625381434023,0.0977467862717542,0.497746786271754
cur_kal_10m_20200214,KP0887_AC_WP10,7956,33.4163889107387,1.44716655612756,0.509436361290958,0.430132536799238,2.81828245320846,0.10053302187029,0.50053302187029
cur_kal_10m_20200214,KP0889_LM_WP10,16069,54.1949380351327,1.0068301157045,0.495812984888656,0.494601542660778,2.59656465146216,0.17705362889992,0.57705362889992
cur_kal_10m_20200214,KP0891_AC_WP10,350,26.7157725647265,1,0.592845835266096,0.494444396188025,2.76073255833827,0.0265072619051275,0.426507261905128
cur_kal_10m_20200214,KP0893_LM_WP10,3484,39.210573435304,1,1.03701060836236,0.486759294539304,2.3009580274147,0.118049899719663,0.518049899719663
cur_kal_10m_20200214,KP0895_AC_WP10,3961,52.1126717733595,1.05757593414795,0.688550839746363,0.485801954132925,2.27088861706273,0.0946153084625493,0.494615308462549
cur_kal_10m_20200214,KP0899_HU_WP10,82,34.9950216280713,2.18749493289317,0.00848027762472656,0.648829159868408,2.23988292693305,0.0150183966937987,0.415018396693799
cur_kal_10m_20200214,KP0903_HU_WP10,275,50.71159721063,1.041574747067,0,0.578997550213596,2.43648303999382,0.023439329322118,0.423439329322118
cur_sna_05m_20200303,KP0130_AC_SB05,469,119.082237043626,1.22558029604447,1.46240511971329,0.394262186020835,1.76546345758832,0.027113178956004,0.427113178956004
cur_sna_05m_20200303,KP0132_HU_SB05,405,65.880721251373,1.35295058842403,0.00755633370589897,0.68695365615209,1.53676616393946,0.0292411955420398,0.42924119554204
cur_sna_05m_20200303,KP0133_HU_SB05,438,42.7657300445986,1.29990449848261,0.248773177437874,0.441743047609142,1.55486516767408,0.0296915953357227,0.429691595335723
cur_sna_05m_20200303,KP0134_HU_SB05,109,61.7988801361288,1.51171198051885,0.035619136119953,0.256684425005327,1.33321616444805,0.021112689391112,0.421112689391112
cur_sna_05m_20200303,KP0135_HU_SB05,681,57.7996466977931,1.08700583421733,0.00172026784591973,0.524843543269616,1.50920199563579,0.0342872328441559,0.434287232844156
cur_sna_05m_20200303,KP0137_HU_SB05,250,89.5695598445532,1.74370603779214,0.137256789020722,0.346342515159476,1.43270180189169,0.0224786843407761,0.422478684340776
cur_sna_05m_20200303,KP0138_HU_SB05,45,90.7100070162874,1.13893793746125,0,0.297248251680444,1.49167937824869,0.00927394618601341,0.409273946186013
cur_sna_05m_20200303,KP0139_HU_SB05,107,93.7813435268928,1,0.0501776311422221,0.232146830118367,1.26155850185159,0.013775104479925,0.413775104479925
cur_sna_05m_20200303,KP0140_HU_SB05,199,75.2508631009802,1.01706643947461,0.0791820876007976,0.188067563373692,1.27827515502326,0.0168797033019058,0.416879703301906
cur_sna_10m_20200303,KP0051_AC_SB10,5485,51.15471804684,1.15349261160733,0.622379883353706,0.601393903671186,2.35466516206786,0.0970400241835623,0.497040024183562
cur_sna_10m_20200303,KP0052_AC_SB10,3323,62.6991108103605,1.16614640159875,0.842979361185828,0.539779448764221,2.44212930663255,0.0826965500222829,0.482696550022283
cur_sna_10m_20200303,KP0053_AC_SB10,475,115.815045091024,1.90070743031617,0,0.556718634444033,2.24573220450796,0.0398597047632034,0.439859704763203
cur_sna_10m_20200303,KP0054_AC_SB10,259,121.594419891199,2.00144193627234,0.0319895980079206,0.629666786222775,2.06196482099356,0.0335640810001562,0.433564081000156
cur_sna_10m_20200303,KP0056_AC_SB10,179,105.762988919116,1.19504417164183,0.0816982928314811,0.511525373552634,2.12868860082223,0.0211395489063828,0.421139548906383
cur_sna_10m_20200303,KP0057_AC_SB10,2790,24.7723049931312,1.72907256584976,0.00396003559781141,0.465356231234005,2.03525944313362,0.0665678928339736,0.466567892833974
cur_sna_10m_20200303,KP0058_AC_SB10,3560,33.5337648379025,1.37518955488565,0.0510863785448896,0.523269312544843,2.24967185065889,0.0712486962387588,0.471248696238759
cur_sna_10m_20200303,KP0059_AC_SB10,195,80.1843100810545,2.1748976545106,0.00569340638697489,0.405071558724015,2.01344470859967,0.0248083345891129,0.424808334589113
cur_sna_10m_20200303,KP0061_AC_SB10,5657,115.240836053554,2.01979986390761,0,0.66401434304461,2.0152083740657,0.116094444427702,0.516094444427702
cur_sna_10m_20200303,KP0062_AC_SB10,3337,37.3700770025051,1.8118576580733,0.0264482246173418,0.57757316490152,2.00736347681209,0.0733282253916589,0.473328225391659
cur_sna_10m_20200303,KP0064_AC_SB10,2784,76.2115586571663,1.92480483028961,0.00629604830898484,0.562838751891271,2.27589650949588,0.0635551496122783,0.463555149612278
cur_sna_10m_20200303,KP0065_AC_SB10,759,116.478212095436,1.4574304105238,0,0.652942121249798,2.44219953242013,0.0394229143205572,0.439422914320557
cur_sna_10m_20200303,KP0066_AC_SB10,4478,25.8122603565501,1.13735364756588,0.911393803918465,0.511878310408597,2.53733609812309,0.0884183492607927,0.488418349260793
cur_sna_10m_20200303,KP0067_LM_SB10,1554,90.5087268904265,1.1987314594935,0.0640823979673082,0.579926876523554,2.53812410257372,0.0606192720607132,0.460619272060713
cur_sna_10m_20200303,KP0068_AC_SB10,1339,20.5614087577948,1.28841694625686,0,0.540144491666049,2.37389589973064,0.0400966061198828,0.440096606119883
cur_sna_10m_20200303,KP0069_AC_SB10,40252,45.7268284638287,1.50034619954874,0.00843785733161025,0.59253277481512,2.4182975175281,0.214680306674052,0.614680306674052
cur_sna_10m_20200303,KP0070_AC_SB10,2612,106.271039709549,1.04144376198727,0.897615173367453,0.539892256094778,2.30780955188888,0.0874693749126444,0.487469374912644
cur_sna_10m_20200303,KP0071_AC_SB10,1636,119.38673021152,1.04819226783212,0.750446864261596,0.535697170693126,2.28644258297373,0.0705623331411311,0.470562333141131
cur_sna_10m_20200303,KP0072_AC_SB10,1306,134.321711291945,1.49068073893539,0.0807513750521532,0.523104663507864,2.21960226998898,0.0386944658270037,0.438694465827004
cur_sna_10m_20200303,KP0073_HU_SB10,161,36.8872934257864,1.17288731637777,0,0.561114698732203,2.06838094502595,0.020375635958624,0.420375635958624
cur_sna_10m_20200303,KP0074_AC_SB10,1022,62.5478083557358,1.65152456040823,0,0.453076246762469,2.42474359819963,0.0468783993864315,0.446878399386432
cur_sna_10m_20200303,KP0076_AC_SB10,1211,27.6152989480116,1.06768469049142,0.23987304267009,0.365765792112904,2.15346703945281,0.0545157587483161,0.454515758748316
cur_sna_10m_20200303,KP0077_AC_SB10,541,116.810799669288,1,0.298597544674471,0.398182231516686,2.31161745654776,0.0415011799466035,0.441501179946604
cur_sna_10m_20200303,KP0078_AC_SB10,584,127.906945252564,1.52180585388412,0.802511709755424,0.490279552668242,2.36954413693708,0.0297510496905675,0.429751049690568
cur_sna_10m_20200303,KP0079_LM_SB10,716,100.173757280259,1.46980498293109,0.741236470621738,0.504363940825273,2.39966860146558,0.041936735037976,0.441936735037976
cur_sna_10m_20200303,KP0082_AC_SB10,5741,14.122466384834,2.06792273892501,0,0.426652786040648,2.39635403936153,0.0947232339783503,0.49472323397835
cur_sna_10m_20200303,KP0083_AC_SB10,5862,18.5003487156061,1.65986480480467,0.0358976478730113,0.506349831975101,2.34958993358124,0.0988168602723419,0.498816860272342
cur_sna_10m_20200303,KP0084_AC_SB10,384,24.8522490567355,1.21228044042719,0.569692368048176,0.429247190911654,2.21989952074843,0.0306516620204011,0.430651662020401
cur_sna_10m_20200303,KP0085_AC_SB10,1384,16.0571411205856,1.30671552294737,1.01028544330738,0.468626787717595,2.419317248802,0.0579210605104363,0.457921060510436
cur_sna_10m_20200303,KP0086_LM_SB10,4794,38.5081746506816,1.6548609691965,1.0332796125014,0.447519692130161,2.4797570309213,0.095980104645279,0.495980104645279
cur_sna_10m_20200303,KP0087_AC_SB10,1462,32.29728935975,1.61418037664976,0.0330696470399355,0.429042395356351,2.31369813271492,0.0526597124993804,0.45265971249938
cur_sna_10m_20200303,KP0088_AC_SB10,5483,79.9308119859077,1.98258125707152,0.0448028379215268,0.46741772065973,2.30766590096885,0.113177289748307,0.513177289748307
cur_sna_10m_20200303,KP0089_AC_SB10,5868,5.92498243152572,1.22282188093467,0.677054952080346,0.479507929794942,2.19445062865748,0.0833580039465061,0.483358003946506
cur_sna_10m_20200303,KP0090_AC_SB10,354,5.79866331826395,1.629156568172,0,0.584304716009955,2.35027161915875,0.0306572334410479,0.430657233441048
cur_sna_10m_20200303,KP0091_HU_SB10,178,26.7718363097866,1.12735064924381,0.769000698720664,0.456645572238855,2.26992505507183,0.0191800673620925,0.419180067362093
cur_sna_10m_20200303,KP0092_HU_SB10,304,89.8963356264437,1.17777710667544,0.420895644438937,0.484227581592001,2.33792750016804,0.0247892915291242,0.424789291529124
cur_sna_10m_20200303,KP0093_HU_SB10,314,53.6186055542662,1.19126964592615,0.882609295507251,0.469347583126788,2.40257568001721,0.0245609857138154,0.424560985713815
cur_sna_10m_20200303,KP0094_HU_SB10,674,49.0235374671924,1.00796278296063,0.325246151376033,0.478715997879583,2.42805557449506,0.0386924111681021,0.438692411168102
cur_sna_10m_20200303,KP0095_AC_SB10,378,34.0276892233872,1.19720251042521,0.552223095944072,0.467644600548162,2.50507036486424,0.0301805702663197,0.43018057026632
cur_sna_10m_20200303,KP0098_AC_SB10,635,32.7415214734021,1.2521790757713,0.238837372028428,0.52706294003636,2.32202470941337,0.0397050849961681,0.439705084996168
cur_sna_10m_20200303,KP0099_AC_SB10,161,67.295235089095,1,0.558508896502211,0.399020011901929,2.07293950008129,0.0179432884644618,0.417943288464462
cur_sna_10m_20200303,KP0100_AC_SB10,630,111.874277882147,1.88866395883111,0,0.648090922909413,2.26035079552342,0.0280643832806257,0.428064383280626
cur_sna_10m_20200303,KP0101_AC_SB10,3022,98.9510516924407,1.76446452311938,0,0.811662199905486,1.89390993382226,0.0839247446824599,0.48392474468246
cur_sna_10m_20200303,KP0102_AC_SB10,15036,121.750995127557,1.64565580500673,0,0.71862825760386,2.12890744053266,0.149905733022627,0.549905733022627
cur_sna_10m_20200303,KP0103_AC_SB10,1325,99.9853953131115,1.87469878080312,0.43298585859493,0.643293753839284,2.40783234858843,0.0479367115262221,0.447936711526222
cur_sna_10m_20200303,KP0104_AC_SB10,1774,115.835219243444,2.1931093814884,0,0.783879024557196,2.27668596925912,0.0605661523691124,0.460566152369112
cur_sna_10m_20200303,KP0105_AC_SB10,950,70.6003553954367,1.08552133768575,0.0182925519274079,0.735805078237249,2.22351618766567,0.0383247666998596,0.43832476669986
cur_sna_10m_20200303,KP0107_AC_SB10,4006,58.1705474688976,1.27451182748077,0.0102552404367011,0.536626922420307,2.13225944403018,0.0816433812355797,0.48164338123558
cur_sna_10m_20200303,KP0108_AC_SB10,1579,26.2283550380578,1.76564698917188,0.292521935157443,0.497550308757157,2.42387396026103,0.0510930483544478,0.451093048354448
cur_sna_10m_20200303,KP0109_LM_SB10,4067,24.64457227095,1.36419172220937,0.810176627428064,0.482483990563639,2.01495922519932,0.0874533530002641,0.487453353000264
cur_sna_10m_20200303,KP0112_AC_SB10,1254,42.4417487803469,1.54612163371906,0.241020728804733,0.509048651118803,2.19662763167998,0.0427570965532126,0.442757096553213
cur_sna_10m_20200303,KP0113_LM_SB10,4112,74.256528130954,1.01614572051099,0.125550705160566,0.549749933368349,1.87037661689733,0.0859988469428832,0.485998846942883
cur_sna_10m_20200303,KP0116_AC_SB10,3076,127.862179178391,2.21078260522122,0,0.435910123425009,1.47631154833743,0.08081345909715,0.48081345909715
cur_sna_10m_20200303,KP0117_AC_SB10,1753,42.0766720076199,1.23752032190343,0.309506039240558,0.587242024566678,2.06322525514047,0.0548210941823312,0.454821094182331
cur_sna_10m_20200303,KP0119_AC_SB10,6341,20.2510084746883,1.0360905228743,0.0105115212873381,0.495855316562854,2.07724022913911,0.128527709493102,0.528527709493102
cur_sna_10m_20200303,KP0121_AC_SB10,702,109.694780797784,2.1152575413534,0,0.613517828154309,1.86734319603791,0.0388670154171582,0.438867015417158
cur_sna_10m_20200303,KP0122_AC_SB10,1499,95.8960577972781,2.22295108567038,0.253593897929945,0.460456455220359,2.03907527171738,0.0508578531754193,0.450857853175419
cur_sna_10m_20200303,KP0123_AC_SB10,10086,8.57367234720223,2.04121971228397,0,0.782193260896143,2.25449744743331,0.122440300421461,0.522440300421461
cur_sna_10m_20200303,KP0124_AC_SB10,1852,122.110953940189,1.72863257297917,0,0.666385964085112,1.94987278096538,0.0674411394664847,0.467441139466485
cur_sna_10m_20200303,KP0125_AC_SB10,610,35.6434402169473,1.7641193061652,0,0.4942769438855,1.88456203647794,0.0300573159830444,0.430057315983044
cur_sna_10m_20200303,KP0126_AC_SB10,7645,24.5617936951972,1.64182650187126,0,0.526350601434276,1.91452061729114,0.150143223084335,0.550143223084335
cur_sna_10m_20200303,KP0127_AC_SB10,5553,5.3993901223919,1.54473475800717,0,0.673334528741639,2.07629141355442,0.105998217192454,0.505998217192454
cur_sna_10m_20200303,KP0128_LM_SB10,274,42.5743587345511,1.28584105191458,0.221695979870392,0.47597135908051,2.09227131798952,0.0273740817978443,0.427374081797844
cur_sna_10m_20200303,KP0129_AC_SB10,1657,70.1239442495592,1.47536072971075,0,0.527929099845932,1.74482669665166,0.0472520833673937,0.447252083367394
cur_sna_20m_20200303,KP0613_LM_SB20,15916,40.6883018020502,1.35723911770871,0.00924089615940748,0.493856368168212,2.94300976645023,0.154201695839335,0.554201695839335
cur_sna_20m_20200303,KP0614_LM_SB20,7913,132.971702011166,1.16540582979784,0.558514118820362,0.387430516381221,2.52874038556879,0.112856414699897,0.512856414699897
cur_sna_20m_20200303,KP0615_AC_SB20,224,12.1661557703933,1.14132035765896,0,0.4840453548505,3.12293253207317,0.0215295489753207,0.421529548975321
cur_sna_20m_20200303,KP0616_LM_SB20,3749,15.1094427755164,1.13337523624619,0.873142491673367,0.309862355948394,1.96303116627599,0.0763780220169869,0.476378022016987
cur_sna_20m_20200303,KP0617_LM_SB20,19935,133.139217200759,1.11341138420358,0.00192125183614764,0.457670981454779,2.98866147798543,0.178762501868818,0.578762501868818
cur_sna_20m_20200303,KP0618_LM_SB20,7488,117.271453136498,1.12627046133051,0.355156770667409,0.547985055486559,2.59691070182382,0.109613358819656,0.509613358819656
cur_sna_20m_20200303,KP0619_AC_SB20,2118,41.1331468608683,1.83633101611471,0,0.519126032928885,3.49163423477083,0.0605144024652342,0.460514402465234
cur_sna_20m_20200303,KP0620_LM_SB20,10419,29.4662546132788,1.06242803713722,0.91647227421297,0.449639525484613,2.74552945574149,0.135146664349424,0.535146664349424
cur_sna_20m_20200303,KP0621_LM_SB20,7427,125.331955845782,1.17820408583853,0.450968425216854,0.46961788005835,2.84850299896842,0.108263712421996,0.508263712421996
cur_sna_20m_20200303,KP0623_LM_SB20,29813,125.492472743654,1.19703689710696,0.211840152254816,0.330482752789348,2.63994549546155,0.213581604562381,0.613581604562381
cur_sna_20m_20200303,KP0624_AC_SB20,15886,21.5146260458621,1,0.251101865456167,0.642576981284679,2.40564838318455,0.160092670211606,0.560092670211606
cur_sna_20m_20200303,KP0626_AC_SB20,8639,20.1664463429136,1.06351704260978,0.0157489114323591,0.614751586049477,2.7255482910375,0.120536559635836,0.520536559635836
cur_sna_20m_20200303,KP0628_AC_SB20,1067,41.023347249979,1.01351920909424,0.104089999587307,0.548112451358443,2.54131859501036,0.0483967636181789,0.448396763618179
cur_sna_20m_20200303,KP0629_LM_SB20,5092,50.8185919790023,1.30190383005161,0.781554592236089,0.497300350609131,3.54147303069045,0.0976343878759851,0.497634387875985
cur_sna_20m_20200303,KP0630_AC_SB20,268,111.426461108064,1.19864410227612,1.23231221357975,0.522204483654878,2.39420960169402,0.0261170525739517,0.426117052573952
cur_sna_20m_20200303,KP0631_LM_SB20,11054,4.43147743635988,1.31649276447691,1.03073618638454,0.434928410003789,2.31083635664669,0.144613230394736,0.544613230394736
cur_sna_20m_20200303,KP0632_AC_SB20,98,25.4576638649875,1.93984135744741,0,0.610416863404411,2.86670612998057,0.015874228650017,0.415874228650017
cur_sna_20m_20200303,KP0633_AC_SB20,8023,48.099882433103,1.14240785956013,0.208402131836951,0.534927481930772,3.2654362525107,0.116010230292952,0.516010230292952
cur_sna_20m_20200303,KP0635_AC_SB20,3916,74.5005042350244,2.01088892137921,0,0.558188429398614,3.09556693414292,0.0810329209887954,0.481032920988795
cur_sna_20m_20200303,KP0636_AC_SB20,1609,93.8868467560144,2.05849997008801,0,0.663180013300027,2.27677784808734,0.0589430362240373,0.458943036224037
cur_sna_20m_20200303,KP0637_LM_SB20,18362,128.05742596838,1.15597602224043,0.402678778282748,0.472569837088932,2.97852468533182,0.148324258112299,0.548324258112299
cur_sna_20m_20200303,KP0638_AC_SB20,9667,19.1148990962969,1.41546594613529,0.000725957600351742,0.516517446149964,2.56346821069525,0.126373101128562,0.526373101128562
cur_sna_20m_20200303,KP0639_LM_SB20,53409,125.780716499822,1.10412340045305,0.719868569127666,0.436704669400695,2.92835575719287,0.292263625983635,0.692263625983635
cur_sna_20m_20200303,KP0640_AC_SB20,13706,38.7143997676958,1.39848117465226,0.0836149942266897,0.380041443581896,2.41037539271866,0.129908484248708,0.529908484248708
cur_sna_20m_20200303,KP0641_LM_SB20,5129,121.310975566858,1.12555078957513,0.132324462437011,0.494626239607822,2.73041539585204,0.093021801403133,0.493021801403133
cur_sna_20m_20200303,KP0642_AC_SB20,480,109.17899343558,1.63727799277339,0,0.537155232695736,2.30720913792684,0.0356886918379914,0.435688691837991
cur_sna_20m_20200303,KP0643_AC_SB20,4811,31.6408311386091,1.17998890616544,0.00803208602186009,0.523847649384677,2.56841681622586,0.0768740787951791,0.476874078795179
cur_sna_20m_20200303,KP0644_AC_SB20,2541,40.3855922460732,1.38948963913403,0.130783743572662,0.604485834488356,2.85972353418092,0.0665409883082743,0.466540988308274
cur_sna_20m_20200303,KP0646_AC_SB20,786,51.2417854248307,1.7916498011361,0,0.717351881050232,2.40382621171699,0.041002716627395,0.441002716627395
cur_sna_20m_20200303,KP0647_AC_SB20,1630,114.336049364104,1.22679302306613,0,0.549427197402761,2.66728694513295,0.0780998921684012,0.478099892168401
cur_sna_20m_20200303,KP0648_AC_SB20,2836,93.3054147216292,2.01819257302764,0.138322676994571,0.630772852956852,3.33249854681657,0.0563849821648278,0.456384982164828
cur_sna_20m_20200303,KP0649_AC_SB20,6504,24.2017214687049,1.14125550232295,0.12754455866102,0.423949603371842,2.9537373726051,0.107216377933339,0.507216377933339
cur_sna_20m_20200303,KP0650_LM_SB20,21943,102.717729644209,1.68678413095151,0,0.707480521419004,2.40656542892359,0.155167490525485,0.555167490525485
cur_sna_20m_20200303,KP0651_AC_SB20,785,22.7003242010348,1.00517014579365,0.323011760976634,0.513281267202632,3.28490140134007,0.0439368615504439,0.443936861550444
cur_sna_20m_20200303,KP0652_AC_SB20,895,52.217848836764,1,1.10564386407998,0.633096098624076,2.30018269320146,0.0383683128288038,0.438368312828804
cur_sna_20m_20200303,KP0654_AC_SB20,11624,17.6457165006251,1.54893064660338,0.000883358908270504,0.662917375322695,2.5004719200774,0.115891396045353,0.515891396045353
cur_sna_20m_20200303,KP0655_LM_SB20,31693,124.306332979206,1.14208461440084,0.330606907857721,0.519676533770777,3.26688876753961,0.209620877582464,0.609620877582464
cur_sna_20m_20200303,KP0656_AC_SB20,6105,94.027319390948,1.16631770339059,0,0.695190282104726,2.3020045233496,0.0945646352585211,0.494564635258521
cur_sna_20m_20200303,KP0657_LM_SB20,3818,38.7271897284306,1.06976946125145,0.926017851451356,0.402257202330686,1.90210742436411,0.0934923073598554,0.493492307359855
cur_sna_20m_20200303,KP0658_AC_SB20,4908,19.2719389534205,1,4.67491398222356e-07,0.600671079600062,2.39308866973229,0.0698245191015562,0.469824519101556
cur_sna_20m_20200303,KP0659_LM_SB20,305,48.431570812867,1.10985626681156,0.811145081777707,0.494696716842831,2.1923536616816,0.0248594357572844,0.424859435757284
cur_sna_20m_20200303,KP0660_AC_SB20,258,116.668382649752,1.24963759695327,0,0.543911469090524,2.24090268953589,0.0261578505779264,0.426157850577926
cur_sna_20m_20200303,KP0661_AC_SB20,182,56.4984419286981,1.60848906859829,0,0.499175520876169,2.30407528515542,0.022513050255563,0.422513050255563
cur_sna_20m_20200303,KP0662_AC_SB20,10679,37.988656157367,1.11522155015756,0.205577486380739,0.519309916920339,2.1889649915824,0.107260214202166,0.507260214202166
cur_sna_20m_20200303,KP0663_AC_SB20,14090,22.8769905971946,1.07781127693551,0.0214787604853557,0.670248559369409,3.02670798378578,0.170630569123928,0.570630569123928
cur_sna_20m_20200303,KP0664_LM_SB20,14663,131.361974380395,1.20700641623316,0.0604795234100626,0.457440055074763,2.36834973221492,0.160329113946751,0.560329113946751
cur_sna_20m_20200303,KP0665_AC_SB20,5962,11.3342276357712,1.14438190787477,0,0.576099512526145,2.95455004338567,0.106708495213001,0.506708495213001
cur_sna_20m_20200303,KP0666_LM_SB20,26362,20.828313258865,1.23932818591862,0,0.425607692762273,2.32382496271759,0.213111276989666,0.613111276989666
cur_sna_20m_20200303,KP0668_AC_SB20,3769,35.7984755969504,1.38322684482149,0.00410014456049955,0.402738241579602,2.30482994561219,0.0936591473486649,0.493659147348665
cur_sna_20m_20200303,KP0670_LM_SB20,645,120.263359332701,1.0353464318698,0.123435371743494,0.387133663295794,2.20981479294956,0.0416950297798936,0.441695029779894
cur_sna_20m_20200303,KP0672_AC_SB20,1938,12.5700445818966,1.04679607224471,0.0147770650721001,0.466929595838848,2.55081944477971,0.0614314229097132,0.461431422909713
cur_sna_20m_20200303,KP0674_AC_SB20,5907,24.1903455885962,1.38448952700293,0.00014792835630941,0.439234880880066,2.73295717677049,0.101963719867564,0.501963719867564
cur_sna_20m_20200303,KP0676_LM_SB20,37912,37.7218820452155,1.18680651126162,0.0687001927499354,0.502823390625258,3.50895206241748,0.229061011477566,0.629061011477566
cur_kal_20m_20200214,KP0287_LM_WP20,8402,112.597719307181,1,0.566860481293913,0.403926512773047,2.09225524607555,0.16147725955473,0.56147725955473
cur_kal_20m_20200214,KP0288_LM_WP20,17958,44.6370150415372,1.48606751543975,0.656173612792108,0.457540409634995,2.09803816822739,0.192994662790927,0.592994662790927
cur_kal_20m_20200214,KP0289_AC_WP20,3128,24.1235795558291,1.53890147569473,0.0772284919415695,0.444273029705847,2.16957354391806,0.0852491260060331,0.485249126006033
cur_kal_20m_20200214,KP0290_LM_WP20,4281,22.6128274550243,1.17568095973284,0,0.491690670592761,1.79517648923862,0.101559936085917,0.501559936085917
cur_kal_20m_20200214,KP0291_AC_WP20,537,77.945057390582,1.23783669041666,0.947608713728773,0.457435830105021,2.22587262794846,0.0364302476142874,0.436430247614287
cur_kal_20m_20200214,KP0292_AC_WP20,1010,106.701477984907,2.26158753806338,0,0.763927236734438,1.53106539362771,0.042026475205119,0.442026475205119
cur_kal_20m_20200214,KP0293_LM_WP20,25133,121.853771603377,1.20201688289859,0.0117489618628843,0.460273768872876,1.83139776095712,0.201365218124513,0.601365218124513
cur_kal_20m_20200214,KP0294_AC_WP20,1848,81.0319085933895,1.05792417675786,0.632429390345153,0.48225084490295,2.35474589997875,0.0720926620938395,0.472092662093839
cur_kal_20m_20200214,KP0295_AC_WP20,12045,40.7572121381469,1.37624427567556,0.0195356734789005,0.651745466506972,1.91367893310754,0.139251631096156,0.539251631096156
cur_kal_20m_20200214,KP0296_AC_WP20,429,38.8415704724233,1.81103850560152,0,0.517965142141526,1.66164611075155,0.0273848674704058,0.427384867470406
cur_kal_20m_20200214,KP0297_AC_WP20,405,60.3371029766769,1.3379896812218,0.00279003371719633,0.501643081221491,1.80775958108211,0.034853831416438,0.434853831416438
cur_kal_20m_20200214,KP0298_AC_WP20,1031,20.2232300692036,1.01754283337646,0.115415446595303,0.369667503456323,2.41200591733145,0.0543894677393032,0.454389467739303
cur_kal_20m_20200214,KP0299_AC_WP20,905,64.646524935334,1.32877997163946,0,0.492723038880905,1.9374284530776,0.0390845956882409,0.439084595688241
cur_kal_20m_20200214,KP0300_AC_WP20,1254,92.8637443276535,1.15735376675096,0.255376064983837,0.527310003428615,2.32891650428599,0.0401448475317933,0.440144847531793
cur_kal_20m_20200214,KP0301_AC_WP20,408,64.7475916738264,1.46219956832773,0,0.434535920529842,2.26934395409814,0.0344389417415196,0.43443894174152
cur_kal_20m_20200214,KP0302_AC_WP20,374,38.0856889991959,1,0.312271099865154,0.338583726450574,2.43177915594332,0.0275374881954929,0.427537488195493
cur_kal_20m_20200214,KP0303_AC_WP20,1887,105.785102477478,1.39898397541903,0,0.458557641692052,2.41807101211368,0.0576141964184626,0.457614196418463
cur_kal_20m_20200214,KP0304_AC_WP20,10534,91.757259091563,1.0372127417423,0,0.409038722929547,2.29061837461171,0.11715713901891,0.51715713901891
cur_kal_20m_20200214,KP0305_AC_WP20,3807,86.805889637465,1.51199550914992,0,0.842411961520571,1.81466235444415,0.0908418021025343,0.490841802102534
cur_kal_20m_20200214,KP0306_LM_WP20,2937,26.3291553410964,1.06708630484667,0.219738278993078,0.45067428617987,1.46465984063748,0.0925640741398435,0.492564074139844
cur_kal_20m_20200214,KP0309_AC_WP20,2042,85.3748418960978,1.20487148100872,0.236295778905605,0.637943749223262,2.36234038872604,0.0743524461033369,0.474352446103337
cur_kal_20m_20200214,KP0310_AC_WP20,10787,70.7955880098229,1.52284459141056,0,0.83266291783886,2.2246751147928,0.145466262138857,0.545466262138857
cur_kal_20m_20200214,KP0311_AC_WP20,504,40.8199714364031,1.23572617501671,0,0.746314572684192,2.52686036411382,0.0363756140586819,0.436375614058682
cur_kal_20m_20200214,KP0312_AC_WP20,359,104.584733250559,1.72812910540794,0,0.779479543042236,2.57561152437287,0.0324762056463965,0.432476205646396
cur_kal_20m_20200214,KP0313_AC_WP20,1515,97.0227262551524,1,0,0.771394747706278,2.09492314487522,0.0603915208003086,0.460391520800309
cur_kal_20m_20200214,KP0315_AC_WP20,1467,69.8479899338787,1.7649253431056,0,0.616132635631992,2.27478461037127,0.048023661107018,0.448023661107018
cur_kal_20m_20200214,KP0316_AC_WP20,111,33.6143457851318,1.2191710559775,0,0.564889744665602,2.28007988743872,0.0165416222618159,0.416541622261816
cur_kal_20m_20200214,KP0317_AC_WP20,269,117.156674183392,1.67250700045318,0.0154381257372838,0.496298679249161,2.36923661478675,0.0287400809817318,0.428740080981732
cur_kal_20m_20200214,KP0318_LM_WP20,661,49.0515271041227,1.18692642059947,0.00801095635015599,0.41333685210763,1.75752128193038,0.0401680771034605,0.440168077103461
cur_kal_20m_20200214,KP0319_LM_WP20,3417,51.7493703140257,1,0.951595042908881,0.219329763057163,1.5900859822425,0.0822077229750817,0.482207722975082
cur_kal_20m_20200214,KP0320_LM_WP20,7582,24.6334934400562,1,0.950474472408921,0.175118952114912,1.77433359243522,0.145911220409756,0.545911220409756
cur_kal_20m_20200214,KP0321_LM_WP20,938,53.8225289197945,1.10637607734895,0.0735897223331603,0.537680269716399,2.04781381652825,0.0489517787330366,0.448951778733037
cur_kal_20m_20200214,KP0322_LM_WP20,40636,28.4156334918372,1.15824649140526,0.808197557451913,0.396715323711374,2.05843278097067,0.301774182405638,0.701774182405638
cur_kal_20m_20200214,KP0323_AC_WP20,51,98.6982815896888,1.1637691345727,0,0.8420970523866,2.48547312174881,0.0150713193914403,0.41507131939144
cur_kal_20m_20200214,KP0324_AC_WP20,4196,76.5723373430952,1.25527890983462,0,0.760877654740923,2.42185349512218,0.08469531546854,0.48469531546854
cur_kal_20m_20200214,KP0325_AC_WP20,1526,58.4460627136192,1.15675496863299,0.00721370939830319,0.626162077123618,2.31327873572682,0.0470997679024145,0.447099767902415
cur_kal_20m_20200214,KP0326_AC_WP20,2733,45.4940127415097,1,0,0.716298770971405,2.036874595312,0.0709912236846011,0.470991223684601
cur_kal_20m_20200214,KP0327_AC_WP20,4668,76.1831849567102,1.5139783689646,0.475291503836176,0.580357154285846,2.42982292895026,0.0961915628168582,0.496191562816858
cur_kal_20m_20200214,KP0328_LM_WP20,2580,40.2322426896391,1.09513160223439,0.0349052311295155,0.526844864571467,2.26349212514024,0.0657652945482771,0.465765294548277
cur_kal_20m_20200214,KP0329_AC_WP20,5517,51.4573910568848,1.12665249758171,0.095082820743553,0.555879486168201,2.21567202415125,0.0967450335564861,0.496745033556486
cur_kal_20m_20200214,KP0330_LM_WP20,10801,23.6182461620162,1.30401597818888,0.0291871108746507,0.592520459941864,2.10660338535737,0.129048612597456,0.529048612597456
cur_kal_20m_20200214,KP0331_AC_WP20,3887,15.4165618050556,1,0.284793233688378,0.528345691702699,1.99175929707937,0.0842257094254998,0.4842257094255
cur_kal_20m_20200214,KP0332_AC_WP20,3836,77.1231956420107,1.38925998185844,0,0.657122162931347,2.06228044475272,0.0685061050967132,0.468506105096713
cur_kal_20m_20200214,KP0333_AC_WP20,269,55.1612546632866,1.62055338515215,0,0.661457578151815,1.98584295045413,0.0247740875215392,0.424774087521539
cur_kal_20m_20200214,KP0334_AC_WP20,2638,91.1301449992199,1.08231985826603,0.591314210010015,0.601957888428939,1.72554968126704,0.0599323066736426,0.459932306673643
cur_kal_20m_20200214,KP0335_AC_WP20,692,78.6991865863338,2.13023024540138,0,0.841335003738333,1.63036325723504,0.0433111542729752,0.443311154272975
cur_kal_20m_20200214,KP0336_AC_WP20,1282,20.8238011584986,1.36617589521636,0,0.843119614062833,1.78387027737163,0.048816624766846,0.448816624766846
cur_kal_20m_20200214,KP0337_AC_WP20,1317,121.957426587501,1.35980028863219,0,0.820061692170376,1.86199651329511,0.0435374882808348,0.443537488280835
cur_kal_20m_20200214,KP0338_AC_WP20,6595,80.4738886085695,1.43792841615045,0,0.767150183958775,1.75692157960337,0.156696481860223,0.556696481860223
cur_kal_20m_20200214,KP0339_AC_WP20,339,74.2374835604118,1.61744949229668,0.206105749119244,0.542086805504961,2.01787891570017,0.0269085446457159,0.426908544645716
cur_kal_20m_20200214,KP0340_AC_WP20,7433,31.3596615062458,1.2407447434303,0.0465396707272767,0.570577148548727,1.99115816350408,0.157455789166433,0.557455789166433
cur_kal_20m_20200214,KP0341_LM_WP20,5321,64.9870433483492,1,0.715916202792216,0.382558050862988,1.69095105449088,0.114100816809471,0.514100816809471
cur_kal_20m_20200214,KP0342_LM_WP20,24461,73.8022025336355,1.07997371571047,0.31358994209246,0.405695067760331,2.08235508345168,0.239162946233837,0.639162946233837
cur_kal_20m_20200214,KP0343_LM_WP20,5373,34.1812781207448,1.19174420839604,0.334594959029384,0.404828242025642,1.93924203167464,0.108261889231107,0.508261889231107
cur_kal_20m_20200214,KP0344_LM_WP20,48265,38.997853528517,1.27033694512961,0.00631136356557828,0.567771103736234,1.86925261652918,0.27049294753679,0.67049294753679
cur_kal_20m_20200214,KP0345_LM_WP20,23718,83.9464359720771,1.55124660148279,0.00255597449848479,0.375983424311564,2.12849608719886,0.199093188452816,0.599093188452816
cur_kal_20m_20200214,KP0346_AC_WP20,2434,128.138429139187,2.12330063948358,0.000347775015569673,0.503747720652486,1.84232518934655,0.0686711356479622,0.468671135647962
cur_kal_20m_20200214,KP0347_AC_WP20,5399,51.4299650985013,1.04424243160433,0.0240307555231707,0.575219077427751,1.67230417120634,0.125019597756518,0.525019597756518
cur_kal_20m_20200214,KP0348_LM_WP20,29970,60.4021925232574,1.26526257262779,0.0734435748111461,0.494340256922796,1.81248491083845,0.236628159886535,0.636628159886535
cur_kal_20m_20200214,KP0349_LM_WP20,48636,37.1943969343895,1.43185055223354,0.00924839347197567,0.501168719868005,1.97222221444833,0.273026253546443,0.673026253546443
cur_kal_20m_20200214,KP0350_LM_WP20,90064,55.8059035561568,1.21899834249593,0.162408041568416,0.385548627184049,1.91424871689436,0.382630162250117,0.782630162250117
cur_kal_20m_20200214,KP0351_AC_WP20,2322,87.4531439801029,2.35081203071597,0,0.642130154701687,2.22219886861182,0.0712840245792073,0.471284024579207
cur_kal_20m_20200214,KP0352_AC_WP20,10435,87.4370012864824,2.06964203802477,0,0.650411596743236,2.32628707048427,0.111048710378034,0.511048710378034
cur_kal_20m_20200214,KP0353_AC_WP20,9399,81.3776800231171,2.13007559723211,0,0.558077739248227,2.21290143594123,0.142079368242013,0.542079368242013
cur_kal_20m_20200214,KP0354_AC_WP20,365,36.990207015909,1.38793530847619,0.328385849912905,0.573085118667713,2.40870512803118,0.0309673170881076,0.430967317088108
cur_kal_20m_20200214,KP0355_AC_WP20,3307,103.744515340506,1.42951775002492,0.00140138259862453,0.827353651980992,2.23955421462363,0.0731189318184705,0.473118931818471
cur_kal_20m_20200214,KP0356_AC_WP20,7438,105.325232665743,2.02603341556535,0,0.704194653955241,2.19839072691981,0.119492220454161,0.519492220454161
cur_kal_20m_20200214,KP0357_AC_WP20,2670,57.6621985194071,1.11544708503055,0,0.686052375569739,2.24065029235242,0.0830627957673488,0.483062795767349
cur_kal_20m_20200214,KP0358_AC_WP20,43177,35.2829435617818,1.52319709702529,0.0014438530999717,0.611977766520398,2.40111335089237,0.232544778651194,0.632544778651194
cur_kal_20m_20200214,KP0359_AC_WP20,1053,56.2578999642283,1.6806654356014,0,0.611978954618808,2.66123418818717,0.0551364850426917,0.455136485042692
cur_kal_20m_20200214,KP0360_AC_WP20,953,106.728855906018,1.99794754770856,0,0.65303897362833,2.72786395506366,0.0562950634535167,0.456295063453517
cur_kal_20m_20200214,KP0361_AC_WP20,919,83.629512005738,1.91102374608017,3.98089282304396e-05,0.637401954947718,2.62625831130316,0.0489604266844872,0.448960426684487
cur_kal_20m_20200214,KP0362_AC_WP20,847,75.9787609475964,1.71260074936752,0,0.553757794201398,2.73383103932396,0.0513330620356166,0.451333062035617
cur_kal_20m_20200214,KP0363_AC_WP20,4088,69.1061954873306,1.34640287494174,0.107182926948426,0.481139152546235,2.6403232506609,0.0994603854341272,0.499460385434127
cur_kal_20m_20200214,KP0364_AC_WP20,12163,105.978606899707,1.38222160782684,0.0166094249160867,0.819205897078648,2.18761623239433,0.148569406668713,0.548569406668713
cur_kal_20m_20200214,KP0365_AC_WP20,841,93.62805148057,1.95430572104712,0.149398262745714,0.683518997930537,2.6488385494701,0.0371980584019856,0.437198058401986
cur_kal_20m_20200214,KP0366_AC_WP20,113,122.558032532072,1.35063170825957,0,0.618181832333621,2.65999271206923,0.0197536434718966,0.419753643471897
cur_kal_20m_20200214,KP0367_AC_WP20,1354,83.5137138670376,1.80530265536472,0,0.874417697004185,2.04277897241677,0.05594955299979,0.45594955299979
cur_kal_20m_20200214,KP0368_AC_WP20,926,84.77977797182,2.27958286111051,0,0.581615809395776,2.09761513348835,0.0480048862228062,0.448004886222806
cur_kal_20m_20200214,KP0369_AC_WP20,5984,55.0074765181153,1.21213691337757,0.031729252541711,0.532028873116733,2.36351047699298,0.125566157962089,0.525566157962089
cur_kal_20m_20200214,KP0370_AC_WP20,10546,20.4395103843326,1.74217672210495,0.0734869497621718,0.519221534505352,2.26766000142346,0.11727047619774,0.51727047619774
cur_kal_20m_20200214,KP0371_AC_WP20,359,82.7044482379277,1.72369075555203,0.099154374443984,0.519498621300403,2.53835645866076,0.0336969311295842,0.433696931129584
cur_kal_20m_20200214,KP0372_AC_WP20,20313,99.8047568216319,2.40634423820508,0,0.555572395826952,2.54608621171314,0.163286080881991,0.563286080881991
cur_kal_20m_20200214,KP0373_AC_WP20,794,54.5021963102425,1.31544333467968,0.0965822026216548,0.517635734034712,2.64327540889848,0.0423352169458783,0.442335216945878
cur_kal_20m_20200214,KP0374_AC_WP20,12805,69.7478858468744,1.13801034410604,0.125038148923794,0.45418076199606,2.10410395565975,0.165208639142523,0.565208639142524
cur_kal_20m_20200214,KP0375_LM_WP20,8512,21.9564933192261,1.098506230633,0.455813384000684,0.421712963152426,2.10098727468276,0.135602584281912,0.535602584281912
cur_kal_20m_20200214,KP0376_LM_WP20,8864,29.7657082693042,1.01103027788886,0.0391489391802952,0.322075480920315,2.00579013871444,0.133653429182821,0.533653429182821
cur_kal_20m_20200214,KP0377_LM_WP20,23956,82.7917655793055,1.28133368717928,0,0.512435825973955,2.11068049503797,0.198520415254306,0.598520415254306
cur_kal_20m_20200214,KP0378_AC_WP20,277,48.5365336656367,1,0.0409366438332553,0.71707747534407,1.62094779976673,0.0252667223164071,0.425266722316407
cur_kal_20m_20200214,KP0379_AC_WP20,20,45.1351845620563,1.34924174012446,0,0.505166849840853,1.98623182459461,0.00562171425731001,0.40562171425731
cur_kal_20m_20200214,KP0380_LM_WP20,4204,37.3434140699607,1,0.472872511662049,0.304047542379532,1.87238072836492,0.0889434338116368,0.488943433811637
cur_kal_20m_20200214,KP0381_AC_WP20,5628,78.8604727763105,1,0.268336996182338,0.55020390566005,2.03456800751667,0.123204275695339,0.523204275695339
cur_kal_20m_20200214,KP0382_AC_WP20,510,89.7222813375879,1.03573166654744,0.292504180209658,0.59100779209101,1.93892743835157,0.0410599723615707,0.441059972361571
cur_kal_20m_20200214,KP0383_AC_WP20,2485,107.191351649462,1,0.724618368072919,0.384302995458582,1.95769207137622,0.0920748052989056,0.492074805298906
cur_kal_20m_20200214,KP0384_AC_WP20,16269,47.9542300405356,1,0.383682565420789,0.519739831431262,1.66159955154119,0.208410808239727,0.608410808239727
cur_kal_20m_20200214,KP0385_AC_WP20,7625,51.728655872715,1,0.0358722012321933,0.757254950369171,2.18757969095026,0.159628158447909,0.559628158447909
cur_kal_20m_20200214,KP0386_AC_WP20,179,61.3444209953658,1.38698242314602,0,0.745246415290255,1.89231039260275,0.028911630398148,0.428911630398148
cur_kal_20m_20200214,KP0387_AC_WP20,24,10.0504381656877,2.1735641927673,0,0.796615682789221,1.73121804404439,0.0100443441722942,0.410044344172294
cur_kal_20m_20200214,KP0388_AC_WP20,264,128.032667712162,1,0.366411026991808,0.720840042375608,1.85596933147795,0.0352380707505686,0.435238070750569
cur_kal_20m_20200214,KP0389_AC_WP20,330,19.5182128935362,1,0,0.967049212390097,1.89074564925688,0.0393444641145688,0.439344464114569
cur_kal_20m_20200214,KP0390_AC_WP20,46,73.4812432747277,1.01961490377618,0,0.850721445480493,1.91214765072475,0.0117038480882251,0.411703848088225
cur_kal_20m_20200214,KP0391_LM_WP20,20989,48.0349443027378,1,0.200554890755404,0.468648001836118,1.9511522133812,0.185516806682753,0.585516806682753
cur_kal_20m_20200214,KP0392_AC_WP20,2136,99.3694384978913,1.73266677561486,0.281743547147204,0.588659388606177,1.55221213003622,0.0617205770748686,0.461720577074869
cur_kal_20m_20200214,KP0393_AC_WP20,185,70.7500619815515,1.3731957136358,0.0124850908803492,0.668697106700809,1.67547402551416,0.0220322577673537,0.422032257767354
cur_kal_20m_20200214,KP0394_AC_WP20,1787,21.4887115012305,1.87089387022504,0,0.645339289764954,1.56790469499471,0.0538777937579003,0.4538777937579
cur_kal_20m_20200214,KP0395_AC_WP20,125,129.444330123136,1.62004027389931,0,0.707344582595248,1.48771746295736,0.0197809265436573,0.419780926543657
cur_kal_20m_20200214,KP0396_AC_WP20,204,32.1454018195461,1.49121645198683,0,0.632006040030004,1.61431123677372,0.0201021835652819,0.420102183565282
cur_kal_20m_20200214,KP0397_AC_WP20,303,36.0870068955325,2.47497475666456,0.0196397042024109,0.649831575233693,1.59361216505642,0.0288510715862134,0.428851071586213
cur_kal_20m_20200214,KP0399_LM_WP20,3059,53.0616628593881,1.20860790485603,0.354058456424785,0.295510416656314,1.6589406055771,0.0814678446520867,0.481467844652087
cur_kal_20m_20200214,KP0400_LM_WP20,135060,41.2944736088165,1.30494047791324,0.310903024046972,0.317538647303744,2.27575920849167,0.409959812638713,0.809959812638713
cur_kal_20m_20200214,KP0401_AC_WP20,1882,125.476570131749,1.05095820645285,0.040014435528275,0.496092016464864,2.17413685187373,0.0527827774918175,0.452782777491818
cur_kal_20m_20200214,KP0402_AC_WP20,1079,126.881903874121,1.17892194301508,0.275306684498652,0.474006469432938,1.90292781291088,0.0400096067337958,0.440009606733796
cur_kal_20m_20200214,KP0403_LM_WP20,283,96.85821904385,1.12396506882247,0.326617190459612,0.462878331430779,1.88751760419386,0.0236208012990412,0.423620801299041
cur_kal_20m_20200214,KP0404_AC_WP20,865,14.2266232776104,1.45522744083534,0.157758892448325,0.528117730924384,1.75383030135137,0.0335149140728474,0.433514914072847
cur_kal_20m_20200214,KP0405_AC_WP20,790,83.1998314046202,1.54391353627634,0,0.533612036084809,1.80111721749485,0.0362444005363104,0.43624440053631
cur_kal_20m_20200214,KP0450_AC_WP20,6788,56.7351790249365,1.2708383309996,0.969427704954128,0.480024319485985,1.99744300684682,0.125069273160234,0.525069273160234
cur_kal_20m_20200214,KP0451_LM_WP20,3553,50.5085597540748,1.01937577746067,0.64704546654879,0.461627714182536,1.61792875668636,0.0925282977601568,0.492528297760157
cur_kal_20m_20200214,KP0454_AC_WP20,23738,64.2164156105292,1,0.00178891158370205,0.502680256512093,2.32029515749303,0.160904926851162,0.560904926851162
cur_kal_20m_20200214,KP0455_AC_WP20,37038,72.3017985406327,1.45793488949452,0,0.782166791342412,2.27098224689855,0.202122268090579,0.602122268090579
cur_kal_20m_20200214,KP0456_AC_WP20,6417,114.05861203594,1,0.121183621531013,0.5324189802632,2.71449598121897,0.116972788263338,0.516972788263338
cur_kal_20m_20200214,KP0457_AC_WP20,1133,89.5813939921158,1.37901603500359,0.829390935483229,0.41088318548385,1.95749702267438,0.0612933404749643,0.461293340474964
cur_kal_20m_20200214,KP0458_LM_WP20,10769,18.3779878654683,1.08402388506699,0.233092496067309,0.401567543646948,1.91839195047081,0.148877806961814,0.548877806961814
cur_kal_20m_20200214,KP0459_LM_WP20,13052,33.1122080531585,1,0.405038141588036,0.405655416673302,1.76195718683828,0.160480317403387,0.560480317403387
cur_kal_20m_20200214,KP0460_LM_WP20,19064,126.456499720725,1.22306874404138,0.0847311584188742,0.467047463529448,1.91036137133928,0.183910327173588,0.583910327173588
cur_kal_20m_20200214,KP0461_AC_WP20,437,114.807988577604,1.89486056879389,0.034326523889608,0.602773170594422,1.84520275419973,0.026968434422469,0.426968434422469
cur_kal_20m_20200214,KP0462_AC_WP20,1195,36.0994216840812,1.44185383619291,0.00465764618788799,0.515131927145163,1.86222613872389,0.0617301176862793,0.461730117686279
cur_kal_20m_20200214,KP0463_AC_WP20,1000,42.5870677861034,1.40242483646417,0,0.518225896235829,2.12522573554246,0.0492442831659187,0.449244283165919
cur_kal_20m_20200214,KP0464_AC_WP20,7728,41.5419478637559,1.0080682369558,0.760750819481606,0.496786806241643,2.367667594179,0.121609829475928,0.521609829475928
cur_kal_20m_20200214,KP0465_AC_WP20,2687,44.1125844404526,1.01474264913258,0.454472957562598,0.544527632482525,2.42734847742504,0.0722176493072546,0.472217649307255
cur_kal_20m_20200214,KP0466_AC_WP20,4057,75.2643395740127,1.22913458103368,0.540304524152586,0.51955266667354,2.36263351574176,0.0807073551089349,0.480707355108935
cur_kal_20m_20200214,KP0467_AC_WP20,7400,80.1710489494806,1.6464272606028,0,0.928679935766598,1.98872816858697,0.100126867633971,0.500126867633971
cur_kal_20m_20200214,KP0468_AC_WP20,1960,130.580832687027,1.39265163135208,0.230265646695201,0.730751275392128,1.57974937368557,0.0566221372367891,0.456622137236789
cur_kal_20m_20200214,KP0470_AC_WP20,24166,120.573232309235,1.74819372622492,0.0667762291716494,0.686611484393369,1.83310328319027,0.187083056249001,0.587083056249001
cur_kal_20m_20200214,KP0471_AC_WP20,13093,54.7348389920681,1.30524249048595,0.153292931335098,0.358256238709336,2.31451580840244,0.137093326280485,0.537093326280485
cur_kal_20m_20200214,KP0472_LM_WP20,12530,31.3360033110779,1.29080419386839,0.744357647605224,0.377044173634774,2.30787769650372,0.175828983759839,0.575828983759839
cur_kal_20m_20200214,KP0473_LM_WP20,102,66.0791078357641,1.06001967988649,0.0297761677650961,0.524727472449084,1.09078401274483,0.0188432997298609,0.418843299729861
cur_kal_20m_20200214,KP0474_AC_WP20,29,110.348997481347,1.53578419447152,0.0269249924545374,0.529232975231166,1.39428892606513,0.00940358475422143,0.409403584754221
cur_kal_20m_20200214,KP0475_AC_WP20,1897,94.8776022068886,1,0.283921686094427,0.686484755138459,2.05306403914903,0.0499167747028086,0.449916774702809
cur_kal_20m_20200214,KP0476_AC_WP20,2817,94.9423263090054,1.03396828874629,0,0.626582267633894,2.36609738746679,0.0854828534633917,0.485482853463392
cur_kal_20m_20200214,KP0477_AC_WP20,6651,75.7714505313781,1.51303845351656,0,0.636573919174189,2.25431839135049,0.0842838338812169,0.484283833881217
cur_kal_20m_20200214,KP0478_AC_WP20,662,44.0144970575343,1.61225849364176,0,0.635968131864605,2.51661346314923,0.0392329402823122,0.439232940282312
cur_kal_20m_20200214,KP0479_AC_WP20,11856,69.6875389034754,1.27226637128611,0,0.535176647408963,2.23647454786569,0.142795915976575,0.542795915976575
cur_kal_20m_20200214,KP0480_AC_WP20,1888,80.3814726337886,1,0.0123399211745567,0.525419120490366,2.22912946001553,0.066647466576678,0.466647466576678
cur_kal_20m_20200214,KP0481_AC_WP20,1369,79.9181903870138,1.48849041866778,0,0.498418111003046,2.1757459701062,0.0668192940470532,0.466819294047053
cur_kal_20m_20200214,KP0482_LM_WP20,17004,47.0309905546742,1.14295852227755,0.119528999916564,0.392236251841345,2.00594039162045,0.18914365037964,0.58914365037964
cur_kal_20m_20200214,KP0483_AC_WP20,1166,44.2245772649444,1.01484962333736,0.669284680633563,0.497935016266535,2.1389771855567,0.048940856656814,0.448940856656814
cur_kal_20m_20200214,KP0484_AC_WP20,2522,66.1807250392078,1,1.09311660530589,0.467059723342519,1.46686189278168,0.0852214197411641,0.485221419741164
cur_kal_20m_20200214,KP0485_AC_WP20,2525,81.1018525418121,1.52751115797386,0,0.886035995610177,2.15638513050824,0.0702566490064952,0.470256649006495
cur_kal_20m_20200214,KP0486_AC_WP20,5515,34.7174931781999,1.95768036891568,0,0.820428399132989,2.04696002960948,0.0823539074520052,0.482353907452005
cur_kal_20m_20200214,KP0487_AC_WP20,1794,69.6495263221543,2.1331965251491,0,0.711767697494597,2.45524734251347,0.0526636934227233,0.452663693422723
cur_kal_20m_20200214,KP0488_AC_WP20,721,72.6302240570076,1.94848430779518,0,0.649885966311884,2.27026252724009,0.0493127581636378,0.449312758163638
cur_kal_20m_20200214,KP0489_AC_WP20,461,104.337758532543,1.76414844674619,0,0.61241297171137,2.19390793517966,0.0442499186981317,0.444249918698132
cur_kal_20m_20200214,KP0490_AC_WP20,856,87.370517356733,1.29376466388101,0.126658945115888,0.66801368149299,2.41404747685808,0.0365501122593374,0.436550112259337
cur_kal_20m_20200214,KP0491_AC_WP20,553,99.858611898499,1.88206174581581,0,0.668910642594124,2.61690026144601,0.0468907694579465,0.446890769457947
cur_kal_20m_20200214,KP0492_AC_WP20,12250,84.0097215077005,1.78375512557126,0.0236266768018074,0.569509003783382,2.44842223441715,0.119964167367314,0.519964167367314
cur_kal_20m_20200214,KP0493_AC_WP20,412,78.8372077880925,2.17800337663641,0,0.797905083142041,2.51193631020052,0.0338049560306303,0.43380495603063
cur_kal_20m_20200214,KP0494_AC_WP20,9183,62.7813804389498,1.05646896845005,0,0.439198492884883,2.51329095269656,0.100156727367341,0.500156727367341
cur_kal_20m_20200214,KP0495_AC_WP20,990,81.2351562473981,1.31281106308704,0,0.454608045864807,2.64530908972321,0.0478402048417656,0.447840204841766
cur_kal_20m_20200214,KP0499_AC_WP20,1102,94.2205871588396,1.18336446546286,0,0.813749161817427,2.51792195471196,0.0357411494881404,0.43574114948814
cur_kal_20m_20200214,KP0500_AC_WP20,24,74.8222559448467,1.55407544750685,0,0.765469575602794,2.48565373645509,0.0067591306156871,0.406759130615687
cur_kal_20m_20200214,KP0501_AC_WP20,1787,109.108656663085,1.78694370422693,0,0.777357343415633,2.72819939569296,0.0637727729581872,0.463772772958187
cur_kal_20m_20200214,KP0502_AC_WP20,2262,84.1990137803522,1.3803685624989,0.184082545140437,0.741928077067836,2.69106534350626,0.0702084595637834,0.470208459563783
cur_kal_20m_20200214,KP0503_AC_WP20,2016,123.932432249784,1,0,0.804870868868052,2.50507101006072,0.0657751765596787,0.465775176559679
cur_kal_20m_20200214,KP0504_AC_WP20,1508,79.081002551955,2.02364772616924,0,0.879621324764362,2.43134552530842,0.0652216172794575,0.465221617279458
cur_kal_20m_20200214,KP0505_AC_WP20,15076,83.2062227583598,1.38962139970383,0,0.617684694017274,2.22364925334291,0.145431859383234,0.545431859383234
cur_kal_20m_20200214,KP0506_AC_WP20,2342,77.9830935336033,1,0.12539469436518,0.77076668046547,1.9513826445979,0.0595145550860849,0.459514555086085
cur_kal_20m_20200214,KP0507_AC_WP20,1939,85.3101235017238,1.62948739905715,0,0.800828852826206,2.19022164900559,0.0557411252977954,0.455741125297795
cur_kal_20m_20200214,KP0508_AC_WP20,2375,30.1450482214532,1.161778129142,0.0194913459256725,0.568651390919317,2.69748507059427,0.0734990079006347,0.473499007900635
cur_kal_20m_20200214,KP0509_AC_WP20,411,11.8625427778928,1.29463927773473,0,0.970991007286342,1.94192314518288,0.0277986185093139,0.427798618509314
cur_kal_20m_20200214,KP0510_AC_WP20,553,31.231788884344,1.10252655007667,0,0.849081703628973,2.18714338646244,0.0333609822246148,0.433360982224615
cur_kal_20m_20200214,KP0511_AC_WP20,390,110.499301565459,1.27425438534949,0,0.968382076882858,1.98817289989613,0.0266869477021181,0.426686947702118
cur_kal_20m_20200214,KP0512_AC_WP20,731,129.694852020024,1.93326574368001,0,0.908604865625675,2.21946318609231,0.0410871473262874,0.441087147326287
cur_kal_20m_20200214,KP0513_AC_WP20,92,56.1750903409759,1.59701085556569,0,0.691410757843443,2.37432810277802,0.0165529569989248,0.416552956998925
cur_kal_20m_20200214,KP0514_AC_WP20,1770,93.530117046351,1.01394891169338,0,0.566113231791863,2.13315535019368,0.078642636998848,0.478642636998848
cur_kal_20m_20200214,KP0515_AC_WP20,2625,50.2437002790628,1,1.02288713263436,0.415505979101718,2.38503836850211,0.0787377842155595,0.47873778421556
cur_kal_20m_20200214,KP0516_AC_WP20,1033,92.7032251571726,2.46672229204462,0,0.642536466774742,2.09095933181269,0.0478359970538297,0.44783599705383
cur_kal_20m_20200214,KP0517_AC_WP20,431,72.6177176979818,1.15496991282428,0.334281797753038,0.599764035999709,2.21099467189428,0.0306157370386732,0.430615737038673
cur_kal_20m_20200214,KP0518_LM_WP20,851,51.0269289697886,1.06497216458348,0.0879778775596519,0.59761970482867,2.10998243222151,0.0436916664310238,0.443691666431024
cur_kal_20m_20200214,KP0519_AC_WP20,219,66.5311593252171,1.80738844480557,0,0.73127024221649,1.73123251792919,0.0268336249641637,0.426833624964164
cur_kal_20m_20200214,KP0520_AC_WP20,62,57.7703242860374,1.38377088747461,0,0.825134967522732,2.16865419437016,0.0122318903086735,0.412231890308674
cur_kal_20m_20200214,KP0521_AC_WP20,4113,86.8851692293996,1.93099306036565,0,0.730179605372453,1.7385206158587,0.078210209525556,0.478210209525556
cur_kal_20m_20200214,KP0522_AC_WP20,7266,90.2410266089674,1.1591657106398,0.023955176657716,0.77574560023657,2.18823112981763,0.0948889597266353,0.494888959726635
cur_kal_20m_20200214,KP0523_AC_WP20,3390,122.708398849395,1.17562847443724,0.213031753939009,0.571492905644366,2.24769663536387,0.0778088423416415,0.477808842341642
cur_kal_20m_20200214,KP0524_AC_WP20,1911,66.5838731797704,1.38470947755065,0,0.650355417242339,2.59584381002767,0.0548053627283802,0.45480536272838
cur_kal_20m_20200214,KP0525_AC_WP20,2505,68.6958603876296,1.14975579425222,0,0.66418094796404,2.14471008482414,0.0646843249687211,0.464684324968721
cur_kal_20m_20200214,KP0526_AC_WP20,4234,73.204616574339,1,0.309333340099711,0.714786648684632,2.19382534463899,0.066340770617318,0.466340770617318
cur_kal_20m_20200214,KP0527_LM_WP20,12735,24.6675645834113,1.42209063125348,0.324369147286031,0.586840353138221,2.16323553902777,0.136719502051186,0.536719502051186
cur_kal_20m_20200214,KP0528_AC_WP20,4779,77.0557477364437,1.33361751903483,0.0631471768013464,0.689782917295913,2.0614851845229,0.0793651993499817,0.479365199349982
cur_kal_20m_20200214,KP0529_LM_WP20,344,38.9415911476059,1,0.0558706474454598,0.333053262967323,1.57199234127671,0.0395725743293026,0.439572574329303
cur_kal_20m_20200214,KP0530_AC_WP20,431,88.4862657879616,2.49260894711094,0.0835816920348366,0.687313894322857,1.89288145091097,0.0255674524526384,0.425567452452638
cur_kal_20m_20200214,KP0531_AC_WP20,733,82.6070990968931,1.30840892340986,0,0.686793520492631,1.90439731568787,0.0273949021373822,0.427394902137382
cur_kal_20m_20200214,KP0532_AC_WP20,11712,69.8400341896266,1,0,0.703454928189634,2.02848774619256,0.107389114443478,0.507389114443478
cur_kal_20m_20200214,KP0533_AC_WP20,195,55.249932328959,1.46087407750818,0,0.551765024676816,2.22081536348193,0.0216403821744147,0.421640382174415
cur_kal_20m_20200214,KP0534_AC_WP20,1857,119.583951761037,1.91280374943053,0.00615893128711261,0.619212619344589,2.24199480844595,0.0573324363564941,0.457332436356494
cur_kal_20m_20200214,KP0535_AC_WP20,4671,42.7595216580909,1.33801555702251,0.240975604812387,0.531133075750597,2.64999363850564,0.0848163216526218,0.484816321652622
cur_kal_20m_20200214,KP0536_AC_WP20,8593,85.8251180246051,1.89861625760761,0,0.64584146512291,2.44685843272947,0.107977731547332,0.507977731547332
cur_kal_20m_20200214,KP0537_AC_WP20,428,97.5485177786084,1.41365415257628,0,0.556103695121157,2.20867113223986,0.0269619146591508,0.426961914659151
cur_kal_20m_20200214,KP0538_AC_WP20,5478,103.594007408456,1.20103398501881,0,0.555088079535858,2.21768316970802,0.0913111665611362,0.491311166561136
cur_kal_20m_20200214,KP0539_AC_WP20,2080,94.7627248280334,2.13774463228872,0,0.758048005513578,2.02867147912646,0.0668629373601552,0.466862937360155
cur_kal_20m_20200214,KP0540_AC_WP20,57,87.2617646831991,1.52211809515127,0.158502485676245,0.696418776643212,1.77344554861866,0.0143461132987424,0.414346113298742
cur_kal_20m_20200214,KP0541_AC_WP20,25,84.7769663563946,2.3669018740537,0,0.764953231456367,1.58123297987952,0.00759124757286508,0.407591247572865
cur_kal_20m_20200214,KP0542_LM_WP20,39239,68.3913595866373,1.47267723559162,0.380677832823709,0.515499970053708,2.12730688781779,0.238680095764759,0.638680095764759
cur_kal_20m_20200214,KP0543_AC_WP20_d,893,122.862121154397,1.1419529465304,1.29261439326768,0.583958725722411,1.9198622113667,0.0397271456554247,0.439727145655425
cur_kal_20m_20200214,KP0544_AC_WP20,3897,16.1945926287373,1.06548326887967,0.316908751046029,0.517512848015917,1.97167569637496,0.0849999066877742,0.484999906687774
cur_kal_20m_20200214,KP0545_AC_WP20,6608,96.9153303937847,1.17900186619157,0.470181787519041,0.557556667213656,2.09387032742782,0.0953125839805737,0.495312583980574
cur_kal_20m_20200214,KP0547_LM_WP20,7741,90.8580867645855,1.30998588344772,0.219594170847845,0.548900967989984,2.26839677934008,0.123766435886868,0.523766435886868
cur_kal_20m_20200214,KP0548_LM_WP20,26249,22.7838313634742,1,0.935320681120695,0.518094992162198,1.92791529618304,0.224747319350112,0.624747319350112
cur_kal_20m_20200214,KP0549_AC_WP20,1968,39.47534863723,1,0.57523289702558,0.480332618920743,2.41491128833455,0.062400677597358,0.462400677597358
cur_kal_20m_20200214,KP0549_AC_WP20_2,715,12.2048455621092,1.17660145999319,0.0040869193296438,0.514790259685114,2.10772089742503,0.0395160111327957,0.439516011132796
cur_kal_20m_20200214,KP0550_LM_WP20,3781,57.8359258563992,1.18276674624134,0.910246030616083,0.400974670297213,1.59170817719232,0.0924013792488713,0.492401379248871
cur_kal_20m_20200214,KP0551_LM_WP20,4253,6.39937962738095,1,0.895871743221399,0.419880392718443,1.64707143968,0.0963042131981071,0.496304213198107
cur_kal_20m_20200214,KP0552_AC_WP20,4589,45.8162863842426,1.94552269822553,0,0.604111627160694,1.81427114440415,0.155734056476505,0.555734056476505
cur_kal_20m_20200214,KP0553_AC_WP20,2278,33.2509705015726,1.02358460633413,0.00284113872496168,0.624172341539105,2.08166710446983,0.0870297825379704,0.48702978253797
cur_kal_20m_20200214,KP0554_AC_WP20,8799,24.8544021291164,1.9902189222297,0.000259992923063589,0.665345222711103,2.18208906988491,0.111378898004046,0.511378898004046
cur_kal_20m_20200214,KP0555_AC_WP20,36062,42.3397848958526,1.20507402644913,0.0768505096206519,0.690863879848999,2.06831326099801,0.224043895380293,0.624043895380293
cur_kal_20m_20200214,KP0556_AC_WP20,13260,79.011308652176,1,0,0.831104527687273,1.68601638447658,0.162783534143952,0.562783534143952
cur_kal_20m_20200214,KP0557_AC_WP20,4962,131.728506693698,1,0.964571191615243,0.398153787063113,2.39042869484681,0.0893573267007236,0.489357326700724
cur_kal_20m_20200214,KP0558_LM_WP20,20765,33.1071314064441,1.41917196512969,0.42691551013545,0.457800287592319,1.7923972251046,0.208775680355308,0.608775680355308
cur_kal_20m_20200214,KP0559_AC_WP20,3201,34.3558714080694,1,0.687011145345218,0.45926695708166,2.14991985109594,0.0770394437029297,0.47703944370293
cur_kal_20m_20200214,KP0560_AC_WP20,2480,63.4464422706198,1,0.433180888004517,0.495777643931383,1.83180956685691,0.0769794494951272,0.476979449495127
cur_kal_20m_20200214,KP0561_AC_WP20,823,63.332956210317,1.16622643796942,0.394631150669324,0.563464969666827,2.04691445505967,0.057732588213739,0.457732588213739
cur_kal_20m_20200214,KP0562_LM_WP20,34860,109.464501869366,1.31533327934821,0.182565070699726,0.51657819283711,2.5833593735841,0.270661750690982,0.670661750690982
cur_kal_20m_20200214,KP0563_AC_WP20,163,49.9412258363988,1.29145748203695,1.37382211442095,0.560973322973106,2.38176231851459,0.0201478005931602,0.42014780059316
cur_kal_20m_20200214,KP0564_LM_WP20,487,116.129927864393,1,0.394431038610539,0.481883052329499,2.27068569917819,0.0333396334386497,0.43333963343865
cur_kal_20m_20200214,KP0565_AC_WP20,43,95.8004575699718,1.54647480233526,0.548312373087104,0.470242417380014,1.86360683375292,0.0107100811113943,0.410710081111394
cur_kal_20m_20200214,KP0566_LM_WP20,37664,57.1884002588682,1.35263636882258,0.208845634016216,0.435134780349568,2.03670726615315,0.231897832388807,0.631897832388807
cur_kal_20m_20200214,KP0567_LM_WP20,9287,34.1944879096771,1.18345229670599,0,0.479572325104043,2.18780071571072,0.127602062083189,0.527602062083189
cur_kal_20m_20200214,KP0568_AC_WP20,833,71.8388853554203,1.73660463704307,0,0.554512784576059,2.4226408017027,0.0458301843899031,0.445830184389903
cur_kal_20m_20200214,KP0569_AC_WP20,3519,42.3539516507258,1.54369428401534,0.00304274036027559,0.556754907782357,2.76310873780475,0.0649404888574956,0.464940488857496
cur_kal_20m_20200214,KP0570_LM_WP20,8928,41.4458400391259,1,0.0461264788985939,0.387616569195373,2.83343097130242,0.139762695417024,0.539762695417024
cur_kal_20m_20200214,KP0571_AC_WP20,680,66.7395461530934,1.24410845350599,0.010192850572591,0.857724457724921,1.98263513479021,0.035877902418611,0.435877902418611
cur_kal_20m_20200214,KP0572_AC_WP20,1432,51.1348477742821,1.5771123855385,0,0.607431740424853,2.27576220168371,0.0492179620941176,0.449217962094118
cur_kal_20m_20200214,KP0573_LM_WP20,85,86.2489235650869,1.38418012164367,0.1619541939883,0.607508965422474,2.39972464254706,0.0113699518320784,0.411369951832078
cur_kal_20m_20200214,KP0574_AC_WP20,1061,32.3878795265446,1.13247369693845,0.00488165748771591,0.588876144201968,2.15969435340418,0.0547859980027549,0.454785998002755
cur_kal_20m_20200214,KP0575_AC_WP20,7009,78.6321222781522,1.47917105934562,0,0.599296018590289,1.94088544371165,0.130679416596466,0.530679416596467
cur_kal_20m_20200214,KP0576_AC_WP20,7,73.9180759605297,3.46288205681908,0,0.541176010443133,2.48228915466157,0.00461526737514865,0.404615267375149
cur_kal_20m_20200214,KP0577_AC_WP20,3386,123.924922899755,1.42793772422176,0.000636572717399626,0.565087556581472,2.32675535380662,0.0646564740871932,0.464656474087193
cur_kal_20m_20200214,KP0578_AC_WP20,897,66.0055976632059,1.79131651108598,0.0788895882978894,0.521111103104666,2.23293943550218,0.037464609547479,0.437464609547479
cur_kal_20m_20200214,KP0579_AC_WP20,1249,27.5908103685122,1.29524022648035,0.650002639302796,0.494692588112694,2.15951161669388,0.0494697229004236,0.449469722900424
cur_kal_20m_20200214,KP0580_AC_WP20,2729,32.4877424119253,1,0.197252288502846,0.422323203618629,2.44695997867,0.0877077262821545,0.487707726282154
cur_kal_20m_20200214,KP0581_AC_WP20,631,101.380461367957,1.25120939731474,1.45470464715596,0.403443883559905,1.71156600591565,0.048167723973864,0.448167723973864
cur_kal_20m_20200214,KP0582_AC_WP20,33,122.61656318538,1.13970893771064,0.174448870829214,0.907674575108066,2.33914430777886,0.00952163395492722,0.409521633954927
cur_kal_20m_20200214,KP0583_LM_WP20,7319,80.1697524498309,1.09203360776568,0.35361906971461,0.537324231163218,2.84031369432494,0.132605127971608,0.532605127971609
cur_kal_20m_20200214,KP0584_AC_WP20,1645,113.10339296761,1.58505341164417,0.049621585247826,0.512709616452722,2.67462579771045,0.0632953444538409,0.463295344453841
cur_kal_20m_20200214,KP0585_LM_WP20,7695,45.1003956203454,1.36504335392495,0.000106246828720449,0.703081169043528,2.06486107672305,0.134678833285067,0.534678833285067
cur_kal_20m_20200214,KP0586_LM_WP20,7737,15.9467580129944,1.13314196805692,6.30309252941154e-05,0.539723578410204,1.782524107985,0.150471009568475,0.550471009568475
cur_kal_20m_20200214,KP0588_LM_WP20,14387,130.939700309706,1,0.574821595327104,0.538878157714208,1.9503974303602,0.186130665000685,0.586130665000685
cur_kal_20m_20200214,KP0589_AC_WP20,18951,110.268327442592,2.11138921454538,0,0.752406717019684,2.30143623799827,0.166647033287485,0.566647033287485
cur_kal_20m_20200214,KP0590_AC_WP20,861,117.229241737795,1.18992190596351,0,0.732378088842831,2.42743038922636,0.0396572991038326,0.439657299103833
cur_kal_20m_20200214,KP0591_AC_WP20,274,108.929079420144,1.19460653080219,0.189485931189618,0.588756949101152,2.45122665980233,0.0321276354471583,0.432127635447158
