Individual,Site,Loc,Depth,V1,V2,V3,V4,Clusters,Q.1,Q.2,Q.3,Q.4
KP0046_AC_SB10,SB10,SB,10,-1.0976345,-1.472778019,-1.000797914,0.589644265,AA2,0.00001,0.133474,0.660512,0.206004
KP0050_AC_SB10,SB10,SB,10,-1.8679717,-2.600985398,-0.516076746,0.380541738,AA2,0.00001,0.126296,0.695885,0.177809
KP0052_AC_SB10,SB10,SB,10,-1.9858218,-3.153612961,0.322761504,-1.23534603,AA2,0.00001,0.00001,0.99997,0.00001
KP0053_AC_SB10,SB10,SB,10,-2.0620113,-3.75286563,0.218370118,-1.256470344,AA2,0.00001,0.00001,0.99997,0.00001
KP0054_AC_SB10,SB10,SB,10,-1.6661793,-2.890924471,0.337769513,-1.302776178,AA2,0.00001,0.00001,0.99997,0.00001
KP0055_AC_SB10,SB10,SB,10,-2.250975,-3.68740705,0.29369646,-1.252243342,AA2,0.00001,0.00001,0.99997,0.00001
KP0056_AC_SB10,SB10,SB,10,-2.2808423,-3.516885223,0.355479725,-1.374739725,AA2,0.00001,0.00001,0.99997,0.00001
KP0057_AC_SB10,SB10,SB,10,-1.6823929,-3.80751984,-0.384107522,1.710492601,AA2,0.01889,0.155006,0.566596,0.259508
KP0058_AC_SB10,SB10,SB,10,-2.2989354,-2.103045519,-1.587370252,0.02446142,AA2,0.00001,0.154906,0.845074,0.00001
KP0059_AC_SB10,SB10,SB,10,-2.1084366,-1.84105894,-1.738987223,0.389450721,AA2,0.00001,0.156612,0.843368,0.00001
KP0060_AC_SB10,SB10,SB,10,-1.2738797,-1.538623282,-0.579964505,0.227334233,AA2,0.027913,0.217116,0.68023,0.074742
KP0061_AC_SB10,SB10,SB,10,-2.3342462,-4.317763998,0.085083654,2.912548371,AA2,0.00001,0.00001,0.905688,0.094292
KP0062_AC_SB10,SB10,SB,10,-2.395858,-4.27597331,0.160520023,2.888949403,AA2,0.00001,0.00001,0.903118,0.096862
KP0063_AC_SB10,SB10,SB,10,-2.6008043,-4.8366807,1.378392967,7.63894576,AA2,0.00001,0.00001,0.99997,0.00001
KP0064_AC_SB10,SB10,SB,10,-2.5353652,-4.863936427,1.436568511,7.532986656,AA2,0.00001,0.00001,0.99997,0.00001
KP0065_AC_SB10,SB10,SB,10,-2.625913,-4.88940121,1.187971716,7.590801934,AA2,0.00001,0.015741,0.984239,0.00001
KP0069_AC_SB10,SB10,SB,10,-1.5097192,-3.566871399,1.059862663,4.980970215,AA2,0.00001,0.020575,0.979405,0.00001
KP0070_AC_SB10,SB10,SB,10,-1.5391872,-2.628553808,-0.091746607,-0.063230779,AA2,0.00001,0.06901,0.614496,0.316483
KP0072_AC_SB10,SB10,SB,10,-1.6120703,-3.079822197,0.099774204,-0.730464903,AA2,0.00001,0.140081,0.598963,0.260946
KP0074_AC_SB10,SB10,SB,10,-2.5140145,-4.90803804,1.356056292,7.661156588,AA2,0.00001,0.00957,0.99041,0.00001
KP0077_AC_SB10,SB10,SB,10,-2.568853,-4.861078809,1.355048177,7.695069003,AA2,0.00001,0.00001,0.99997,0.00001
KP0078_AC_SB10,SB10,SB,10,-1.8085722,-3.45895298,-0.022335244,-1.641123859,AA2,0.011013,0.00001,0.680727,0.30825
KP0080_AC_SB10,SB10,SB,10,-2.1810435,-3.544475339,-0.633595916,-1.364472116,AA2,0.00001,0.00001,0.879715,0.120265
KP0081_AC_SB10,SB10,SB,10,-2.0921643,-3.986615755,-0.671249215,-1.546000687,AA2,0.00001,0.00001,0.868922,0.131058
KP0088_AC_SB10,SB10,SB,10,-2.2480874,-2.071562223,-1.602228738,0.034033255,AA2,0.00001,0.159253,0.840727,0.00001
KP0089_AC_SB10,SB10,SB,10,-1.4693862,-2.657904906,-1.161738823,-0.30079089,AA2,0.00001,0.168494,0.544209,0.287287
KP0095_AC_SB10,SB10,SB,10,-2.4173599,-3.22871763,-0.128308239,-0.000246365,AA2,0.00001,0.17138,0.732621,0.095989
KP0100_AC_SB10,SB10,SB,10,-1.9858514,-2.851590749,-1.544584397,-1.425607156,AA2,0.00001,0.00001,0.99997,0.00001
KP0101_AC_SB10,SB10,SB,10,-2.0797478,-3.399432252,0.168319594,-0.448445178,AA2,0.022655,0.123198,0.673467,0.18068
KP0102_AC_SB10,SB10,SB,10,-2.2429939,-3.350273268,-0.644080697,0.967249918,AA2,0.000098,0.00001,0.999882,0.00001
KP0103_AC_SB10,SB10,SB,10,-2.4105486,-3.480594935,-0.517413261,0.434900833,AA2,0.00001,0.00001,0.99997,0.00001
KP0104_AC_SB10,SB10,SB,10,-1.0808933,-3.376017592,0.069428409,0.457159457,AA2,0.00001,0.166151,0.742779,0.091061
KP0105_AC_SB10,SB10,SB,10,-2.3049523,-3.568594646,-0.530996349,0.114847075,AA2,0.002412,0.00001,0.997568,0.00001
KP0109_LM_SB10,SB10,SB,10,-1.7534187,-2.730260144,-0.416621033,0.866391235,AA2,0.00001,0.118515,0.837946,0.043529
KP0112_AC_SB10,SB10,SB,10,-2.0377609,-3.037538765,-0.183774249,-0.299764467,AA2,0.00001,0.246517,0.678817,0.074656
KP0115_AC_SB10,SB10,SB,10,-1.9148023,-2.83464616,-1.655402006,-1.196678797,AA2,0.00001,0.00001,0.99997,0.00001
KP0116_AC_SB10,SB10,SB,10,-1.0049333,-3.341387458,-0.79673008,-1.441609714,AA2,0.00001,0.05317,0.934083,0.012737
KP0117_AC_SB10,SB10,SB,10,-1.4951757,-2.748453583,-1.386554412,-0.861369749,AA2,0.00001,0.172246,0.827734,0.00001
KP0118_AC_SB10,SB10,SB,10,-1.5025409,-2.974527343,0.453937865,0.90022677,AA2,0.00001,0.068547,0.931433,0.00001
KP0119_AC_SB10,SB10,SB,10,-2.1471221,-3.285225906,0.720853833,1.170326345,AA2,0.00001,0.159913,0.752958,0.087119
KP0120_AC_SB10,SB10,SB,10,-2.0348141,-3.272889396,0.951230305,1.287774141,AA2,0.00001,0.15577,0.776549,0.067671
KP0121_AC_SB10,SB10,SB,10,-0.8180397,-3.720111925,-0.128078044,-0.37151711,AA2,0.00001,0.00001,0.99997,0.00001
KP0122_AC_SB10,SB10,SB,10,-1.7224679,-3.651056979,-0.655869426,-0.585595831,AA2,0.028572,0.043333,0.706046,0.222049
KP0123_AC_SB10,SB10,SB,10,-2.0371542,-2.803139668,-0.576940548,0.106840481,AA2,0.00001,0.063834,0.593372,0.342785
KP0125_AC_SB10,SB10,SB,10,-1.0191579,-3.468497735,-0.85026007,-0.133809138,AA2,0.00001,0.033528,0.706532,0.25993
KP0127_AC_SB10,SB10,SB,10,-1.6984521,-2.705837283,-1.496535481,-0.959326079,AA2,0.00001,0.215213,0.784767,0.00001
KP0129_AC_SB10,SB10,SB,10,-1.0233261,-2.031913942,-0.130721181,0.199965586,AA2,0.00001,0.00001,0.858851,0.141129
KP0131_HU_SB05,SB05,SB,5,-2.4404144,2.4866318,-0.424027468,-0.351787285,AA2,0.00001,0.884467,0.115513,0.00001
KP0151_AC_SQ12,SQ12,SQ,12,-2.0272244,-3.84544079,0.005385315,-0.001310416,AA2,0.00001,0.00001,0.411813,0.588167
KP0152_AC_SQ12,SQ12,SQ,12,-2.0785777,-4.018683229,0.212033281,-0.05203961,AA2,0.00001,0.00001,0.408812,0.591168
KP0153_AC_SQ12,SQ12,SQ,12,-1.6384433,-3.211353514,0.401963157,-0.926189745,AA2,0.011762,0.180553,0.646481,0.161204
KP0154_AC_SQ12,SQ12,SQ,12,-1.4284339,-4.228011007,-0.265549118,-2.440961734,AA2,0.000016,0.00001,0.999964,0.00001
KP0156_AC_SQ12,SQ12,SQ,12,-1.4987677,-4.090855524,-0.427086528,-2.45753024,AA2,0.00001,0.00001,0.99997,0.00001
KP0157_AC_SQ12,SQ12,SQ,12,-1.5009294,-4.364502938,-0.429574664,-2.402305678,AA2,0.000014,0.00001,0.999966,0.00001
KP0158_AC_SQ12,SQ12,SQ,12,-1.6359301,-4.270212747,-0.252215355,-2.393893391,AA2,0.000012,0.00001,0.999968,0.00001
KP0160_AC_SQ12,SQ12,SQ,12,-2.6182835,-3.370576241,-0.138417928,-1.53092264,AA2,0.00001,0.00001,0.00001,0.99997
KP0162_AC_SQ12,SQ12,SQ,12,-2.4089217,-3.354514798,-0.102563423,-2.023364245,AA2,0.002225,0.00001,0.00001,0.997755
KP0166_AC_SQ12,SQ12,SQ,12,-1.9193848,-3.633973641,0.857843638,-2.456196901,AA2,0.00001,0.00001,0.521908,0.478072
KP0167_AC_SQ12,SQ12,SQ,12,-1.5782474,-2.6479887,-0.111700092,-1.602285058,AA2,0.00001,0.00001,0.652783,0.347197
KP0168_AC_SQ12,SQ12,SQ,12,-2.1438509,-3.871831112,1.094543994,-2.649942039,AA2,0.00001,0.00001,0.504528,0.495452
KP0169_AC_SQ12,SQ12,SQ,12,-2.0464397,-3.582091506,1.141877195,-2.259531539,AA2,0.00001,0.00001,0.466655,0.533325
KP0171_AC_SQ12,SQ12,SQ,12,-2.2286347,-4.215361477,0.235532554,-0.358741711,AA2,0.00001,0.00001,0.413744,0.586236
KP0172_AC_SQ12,SQ12,SQ,12,-0.9325747,-4.383767118,14.27594931,3.339638039,AA2,0.016742,0.00001,0.00001,0.983238
KP0173_AC_SQ12,SQ12,SQ,12,-1.9967567,-4.874494184,15.15284151,3.121009195,AA2,0.00001,0.00001,0.00001,0.99997
KP0174_AC_SQ12,SQ12,SQ,12,-1.9261041,-4.978546402,15.3014414,2.571423929,AA2,0.00001,0.00001,0.00001,0.99997
KP0175_AC_SQ12,SQ12,SQ,12,-1.9333876,-5.07877296,15.45904744,2.580405417,AA2,0.00001,0.00001,0.00001,0.99997
KP0176_AC_SQ12,SQ12,SQ,12,-1.9191769,-5.04874651,15.54276598,2.520314928,AA2,0.00001,0.00001,0.00001,0.99997
KP0177_AC_SQ12,SQ12,SQ,12,-2.1733432,-4.945791379,15.2588932,3.028442711,AA2,0.00001,0.00001,0.00001,0.99997
KP0181_AC_SQ12,SQ12,SQ,12,-2.0349832,-2.966027511,-1.009263744,-0.59065787,AA2,0.00001,0.024977,0.587762,0.387251
KP0182_AC_SQ12,SQ12,SQ,12,-2.1345945,-5.058642882,15.49840562,3.078607774,AA2,0.00001,0.00001,0.00001,0.99997
KP0185_AC_SQ12,SQ12,SQ,12,-2.1174276,-4.921947627,15.31091896,2.910866383,AA2,0.00001,0.00001,0.00001,0.99997
KP0187_AC_SQ12,SQ12,SQ,12,-2.6152865,-3.391839853,-0.042153555,-1.503104017,AA2,0.00001,0.00001,0.00001,0.99997
KP0188_AC_SQ12,SQ12,SQ,12,-2.0378001,-2.340296773,0.025777864,-1.189833512,AA2,0.00001,0.00001,0.00001,0.99997
KP0189_AC_SQ12,SQ12,SQ,12,-2.4392634,-2.670842666,0.662935041,-0.020505639,AA2,0.00001,0.129949,0.625527,0.244514
KP0190_AC_SQ12,SQ12,SQ,12,-2.3938039,-2.414067214,0.602948247,-0.890194106,AA2,0.012136,0.063291,0.924562,0.00001
KP0193_AC_SQ12,SQ12,SQ,12,-1.1905871,-3.039275539,-0.227641568,-1.685815795,AA2,0.00001,0.00001,0.824691,0.175289
KP0196_AC_SQ12,SQ12,SQ,12,-0.7162119,-4.593443998,1.86175904,-6.334715841,AA2,0.000011,0.00001,0.999969,0.00001
KP0197_AC_SQ12,SQ12,SQ,12,-0.8604549,-4.727677157,1.633985744,-6.596298828,AA2,0.00001,0.00001,0.99997,0.00001
KP0198_AC_SQ12,SQ12,SQ,12,-0.7625395,-4.80583531,1.826143231,-6.621759962,AA2,0.00001,0.00001,0.99997,0.00001
KP0199_AC_SQ12,SQ12,SQ,12,-0.9296232,-4.767428968,1.662653247,-6.516658288,AA2,0.00001,0.00001,0.99997,0.00001
KP0200_AC_SQ12,SQ12,SQ,12,-0.7768017,-4.664829268,1.830012528,-6.429522872,AA2,0.00001,0.00001,0.99997,0.00001
KP0201_AC_SQ12,SQ12,SQ,12,-0.6806526,-4.645828522,1.846071663,-6.374588023,AA2,0.00014,0.00001,0.99984,0.00001
KP0202_AC_SQ12,SQ12,SQ,12,-1.6522278,-3.72631753,-0.870083952,-1.950555641,AA2,0.00001,0.00001,0.941753,0.058227
KP0204_AC_SQ12,SQ12,SQ,12,-1.5050201,-3.54367304,-0.702357519,-1.873486307,AA2,0.00001,0.00001,0.838527,0.161453
KP0208_AC_SQ12,SQ12,SQ,12,-1.4669738,-3.122717625,0.428428984,-2.407568795,AA2,0.00001,0.085894,0.614551,0.299546
KP0209_AC_SQ12,SQ12,SQ,12,-1.8460411,-3.156246564,0.218556915,-2.61940029,AA2,0.00001,0.129574,0.447734,0.422681
KP0212_AC_SQ20,SQ20,SQ,20,-1.7202151,-3.923160264,-0.486568056,-5.596979305,AA2,0.015267,0.00001,0.984713,0.00001
KP0213_AC_SQ20,SQ20,SQ,20,-1.7308051,-4.120194344,-0.659606886,-5.597871935,AA2,0.013951,0.00001,0.986029,0.00001
KP0214_AC_SQ20,SQ20,SQ,20,-1.6972068,-3.961550645,-0.471995495,-5.530071469,AA2,0.01348,0.00001,0.9865,0.00001
KP0216_AC_SQ20,SQ20,SQ,20,-1.6131733,-4.113087461,-0.743853266,-5.50824646,AA2,0.011087,0.00001,0.988893,0.00001
KP0217_AC_SQ20,SQ20,SQ,20,-1.7596894,-3.781560201,-0.428877425,-5.354565992,AA2,0.005083,0.00001,0.994897,0.00001
KP0218_AC_SQ20,SQ20,SQ,20,19.9321322,0.541724729,0.143411502,0.125709669,AA1,0.99997,0.00001,0.00001,0.00001
KP0220_AC_SQ20,SQ20,SQ,20,-0.6329756,-3.424549269,0.13055667,-2.370827497,AA2,0.00001,0.00001,0.905131,0.094849
KP0221_AC_SQ20,SQ20,SQ,20,-0.6604182,-3.334805925,0.185196747,-2.307273836,AA2,0.00001,0.00001,0.887189,0.112791
KP0222_AC_SQ20,SQ20,SQ,20,-1.1456066,-1.6495651,0.729774016,-0.277517368,AA2,0.00001,0.029121,0.546906,0.423963
KP0225_AC_SQ20,SQ20,SQ,20,-1.305861,-2.027168351,-0.15226155,-0.405019943,AA2,0.012172,0.00001,0.690379,0.297439
KP0227_AC_SQ20,SQ20,SQ,20,-0.9244801,-1.808047322,0.09370784,-0.475793395,AA2,0.031857,0.00001,0.787585,0.180548
KP0229_AC_SQ20,SQ20,SQ,20,-0.8130582,-2.082767413,0.142267901,-0.850316164,AA2,0.022022,0.05757,0.50836,0.412048
KP0233_AC_SQ20,SQ20,SQ,20,-1.1825099,-0.857063075,0.817334497,-0.046229486,AA2,0.00001,0.124146,0.391213,0.484631
KP0235_AC_SQ20,SQ20,SQ,20,14.1746473,0.820726483,-0.128339852,-0.015701706,AA1,0.991636,0.00001,0.00001,0.008344
KP0236_AC_SQ20,SQ20,SQ,20,-1.8982941,-2.48188496,0.188674243,-2.369307154,AA2,0.007137,0.208286,0.457086,0.327491
KP0237_AC_SQ20,SQ20,SQ,20,-2.9115273,-2.005448437,-0.971484043,0.158359182,AA2,0.00001,0.089579,0.749519,0.160891
KP0238_AC_SQ20,SQ20,SQ,20,-2.1583544,-1.731125039,-0.420334828,0.087190726,AA2,0.00001,0.02166,0.722715,0.255614
KP0240_AC_SQ20,SQ20,SQ,20,-2.9599657,-2.010468881,-0.937187743,0.175566479,AA2,0.00001,0.089918,0.737161,0.17291
KP0241_AC_SQ20,SQ20,SQ,20,20.1044189,0.236197338,0.269017236,-0.077310743,AA1,0.944311,0.00001,0.055669,0.00001
KP0242_AC_SQ20,SQ20,SQ,20,-1.4428573,-2.59931632,-0.089422919,-0.90888724,AA2,0.005671,0.007691,0.75501,0.231628
KP0243_AC_SQ20,SQ20,SQ,20,19.9591387,0.256244508,-0.072305654,-0.308653099,AA1,0.956587,0.004494,0.038909,0.00001
KP0244_LM_SQ20,SQ20,SQ,20,-0.5993619,-2.106974028,0.49124886,-0.059414797,AA2,0.00001,0.023828,0.976152,0.00001
KP0246_AC_SQ20,SQ20,SQ,20,18.3156678,0.285942592,-0.26222005,0.486606902,AA1,0.99997,0.00001,0.00001,0.00001
KP0247_AC_SQ20,SQ20,SQ,20,19.9839844,0.405858672,-0.23654947,0.339816323,AA1,0.99997,0.00001,0.00001,0.00001
KP0250_AC_SQ20,SQ20,SQ,20,-1.5552683,-3.04365799,0.875597519,-0.905817682,AA2,0.00001,0.00001,0.99997,0.00001
KP0251_AC_SQ20,SQ20,SQ,20,-1.7031013,-3.683513099,1.154478004,-0.560949082,AA2,0.00001,0.115808,0.884172,0.00001
KP0255_AC_SQ20,SQ20,SQ,20,20.2083179,0.212360139,-0.012138935,0.379104462,AA1,0.99997,0.00001,0.00001,0.00001
KP0256_AC_SQ20,SQ20,SQ,20,19.9427588,0.246687133,0.039753938,0.281154634,AA1,0.99997,0.00001,0.00001,0.00001
KP0257_AC_SQ20,SQ20,SQ,20,-1.2320271,-4.597205272,-2.812440144,-3.24417727,AA2,0.003666,0.00001,0.00001,0.996314
KP0258_AC_SQ20,SQ20,SQ,20,-1.819428,-4.498091991,-2.706624346,-3.379141794,AA2,0.00001,0.00001,0.00001,0.99997
KP0259_AC_SQ20,SQ20,SQ,20,19.0916961,-0.069771031,0.251074044,0.05874898,AA1,0.991069,0.00001,0.008911,0.00001
KP0260_AC_SQ20,SQ20,SQ,20,-2.0175886,-4.183894848,-2.338466266,-2.831374435,AA2,0.00001,0.00001,0.00001,0.99997
KP0261_AC_SQ20,SQ20,SQ,20,-2.0411993,-4.788541969,-2.975918319,-3.604660634,AA2,0.00001,0.00001,0.00001,0.99997
KP0262_AC_SQ20,SQ20,SQ,20,-1.8139414,-4.543863071,-2.675480605,-3.470974511,AA2,0.00001,0.00001,0.00001,0.99997
KP0264_AC_SQ20,SQ20,SQ,20,-1.9491204,-2.881200837,-1.656147496,-1.446368594,AA2,0.00001,0.031124,0.139763,0.829103
KP0268_AC_SQ20,SQ20,SQ,20,-1.5624394,-2.717553992,-1.540069958,-1.343387334,AA2,0.00001,0.00001,0.285185,0.714795
KP0269_AC_SQ20,SQ20,SQ,20,-1.8533488,-3.134222023,-1.689173154,-1.320517995,AA2,0.00001,0.00001,0.260332,0.739648
KP0271_AC_SQ20,SQ20,SQ,20,-1.843724,-3.182043322,-1.723479839,-1.295150133,AA2,0.00001,0.00001,0.270783,0.729197
KP0272_AC_SQ20,SQ20,SQ,20,-1.4920128,-5.05421543,0.171763658,-4.149102769,AA2,0.00001,0.00001,0.99997,0.00001
KP0273_AC_SQ20,SQ20,SQ,20,-1.242375,-4.578936839,0.275024901,-3.775007767,AA2,0.00001,0.00001,0.99997,0.00001
KP0274_AC_SQ20,SQ20,SQ,20,-1.5414393,-4.946973586,0.259725261,-3.954812915,AA2,0.00001,0.00001,0.99997,0.00001
KP0275_AC_SQ20,SQ20,SQ,20,-1.6172835,-5.010466975,0.29505292,-4.066342212,AA2,0.00001,0.00001,0.99997,0.00001
KP0276_AC_SQ20,SQ20,SQ,20,-1.5513832,-5.060707376,0.478682945,-4.085317795,AA2,0.00001,0.00001,0.99997,0.00001
KP0277_AC_SQ20,SQ20,SQ,20,-1.4974609,-4.938355553,0.622253781,-3.862584915,AA2,0.00001,0.00001,0.99997,0.00001
KP0279_AC_SQ20,SQ20,SQ,20,-1.4089357,-2.481313917,-0.043420828,0.52847761,AA2,0.00001,0.120955,0.879025,0.00001
KP0280_AC_SQ20,SQ20,SQ,20,-0.7390809,-2.228643238,-0.538341072,0.501136929,AA2,0.00001,0.080966,0.919014,0.00001
KP0281_AC_SQ20,SQ20,SQ,20,-1.0913535,-2.113769092,-0.065264942,0.618569581,AA2,0.00001,0.123082,0.876898,0.00001
KP0283_AC_SQ20,SQ20,SQ,20,-2.7566143,-3.601635348,-0.290624911,-0.808446903,AA2,0.00001,0.00001,0.565767,0.434213
KP0284_AC_SQ20,SQ20,SQ,20,-2.7633463,-3.592951539,-0.235741202,-0.802115707,AA2,0.00001,0.00001,0.541284,0.458696
KP0289_AC_WP20,WP20,WP,20,-2.1716075,3.677953829,-0.106721989,0.456144469,AA2,0.020472,0.924876,0.00001,0.054641
KP0291_AC_WP20,WP20,WP,20,-1.3859973,3.233873451,1.223598189,0.311007636,AA2,0.035046,0.932965,0.031979,0.00001
KP0292_AC_WP20,WP20,WP,20,-2.2431093,3.426087291,0.761882131,-0.981619591,AA2,0.00001,0.99997,0.00001,0.00001
KP0294_AC_WP20,WP20,WP,20,-2.3111866,2.152196354,-0.032545126,-0.146566025,AA2,0.00001,0.791222,0.121657,0.087111
KP0296_AC_WP20,WP20,WP,20,-2.8155054,4.459355496,-0.090906285,0.430169233,AA2,0.013607,0.986373,0.00001,0.00001
KP0299_AC_WP20,WP20,WP,20,-2.668364,4.298765977,-0.228277297,0.52279012,AA2,0.018985,0.980995,0.00001,0.00001
KP0300_AC_WP20,WP20,WP,20,-2.4392754,4.290152059,-0.29645545,0.638643779,AA2,0.023722,0.976258,0.00001,0.00001
KP0301_AC_WP20,WP20,WP,20,-2.4490689,2.492812791,0.148172969,0.280913271,AA2,0.00001,0.938434,0.061546,0.00001
KP0303_AC_WP20,WP20,WP,20,-1.4788122,3.979442255,0.61215765,0.669685982,AA2,0.00001,0.99997,0.00001,0.00001
KP0304_AC_WP20,WP20,WP,20,-2.2758594,4.902997174,0.245375983,0.363268504,AA2,0.00001,0.99997,0.00001,0.00001
KP0305_AC_WP20,WP20,WP,20,-1.2923842,3.620052868,0.54309268,1.425115723,AA2,0.00001,0.970079,0.029901,0.00001
KP0311_AC_WP20,WP20,WP,20,21.419344,0.131320133,-0.664753533,-0.331924015,AA1,0.99997,0.00001,0.00001,0.00001
KP0314_AC_WP20,WP20,WP,20,-2.914742,2.59298078,0.276312127,-0.510829385,AA2,0.00001,0.988935,0.011045,0.00001
KP0317_AC_WP20,WP20,WP,20,-1.7925405,1.469002469,-0.672713688,-0.187373364,AA2,0.00001,0.66675,0.151266,0.181973
KP0323_AC_WP20,WP20,WP,20,-2.6124154,3.080677858,-0.039343402,-3.556842972,AA2,0.00001,0.997733,0.002247,0.00001
KP0324_AC_WP20,WP20,WP,20,-2.42371,2.992521269,-0.024602582,-3.397165056,AA2,0.00001,0.99086,0.00912,0.00001
KP0325_AC_WP20,WP20,WP,20,-1.8499949,2.637759809,-0.069692987,-2.227254387,AA2,0.00001,0.99997,0.00001,0.00001
KP0326_AC_WP20,WP20,WP,20,-2.8089219,2.435859784,0.624613864,0.783200126,AA2,0.00001,0.85149,0.031384,0.117116
KP0327_AC_WP20,WP20,WP,20,-1.7781429,2.547847516,0.087531477,-3.168851825,AA2,0.00001,0.922869,0.077111,0.00001
KP0329_AC_WP20,WP20,WP,20,-2.6307582,2.971983091,0.449391904,0.0478831,AA2,0.00001,0.905949,0.00001,0.094031
KP0331_AC_WP20,WP20,WP,20,-2.5362974,4.14688913,2.106750356,0.330241058,AA2,0.00001,0.99997,0.00001,0.00001
KP0332_AC_WP20,WP20,WP,20,-2.6884808,4.263726348,2.071987142,0.181091322,AA2,0.00001,0.99997,0.00001,0.00001
KP0334_AC_WP20,WP20,WP,20,-2.6544691,4.208485116,2.126793503,0.199921912,AA2,0.00001,0.99997,0.00001,0.00001
KP0335_AC_WP20,WP20,WP,20,-2.0128252,4.005272708,-1.347173098,-0.027294068,AA2,0.00001,0.99997,0.00001,0.00001
KP0336_AC_WP20,WP20,WP,20,-2.1483246,3.973461977,-1.226253087,0.395436326,AA2,0.00001,0.99997,0.00001,0.00001
KP0337_AC_WP20,WP20,WP,20,-2.2629617,3.964812357,-1.414113752,0.473342652,AA2,0.00001,0.99997,0.00001,0.00001
KP0340_AC_WP20,WP20,WP,20,-1.5671187,-1.950079535,-0.786816668,0.362256424,AA2,0.00001,0.00001,0.925187,0.074793
KP0346_AC_WP20,WP20,WP,20,-2.6157321,1.519688792,-0.693652481,-0.473429802,AA2,0.00001,0.770656,0.229324,0.00001
KP0347_AC_WP20,WP20,WP,20,21.5101362,0.362112075,-0.21539127,-0.169693108,AA1,0.99997,0.00001,0.00001,0.00001
KP0349_LM_WP20,WP20,WP,20,-2.2422101,4.04455047,1.342675944,0.529597222,AA2,0.00001,0.99997,0.00001,0.00001
KP0352_AC_WP20,WP20,WP,20,-2.0784892,3.970790322,1.372807776,0.762260787,AA2,0.00001,0.99997,0.00001,0.00001
KP0354_AC_WP20,WP20,WP,20,-2.3572057,4.233026283,1.277248561,0.511336931,AA2,0.00001,0.99997,0.00001,0.00001
KP0355_AC_WP20,WP20,WP,20,-1.8930206,2.85911632,0.450698278,0.343940078,AA2,0.00001,0.99997,0.00001,0.00001
KP0360_AC_WP20,WP20,WP,20,-2.9733392,4.589010053,-0.246387798,-1.299232641,AA2,0.00001,0.99997,0.00001,0.00001
KP0361_LM_WP20,WP20,WP,20,-2.6181722,4.09288828,-0.271576822,-1.292751743,AA2,0.00001,0.99997,0.00001,0.00001
KP0362_AC_WP20,WP20,WP,20,-3.0031561,4.547591409,-0.311281538,-1.278869453,AA2,0.00001,0.99997,0.00001,0.00001
KP0363_AC_WP20,WP20,WP,20,-2.9095389,4.516534813,-0.270675795,-1.105629468,AA2,0.00001,0.99997,0.00001,0.00001
KP0365_AC_WP20,WP20,WP,20,-2.9230321,2.784895602,0.387713239,-1.011728539,AA2,0.00001,0.920715,0.079265,0.00001
KP0367_AC_WP20,WP20,WP,20,-3.0444143,2.764865465,0.546079451,-0.90961553,AA2,0.00001,0.919998,0.079982,0.00001
KP0368_AC_WP20,WP20,WP,20,-1.5920361,2.958952816,-0.33644921,1.86241016,AA2,0.036657,0.957826,0.00001,0.005507
KP0369_AC_WP20,WP20,WP,20,22.3216761,0.535006407,0.096618797,0.465818258,AA1,0.99997,0.00001,0.00001,0.00001
KP0372_AC_WP20,WP20,WP,20,-1.5022678,4.648525279,-0.457089568,-0.728243271,AA2,0.036339,0.828452,0.135199,0.00001
KP0373_AC_WP20,WP20,WP,20,17.9046242,0.566967377,-0.137966393,-0.452749764,AA1,0.99997,0.00001,0.00001,0.00001
KP0374_AC_WP20,WP20,WP,20,-1.8676323,3.149341601,1.663168614,0.98828612,AA2,0.023614,0.742318,0.00001,0.234057
KP0379_AC_WP20,WP20,WP,20,16.1558349,0.236435991,-0.454421053,0.236511036,AA1,0.99997,0.00001,0.00001,0.00001
KP0382_AC_WP20,WP20,WP,20,-2.9536839,3.764784394,1.274247525,-0.618640984,AA2,0.00001,0.99997,0.00001,0.00001
KP0383_AC_WP20,WP20,WP,20,-2.9827519,3.770129005,1.279106944,-0.632958771,AA2,0.00001,0.99997,0.00001,0.00001
KP0384_AC_WP20,WP20,WP,20,-1.7139694,2.746964217,-0.017124233,-3.0065803,AA2,0.00001,0.998023,0.001957,0.00001
KP0385_AC_WP20,WP20,WP,20,-3.7576996,5.77917839,1.960952557,1.678771551,AA2,0.00001,0.99997,0.00001,0.00001
KP0386_AC_WP20,WP20,WP,20,-3.4946491,5.827532874,1.968131558,1.175088553,AA2,0.00001,0.99997,0.00001,0.00001
KP0388_AC_WP20,WP20,WP,20,-3.7045522,5.759185153,1.929432602,1.839185453,AA2,0.00001,0.99997,0.00001,0.00001
KP0389_AC_WP20,WP20,WP,20,-3.688959,5.771006601,1.838315336,1.569349825,AA2,0.00001,0.99997,0.00001,0.00001
KP0390_AC_WP20,WP20,WP,20,-2.6910553,4.282304759,1.607421429,1.258666125,AA2,0.00001,0.99997,0.00001,0.00001
KP0392_AC_WP20,WP20,WP,20,23.3321919,0.696298403,0.639316935,0.495592917,AA1,0.99997,0.00001,0.00001,0.00001
KP0393_AC_WP20,WP20,WP,20,23.0259558,0.444408539,0.623044804,0.560033221,AA1,0.99997,0.00001,0.00001,0.00001
KP0394_AC_WP20,WP20,WP,20,23.2344191,0.91005893,0.461978068,0.664391751,AA1,0.99997,0.00001,0.00001,0.00001
KP0395_AC_WP20,WP20,WP,20,23.2646103,0.651979936,0.650302454,0.541196385,AA1,0.99997,0.00001,0.00001,0.00001
KP0396_AC_WP20,WP20,WP,20,23.454062,0.684941313,0.676749695,0.448354848,AA1,0.99997,0.00001,0.00001,0.00001
KP0398_AC_WP20,WP20,WP,20,23.3858112,0.604221007,0.585699227,0.49328572,AA1,0.99997,0.00001,0.00001,0.00001
KP0399_LM_WP20,WP20,WP,20,21.5483498,0.215132911,0.11303987,-0.334738481,AA1,0.99997,0.00001,0.00001,0.00001
KP0405_AC_WP20,WP20,WP,20,-1.8785288,3.246952902,-0.516589006,-0.188548075,AA2,0.00001,0.924534,0.075446,0.00001
KP0406_NA_NANA,WP20,WP,20,-2.6527383,3.399056631,-0.794607851,-0.479624977,AA2,0.00001,0.946337,0.053643,0.00001
KP0407_AC_CA05,CA05,CA,5,-1.5629181,-1.271576178,-1.350447102,2.191425289,AA2,0.00001,0.148274,0.327968,0.523748
KP0408_AC_CA05,CA05,CA,5,-1.9662306,-0.996492681,-2.32479801,2.249470252,AA2,0.016728,0.228865,0.104531,0.649876
KP0409_AC_CA05,CA05,CA,5,-2.1334838,-0.937042541,-0.895677577,1.677164365,AA2,0.00001,0.181479,0.426938,0.391573
KP0424_AC_CA05,CA05,CA,5,-2.8592133,-2.125904221,-1.479217429,1.356971864,AA2,0.00001,0.24852,0.069614,0.681856
KP0431_HU_CA05,CA05,CA,5,-1.5868947,-0.672334824,-0.496509397,2.411964465,AA2,0.00001,0.282485,0.080209,0.637297
KP0441_AC_CA05,CA05,CA,5,-2.1257421,-0.470769489,-2.357940841,1.750017753,AA2,0.00001,0.409361,0.172451,0.418178
KP0450_AC_WP20,WP20,WP,20,-3.0932679,3.851529815,-0.382340503,-0.411038561,AA2,0.00001,0.99997,0.00001,0.00001
KP0452_AC_WP20,WP20,WP,20,21.4211969,0.298100966,-0.260847299,-0.50785245,AA1,0.99997,0.00001,0.00001,0.00001
KP0454_AC_WP20,WP20,WP,20,-2.5098858,3.990429908,0.84046388,0.827064446,AA2,0.00001,0.99997,0.00001,0.00001
KP0457_AC_WP20,WP20,WP,20,-3.1210068,3.60051252,0.75797831,-0.237912063,AA2,0.04072,0.870841,0.00001,0.088429
KP0461_AC_WP20,WP20,WP,20,-1.7807194,2.627232316,-0.599430843,-0.590126257,AA2,0.011846,0.988134,0.00001,0.00001
KP0462_AC_WP20,WP20,WP,20,-2.5888413,3.688321764,-0.801411381,-0.275976642,AA2,0.014143,0.985837,0.00001,0.00001
KP0463_AC_WP20,WP20,WP,20,15.5741195,0.961542586,-0.404897796,-0.610762193,AA1,0.99997,0.00001,0.00001,0.00001
KP0464_AC_WP20,WP20,WP,20,-2.7008434,3.405220343,0.170285201,-0.276471035,AA2,0.00001,0.99997,0.00001,0.00001
KP0467_AC_WP20,WP20,WP,20,-2.4186609,2.662929446,0.329103064,-0.265371477,AA2,0.00001,0.99997,0.00001,0.00001
KP0468_AC_WP20,WP20,WP,20,-3.7025297,3.510490571,-0.296288305,0.374767711,AA2,0.00001,0.99997,0.00001,0.00001
KP0470_AC_WP20,WP20,WP,20,-1.66044,2.744366021,0.35890899,0.386466492,AA2,0.00001,0.891497,0.00001,0.108483
KP0471_AC_WP20,WP20,WP,20,-3.1925674,3.096491057,0.21469617,0.165109886,AA2,0.00001,0.99997,0.00001,0.00001
KP0475_AC_WP20,WP20,WP,20,-2.2934253,1.499427099,-0.002040316,0.848109073,AA2,0.00001,0.901961,0.00001,0.098019
KP0477_AC_WP20,WP20,WP,20,-2.3350178,1.740276225,0.003337373,0.940466003,AA2,0.00001,0.903499,0.00001,0.096481
KP0479_AC_WP20,WP20,WP,20,-2.587125,3.868433273,0.021726396,0.089935173,AA2,0.00001,0.99997,0.00001,0.00001
KP0481_AC_WP20,WP20,WP,20,-3.6995863,5.856645342,2.080755525,1.734368092,AA2,0.00001,0.99997,0.00001,0.00001
KP0484_AC_WP20,WP20,WP,20,-2.1223103,2.853065671,0.483657144,-0.25283463,AA2,0.00001,0.99997,0.00001,0.00001
KP0485_AC_WP20,WP20,WP,20,-2.9892803,2.080701613,0.674751095,-0.178342753,AA2,0.00001,0.933374,0.00001,0.066606
KP0486_AC_WP20,WP20,WP,20,20.4063736,0.656321217,-0.524609462,0.368185297,AA1,0.999965,0.000015,0.00001,0.00001
KP0487_AC_WP20,WP20,WP,20,-2.8397628,3.185845554,2.058496487,-4.789387579,AA2,0.00001,0.954865,0.045115,0.00001
KP0488_AC_WP20,WP20,WP,20,-2.8662612,3.168250713,2.030967126,-4.119412212,AA2,0.00001,0.950531,0.049449,0.00001
KP0489_AC_WP20,WP20,WP,20,-2.5378632,2.285604178,-0.169431208,-0.280912795,AA2,0.00001,0.99997,0.00001,0.00001
KP0490_AC_WP20,WP20,WP,20,-2.9405637,3.784932214,-0.181865372,-0.113427259,AA2,0.00001,0.99997,0.00001,0.00001
KP0491_AC_WP20,WP20,WP,20,-1.6245517,4.833459211,2.767417499,-5.959866411,AA2,0.00001,0.99997,0.00001,0.00001
KP0492_AC_WP20,WP20,WP,20,-1.4314865,4.333048786,2.603880192,-5.615947017,AA2,0.00001,0.99997,0.00001,0.00001
KP0493_AC_WP20,WP20,WP,20,-1.634815,4.795255708,2.870518631,-5.900605629,AA2,0.00001,0.99997,0.00001,0.00001
KP0494_AC_WP20,WP20,WP,20,-3.001929,4.373132239,0.112594056,0.548265807,AA2,0.00001,0.907671,0.032195,0.060124
KP0495_AC_WP20,WP20,WP,20,-2.905747,4.29001148,0.207319664,0.351255414,AA2,0.00001,0.939614,0.00001,0.060366
KP0499_AC_WP20,WP20,WP,20,-1.6138377,4.767981702,2.834594887,-5.947071081,AA2,0.00001,0.99997,0.00001,0.00001
KP0500_AC_WP20,WP20,WP,20,-0.8646927,3.493004898,1.714278681,-4.301327686,AA2,0.00001,0.99997,0.00001,0.00001
KP0501_AC_WP20,WP20,WP,20,-1.6084451,4.679905838,2.775144698,-5.982538827,AA2,0.000011,0.999969,0.00001,0.00001
KP0505_AC_WP20,WP20,WP,20,-1.3915552,1.803229782,-0.361696342,-0.287700121,AA2,0.013342,0.743795,0.00001,0.242853
KP0508_AC_WP20,WP20,WP,20,-2.6114631,3.94019319,-0.009756559,0.907538757,AA2,0.00001,0.851824,0.00001,0.148156
KP0510_AC_WP20,WP20,WP,20,-3.2909427,3.082124321,0.104715936,0.772858942,AA2,0.00001,0.899385,0.00001,0.100595
KP0512_AC_WP20,WP20,WP,20,-3.3797511,3.037060604,0.234973837,0.782675218,AA2,0.00001,0.904292,0.00001,0.095688
KP0513_AC_WP20,WP20,WP,20,-2.9161271,2.750439878,0.011743784,0.647964508,AA2,0.00001,0.887897,0.00001,0.112083
KP0515_AC_WP20,WP20,WP,20,-2.496649,4.215473488,0.559930467,1.167073065,AA2,0.00001,0.932271,0.00001,0.067709
KP0516_AC_WP20,WP20,WP,20,-2.5434882,4.323057279,0.392482321,1.090628458,AA2,0.00001,0.937088,0.00001,0.062892
KP0521_AC_WP20,WP20,WP,20,-2.3744682,4.242817454,0.420052344,0.42213072,AA2,0.00001,0.893726,0.00001,0.106254
KP0522_AC_WP20,WP20,WP,20,-1.9511052,3.377486928,0.233500149,0.621531232,AA2,0.00001,0.902497,0.00001,0.097483
KP0523_AC_WP20,WP20,WP,20,-2.1667971,2.967356005,-0.900727317,0.051101758,AA2,0.00001,0.761524,0.171498,0.066967
KP0524_AC_WP20,WP20,WP,20,-2.0462144,2.901876722,-0.88086538,0.109552246,AA2,0.00001,0.755848,0.164994,0.079148
KP0526_AC_WP20,WP20,WP,20,-1.8292037,2.269510966,1.234895813,-4.039284316,AA2,0.00001,0.870732,0.09249,0.036768
KP0528_AC_WP20,WP20,WP,20,-2.307709,3.849185452,0.711942084,-1.755074401,AA2,0.00001,0.99997,0.00001,0.00001
KP0530_AC_WP20,WP20,WP,20,-2.3369335,3.824557784,0.821781413,-1.762707385,AA2,0.00001,0.99997,0.00001,0.00001
KP0532_AC_WP20,WP20,WP,20,-2.5329775,3.222125611,1.6505704,-4.262955788,AA2,0.00001,0.950243,0.00001,0.049737
KP0533_AC_WP20,WP20,WP,20,-2.115378,3.839899428,0.453054704,0.136344064,AA2,0.00001,0.962178,0.00001,0.037802
KP0535_AC_WP20,WP20,WP,20,-2.0739253,2.425652956,0.446364378,0.132433211,AA2,0.00001,0.940295,0.059685,0.00001
KP0536_AC_WP20,WP20,WP,20,-2.4462146,3.107327239,0.145909463,-0.582623879,AA2,0.00001,0.832489,0.167491,0.00001
KP0537_AC_WP20,WP20,WP,20,-2.1900118,4.073884906,1.421293266,-2.157197526,AA2,0.00001,0.99997,0.00001,0.00001
KP0538_AC_WP20,WP20,WP,20,-1.8799946,2.455107951,0.143507595,0.142732091,AA2,0.00001,0.962069,0.037911,0.00001
KP0539_AC_WP20,WP20,WP,20,-1.7900762,4.182401196,0.270234715,-2.4365912,AA2,0.00001,0.948503,0.051477,0.00001
KP0543_AC_WP20,WP20,WP,20,-2.0100384,3.645868641,-0.31090392,-1.182435598,AA2,0.00001,0.907059,0.00001,0.092921
KP0545_AC_WP20,WP20,WP,20,-2.4215295,4.090595093,-0.442475948,-1.436387831,AA2,0.00001,0.949216,0.00001,0.050764
KP0546_AC_WP20,WP20,WP,20,-1.8104975,4.162460309,0.230378383,-2.454066642,AA2,0.00001,0.940374,0.059606,0.00001
KP0549_AC_WP20,WP20,WP,20,-1.8743435,3.518813135,-0.128761238,-0.822387143,AA2,0.00001,0.948318,0.00001,0.051662
KP0554_AC_WP20,WP20,WP,20,-3.198164,3.782115842,0.371448994,1.219150633,AA2,0.00001,0.850119,0.149861,0.00001
KP0559_AC_WP20,WP20,WP,20,17.0256236,0.206976737,-0.167592899,-0.427118552,AA1,0.99997,0.00001,0.00001,0.00001
KP0563_AC_WP20,WP20,WP,20,20.8063832,0.586846254,-0.430777215,0.050024073,AA1,0.99997,0.00001,0.00001,0.00001
KP0565_LM_WP20,WP20,WP,20,15.1633747,-0.091488913,-0.052390993,0.200978219,AA1,0.99997,0.00001,0.00001,0.00001
KP0568_AC_WP20,WP20,WP,20,-2.4476691,3.168519112,0.673691063,-0.642350951,AA2,0.00001,0.846317,0.153663,0.00001
KP0569_AC_WP20,WP20,WP,20,22.4743788,-0.005390753,-0.405193595,-0.144042774,AA1,0.99997,0.00001,0.00001,0.00001
KP0571_AC_WP20,WP20,WP,20,-2.8370016,4.179197237,-0.262128007,-0.747912054,AA2,0.00001,0.814476,0.183463,0.002051
KP0572_AC_WP20,WP20,WP,20,-3.0741425,4.559225582,0.257408487,0.57233165,AA2,0.00001,0.99997,0.00001,0.00001
KP0575_AC_WP20,WP20,WP,20,21.8975019,0.685133242,-0.404419929,-0.050674197,AA1,0.99997,0.00001,0.00001,0.00001
KP0576_AC_WP20,WP20,WP,20,22.2752254,0.389157034,0.341054551,0.422032761,AA1,0.99997,0.00001,0.00001,0.00001
KP0577_AC_WP20,WP20,WP,20,18.9866869,0.212002835,-0.120119217,-0.24716955,AA1,0.99997,0.00001,0.00001,0.00001
KP0579_AC_WP20,WP20,WP,20,-2.8923582,2.218417,0.221477732,0.045289188,AA2,0.00001,0.909671,0.090309,0.00001
KP0581_AC_WP20,WP20,WP,20,22.5112629,0.116025137,-0.290855015,0.120054314,AA1,0.99997,0.00001,0.00001,0.00001
KP0583_LM_WP20,WP20,WP,20,-2.4896947,-2.309167012,-1.023293937,0.803552788,AA2,0.00001,0.00001,0.99997,0.00001
KP0584_AC_WP20,WP20,WP,20,21.9546103,0.384676486,-0.26071227,-0.238717539,AA1,0.99997,0.00001,0.00001,0.00001
KP0590_AC_WP20,WP20,WP,20,21.7477483,0.601817053,-0.048248348,0.59578532,AA1,0.999967,0.00001,0.000013,0.00001
KP0591_AC_WP20,WP20,WP,20,21.4150722,0.326649676,0.141591266,0.125840183,AA1,0.99997,0.00001,0.00001,0.00001
KP0593_AC_SB20,SB20,SB,20,-1.4402447,-2.603586939,-1.115003504,-0.263278759,AA2,0.00001,0.29601,0.68653,0.01745
KP0595_AC_SB20,SB20,SB,20,-1.4546687,-3.256921685,-0.416864648,-1.923538004,AA2,0.00001,0.00001,0.739585,0.260395
KP0596_AC_SB20,SB20,SB,20,-3.0781288,-3.40565078,-1.860051837,1.042401234,AA2,0.00001,0.096365,0.751469,0.152156
KP0600_AC_SB20,SB20,SB,20,-1.6005286,-3.247346841,-0.480660218,-1.930780368,AA2,0.00001,0.00001,0.743681,0.256299
KP0604_AC_SB20,SB20,SB,20,-1.9487501,-3.021184933,-0.782591436,-1.132888535,AA2,0.00001,0.098982,0.900998,0.00001
KP0607_AC_SB20,SB20,SB,20,20.7569282,1.113884202,-0.190293585,-0.131751543,AA1,0.999968,0.00001,0.000012,0.00001
KP0608_AC_SB20,SB20,SB,20,-2.6307818,3.764691881,0.129713546,0.235307451,AA2,0.00001,0.99997,0.00001,0.00001
KP0611_LM_SB20,SB20,SB,20,-2.1616605,-3.236836336,0.015133221,-0.288686947,AA2,0.00001,0.00001,0.99997,0.00001
KP0625_AC_SB20,SB20,SB,20,-1.7085111,-2.768405623,0.35683202,-0.100977865,AA2,0.010348,0.113237,0.778298,0.098118
KP0626_AC_SB20,SB20,SB,20,-1.976804,-2.696451733,0.490944551,0.492649821,AA2,0.00001,0.00001,0.809263,0.190717
KP0636_AC_SB20,SB20,SB,20,-1.0717451,-2.294712724,-1.224722829,-0.909882229,AA2,0.00001,0.170166,0.702391,0.127433
KP0638_AC_SB20,SB20,SB,20,-1.1268006,-2.464579198,-0.584308165,-0.113497552,AA2,0.029127,0.095861,0.790774,0.084239
KP0640_AC_SB20,SB20,SB,20,-2.5355076,-4.247193014,-0.893514584,-0.874657075,AA2,0.00001,0.00001,0.99997,0.00001
KP0643_AC_SB20,SB20,SB,20,-2.4789539,-2.496816361,-0.243279779,-1.909724273,AA2,0.00001,0.098581,0.901399,0.00001
KP0645_AC_SB20,SB20,SB,20,-1.7974274,-2.865940608,-0.497515327,-1.511577724,AA2,0.00001,0.066594,0.933386,0.00001
KP0646_AC_SB20,SB20,SB,20,-2.114593,-2.359126932,0.263234577,-0.57555956,AA2,0.012794,0.099883,0.70718,0.180144
KP0647_AC_SB20,SB20,SB,20,-1.791746,-3.308283014,0.272580881,-0.803962147,AA2,0.019849,0.018114,0.888163,0.073874
KP0648_AC_SB20,SB20,SB,20,-1.5688353,-2.675306113,-0.801283503,0.509992837,AA2,0.043114,0.105763,0.817736,0.033386
KP0649_AC_SB20,SB20,SB,20,-2.95068,-3.588523415,-0.364640678,-0.157511959,AA2,0.00001,0.050355,0.587831,0.361804
KP0652_AC_SB20,SB20,SB,20,-1.4191363,-2.764730953,-0.171313694,-1.01200512,AA2,0.00001,0.214881,0.76163,0.023479
KP0654_AC_SB20,SB20,SB,20,-1.1974377,-2.163876585,-0.209088843,-0.915293813,AA2,0.00001,0.00001,0.81556,0.18442
KP0658_AC_SB20,SB20,SB,20,-1.9975347,-3.551841976,-1.419116852,-2.247607044,AA2,0.00001,0.081679,0.918301,0.00001
KP0660_AC_SB20,SB20,SB,20,-1.9959517,-4.030737911,-1.599969177,-2.2032793,AA2,0.00001,0.081859,0.918121,0.00001
KP0661_AC_SB20,SB20,SB,20,-1.1369138,-2.254928842,0.029981049,0.444443348,AA2,0.00001,0.000069,0.631745,0.368176
KP0662_AC_SB20,SB20,SB,20,-1.5741218,-2.073399503,0.09419035,-1.175248032,AA2,0.023477,0.048282,0.792403,0.135838
KP0665_AC_SB20,SB20,SB,20,-2.8391998,-2.497333591,-0.419553308,-0.300089522,AA2,0.00001,0.17806,0.713058,0.108872
KP0667_AC_SB20,SB20,SB,20,-3.0354532,-2.837881103,-1.000949597,1.024131969,AA2,0.00001,0.00001,0.99997,0.00001
KP0668_AC_SB20,SB20,SB,20,-1.7090394,-3.244203544,-1.05722574,-0.464913231,AA2,0.00001,0.00001,0.891922,0.108058
KP0669_AC_SB20,SB20,SB,20,-0.6686442,-2.940002702,1.11436149,-0.152944387,AA2,0.00001,0.049384,0.771115,0.179491
KP0673_NA_NANA,SB20,SB,20,-2.9973979,-2.649822095,-0.978770809,1.353438597,AA2,0.00001,0.00001,0.99997,0.00001
KP0678_AC_SB20,SB20,SB,20,20.1090298,-0.005831247,0.998171474,0.31808147,AA1,0.99997,0.00001,0.00001,0.00001
KP0679_AC_SB20,SB20,SB,20,-0.9865017,-3.677748689,-0.09006734,-1.841700036,AA2,0.046368,0.050177,0.61886,0.284595
KP0681_AC_SB20,SB20,SB,20,-1.0382853,-3.101917975,0.388188961,-1.592072457,AA2,0.035885,0.046489,0.682578,0.235048
KP0686_AC_SB20,SB20,SB,20,-1.3369806,-2.277010825,-1.222819753,0.76720895,AA2,0.00001,0.17186,0.629781,0.198349
KP0688_AC_SB20,SB20,SB,20,-1.5182348,-3.370372856,-1.812359147,-0.611929879,AA2,0.011735,0.188579,0.727116,0.072571
KP0690_AC_SB20,SB20,SB,20,19.7257611,0.004652966,-0.70692992,0.180945346,AA1,0.999969,0.000011,0.00001,0.00001
KP0691_AC_SB20,SB20,SB,20,-1.7346275,-3.886828201,-2.252051932,-3.387538458,AA2,0.00001,0.00001,0.99997,0.00001
KP0693_AC_SB20,SB20,SB,20,-1.7003586,-3.947084155,-2.114549302,-3.45251396,AA2,0.00001,0.00001,0.99997,0.00001
KP0696_AC_SB20,SB20,SB,20,19.8019055,0.897271308,-0.064896552,0.00947667,AA1,0.960493,0.00001,0.00001,0.039487
KP0698_AC_SB20,SB20,SB,20,-2.3858131,-2.948757593,-0.471229447,-0.683138442,AA2,0.006299,0.062867,0.76893,0.161904
KP0699_AC_SB20,SB20,SB,20,-1.9157171,-3.662665828,-2.028632895,-3.334247757,AA2,0.00001,0.00001,0.99997,0.00001
KP0701_AC_SB20,SB20,SB,20,-1.4179366,-3.293800793,-1.530847921,-2.991685407,AA2,0.00001,0.00001,0.99997,0.00001
KP0703_AC_SB20,SB20,SB,20,-0.9448237,-2.684717446,-0.26930049,-0.88494227,AA2,0.023583,0.099186,0.877221,0.00001
KP0704_AC_SB20,SB20,SB,20,-1.4924681,-4.124094288,-1.165887312,-2.341514757,AA2,0.00001,0.00001,0.902373,0.097607
KP0708_AC_SB20,SB20,SB,20,-2.1326776,-3.136520483,0.214860063,-0.204862751,AA2,0.00001,0.124627,0.799577,0.075786
KP0709_AC_SB20,SB20,SB,20,-0.51575,-2.274353462,-0.348280025,-0.362526604,AA2,0.019115,0.131837,0.770597,0.078451
KP0711_AC_SB20,SB20,SB,20,-1.6615592,-3.028865135,-0.984648164,-0.540748389,AA2,0.00001,0.156121,0.810516,0.033354
KP0712_AC_SB20,SB20,SB,20,-1.5622809,-1.032614294,0.323021022,0.054952769,AA2,0.00001,0.195383,0.570646,0.233961
KP0714_AC_SB20,SB20,SB,20,-1.2602765,-3.312193748,-1.393806263,-0.24095691,AA2,0.00001,0.05735,0.808303,0.134337
KP0717_AC_SB20,SB20,SB,20,-1.4066919,-2.776604739,-0.482039283,0.770410687,AA2,0.00001,0.066327,0.62082,0.312844
KP0720_AC_SB20,SB20,SB,20,-1.6375681,-2.088580081,0.69460016,-1.000853861,AA2,0.011833,0.078493,0.909664,0.00001
KP0724_AC_SB20,SB20,SB,20,-1.3292202,-1.261357617,-0.765124777,-0.282848299,AA2,0.00001,0.159157,0.611508,0.229325
KP0727_AC_SB20,SB20,SB,20,-1.33506,-3.386553066,0.284164269,0.564638799,AA2,0.00001,0.00001,0.763881,0.236099
KP0730_AC_SB20,SB20,SB,20,-2.6812327,-2.55354533,0.898412275,-0.440921634,AA2,0.028704,0.081154,0.587481,0.30266
KP0734_AC_SB20,SB20,SB,20,-1.2577258,-3.40694334,-1.040415723,0.196388186,AA2,0.00001,0.092855,0.695137,0.211998
KP0741_AC_WP10,WP10,WP,10,-2.3909466,2.263261327,0.015431538,1.491236999,AA2,0.00001,0.99997,0.00001,0.00001
KP0742_AC_WP10,WP10,WP,10,-2.0611491,3.868555678,0.086533536,0.136800996,AA2,0.00001,0.90866,0.09132,0.00001
KP0743_AC_WP10,WP10,WP,10,-3.2372206,2.782912373,0.434425876,1.520368924,AA2,0.00001,0.970817,0.029163,0.00001
KP0745_AC_WP10,WP10,WP,10,-3.1016635,2.064814444,0.430224392,1.163351249,AA2,0.00001,0.942249,0.057731,0.00001
KP0746_AC_WP10,WP10,WP,10,-1.8380551,3.154471931,-0.81611549,-0.522121669,AA2,0.00001,0.852367,0.147613,0.00001
KP0747_AC_WP20,WP20,WP,20,-2.6682997,3.816420396,0.113416837,-0.066302418,AA2,0.00001,0.949185,0.033304,0.0175
KP0748_AC_WP10,WP10,WP,10,-2.2042266,2.870216972,-0.151794375,-0.636246047,AA2,0.013658,0.869595,0.116737,0.00001
KP0749_AC_WP20,WP20,WP,20,-2.6560288,3.264959687,-0.25816025,-0.271268422,AA2,0.00001,0.910674,0.069598,0.019718
KP0751_AC_WP10,WP10,WP,10,-2.3529994,3.65691201,-0.153484793,-1.162298144,AA2,0.00001,0.828869,0.171111,0.00001
KP0753_AC_WP10,WP10,WP,10,-2.6743133,2.290677558,-0.816938153,-0.095558835,AA2,0.00001,0.935547,0.00001,0.064433
KP0757_AC_WP10,WP10,WP,10,-2.4948055,3.450244431,0.743637541,0.157700385,AA2,0.00001,0.914661,0.00001,0.085319
KP0758_AC_WP10,WP10,WP,10,-2.9304879,1.942434273,0.713346254,0.65171975,AA2,0.00001,0.99997,0.00001,0.00001
KP0760_AC_WP10,WP10,WP,10,-2.5893966,3.977400989,-0.121960127,1.282689061,AA2,0.00001,0.908487,0.081653,0.00985
KP0761_AC_WP10,WP10,WP,10,-2.1744278,3.280781259,1.437991667,0.606271925,AA2,0.001686,0.940927,0.057378,0.00001
KP0767_AC_WP10,WP10,WP,10,-2.0066454,3.377457027,0.162137508,0.074887111,AA2,0.00001,0.959865,0.040115,0.00001
KP0769_AC_WP10,WP10,WP,10,20.7194344,1.070453403,-0.379325935,0.709539688,AA1,0.99997,0.00001,0.00001,0.00001
KP0771_AC_WP10,WP10,WP,10,-2.8231514,2.758838257,0.466640236,-0.26396838,AA2,0.00001,0.935885,0.064095,0.00001
KP0773_AC_WP10,WP10,WP,10,-2.593082,3.625721485,-0.516519243,-0.517642322,AA2,0.00001,0.778106,0.221874,0.00001
KP0777_AC_WP10,WP10,WP,10,-1.5161168,2.081729965,0.733293951,0.036930181,AA2,0.00001,0.863506,0.092596,0.043888
KP0779_AC_WP10,WP10,WP,10,-2.0574081,2.354716555,0.920531268,0.115610479,AA2,0.00001,0.960525,0.032118,0.007347
KP0782_AC_WP10,WP10,WP,10,-2.5887906,3.600898732,-1.181257203,-1.344545569,AA2,0.00001,0.99997,0.00001,0.00001
KP0787_AC_WP10,WP10,WP,10,-1.583288,2.2666409,-0.168316478,0.47647243,AA2,0.015467,0.984509,0.000014,0.00001
KP0788_AC_WP10,WP10,WP,10,-3.4601468,4.237381519,-1.26556613,-1.154806487,AA2,0.00001,0.99997,0.00001,0.00001
KP0790_AC_WP10,WP10,WP,10,-1.8456799,2.989864323,0.212974691,0.314211889,AA2,0.00001,0.99997,0.00001,0.00001
KP0792_AC_WP10,WP10,WP,10,-2.1599723,3.28285012,0.116220957,0.581590542,AA2,0.00001,0.99997,0.00001,0.00001
KP0793_AC_WP10,WP10,WP,10,-2.2600857,2.670790294,-0.636350244,0.039741147,AA2,0.00001,0.793115,0.167071,0.039804
KP0794_AC_WP10,WP10,WP,10,-3.5458634,4.262138169,-1.342007702,-1.147672442,AA2,0.00001,0.99997,0.00001,0.00001
KP0796_AC_WP10,WP10,WP,10,-3.048705,3.999560826,-1.03571604,-0.955415702,AA2,0.00001,0.99997,0.00001,0.00001
KP0797_AC_WP10,WP10,WP,10,-3.0312464,3.109417523,-0.316992524,-0.445968114,AA2,0.00001,0.909574,0.090406,0.00001
KP0799_AC_WP10,WP10,WP,10,-2.0173004,3.088418904,0.505357748,-0.454146487,AA2,0.00001,0.99997,0.00001,0.00001
KP0800_AC_WP10,WP10,WP,10,-3.5735708,4.227339337,-1.476926221,-1.15490075,AA2,0.00001,0.99997,0.00001,0.00001
KP0801_AC_WP10,WP10,WP,10,-1.8964133,-2.833494453,-1.478698259,-1.278058763,AA2,0.00001,0.00001,0.99997,0.00001
KP0802_AC_WP10,WP10,WP,10,-3.2320558,3.633121533,1.157596166,0.919740854,AA2,0.00001,0.99997,0.00001,0.00001
KP0804_AC_WP10,WP10,WP,10,-3.4655689,4.294553218,-1.393860174,-1.139436135,AA2,0.00001,0.99997,0.00001,0.00001
KP0808_AC_WP10,WP10,WP,10,-2.3027496,2.343711319,0.258512029,1.759474957,AA2,0.00001,0.99997,0.00001,0.00001
KP0810_AC_WP10,WP10,WP,10,-2.7944935,3.53889119,1.088589597,0.884807731,AA2,0.00001,0.99997,0.00001,0.00001
KP0811_AC_WP10,WP10,WP,10,-3.1387853,3.594678953,0.630525609,0.953311697,AA2,0.01774,0.98224,0.00001,0.00001
KP0812_AC_WP10,WP10,WP,10,-2.9590082,3.016316808,0.125106848,-0.930360522,AA2,0.00001,0.99997,0.00001,0.00001
KP0815_AC_WP10,WP10,WP,10,-3.1375339,2.763072186,-0.354188368,-0.740546504,AA2,0.00001,0.835443,0.164537,0.00001
KP0816_AC_WP10,WP10,WP,10,-2.6037986,2.753814087,-0.126663541,-1.354409289,AA2,0.00001,0.99997,0.00001,0.00001
KP0822_AC_WP10,WP10,WP,10,-2.5490245,3.210111344,0.200687108,0.524950824,AA2,0.00001,0.99997,0.00001,0.00001
KP0823_AC_WP10,WP10,WP,10,-3.0756499,2.370964678,0.042994602,0.238175094,AA2,0.00001,0.949123,0.00001,0.050857
KP0824_AC_WP10,WP10,WP,10,-1.1646852,2.504939215,1.183632065,-0.877149392,AA2,0.04883,0.95115,0.00001,0.00001
KP0828_AC_WP10,WP10,WP,10,-1.4493635,2.846433064,1.645244936,-0.724094269,AA2,0.023724,0.976256,0.00001,0.00001
KP0830_AC_WP10,WP10,WP,10,-3.3147288,2.449615245,-0.053968617,1.057328074,AA2,0.00001,0.985155,0.00001,0.014825
KP0832_AC_WP10,WP10,WP,10,-3.0839968,2.074979583,0.102473423,1.002291338,AA2,0.00001,0.954476,0.00001,0.045504
KP0833_AC_WP10,WP10,WP,10,-1.825264,3.41583305,1.476903384,-0.897484844,AA2,0.00001,0.918433,0.081547,0.00001
KP0835_AC_WP10,WP10,WP,10,-2.0864864,3.608446508,1.327725704,-0.998417812,AA2,0.00001,0.918283,0.081697,0.00001
KP0837_AC_WP10,WP10,WP,10,-1.6052527,-3.158121054,-0.233288404,0.649283853,AA2,0.00001,0.040504,0.817033,0.142453
KP0844_UN_NANA,WP10,WP,10,-2.9591043,4.129411398,0.426704555,1.509686742,AA2,0.00001,0.820522,0.00001,0.179458
KP0846_AC_WP10,WP10,WP,10,-2.450271,3.422710294,0.512600325,1.25966342,AA2,0.00001,0.833428,0.00001,0.166552
KP0852_AC_WP10,WP10,WP,10,-3.1330345,4.288493906,0.494320869,1.760938071,AA2,0.00001,0.831538,0.00001,0.168442
KP0857_AC_WP10,WP10,WP,10,-2.4192778,3.158837371,0.091351785,-0.038591155,AA2,0.019683,0.79179,0.118205,0.070322
KP0861_AC_WP10,WP10,WP,10,-2.6869429,2.691978959,0.889493363,0.64081097,AA2,0.00001,0.84597,0.125858,0.028162
KP0866_AC_WP10,WP10,WP,10,-2.1240055,1.975922439,0.630788221,0.266128652,AA2,0.00001,0.870884,0.028519,0.100587
KP0867_AC_WP10,WP10,WP,10,-2.1274741,2.856114672,0.029381818,0.779784011,AA2,0.00001,0.904199,0.00001,0.095781
KP0871_AC_WP10,WP10,WP,10,-2.393201,3.264967609,0.131434709,0.686077255,AA2,0.00001,0.922863,0.02393,0.053197
KP0879_AC_WP10,WP10,WP,10,-3.2402925,2.75675374,0.037659605,-0.807587267,AA2,0.00001,0.842394,0.134204,0.023392
KP0880_HU_WP10,WP10,WP,10,-2.7720358,4.241380393,0.239220311,0.194526607,AA2,0.00001,0.99997,0.00001,0.00001
KP0881_AC_WP10,WP10,WP,10,-2.6907273,2.039857563,-0.886351162,-1.005684646,AA2,0.00001,0.716107,0.060719,0.223164
KP0882_AC_WP10,WP10,WP,10,-1.7404276,4.789096143,1.329609468,0.819971498,AA2,0.00001,0.99997,0.00001,0.00001
KP0883_AC_WP10,WP10,WP,10,-2.1210898,3.873368891,0.224828157,1.014921883,AA2,0.00001,0.99997,0.00001,0.00001
KP0884_AC_WP10,WP10,WP,10,-2.907924,2.418495946,-0.529347842,-0.229867787,AA2,0.00001,0.886503,0.00001,0.113477
KP0885_AC_WP10,WP10,WP,10,-1.8093527,2.827189748,-0.221918978,0.396901933,AA2,0.00001,0.965106,0.034874,0.00001
KP0887_AC_WP10,WP10,WP,10,-1.7560173,2.845614234,-0.255000316,0.39512934,AA2,0.00001,0.965874,0.034106,0.00001
KP0895_AC_WP10,WP10,WP,10,-2.8711618,2.426944615,0.43793003,-0.150494113,AA2,0.00001,0.786232,0.213748,0.00001
KP0897_AC_WP10,WP10,WP,10,-1.8110766,2.580274512,-0.00111144,0.008577021,AA2,0.00001,0.99997,0.00001,0.00001
KP0898_AC_WP10,WP10,WP,10,-3.0080303,3.013619691,0.294704153,0.167573824,AA2,0.00001,0.99997,0.00001,0.00001
KP0900_AC_WP10,WP10,WP,10,-2.7702096,3.614017534,1.016288214,-0.038258019,AA2,0.00001,0.99997,0.00001,0.00001
KP0909_AC_WP10,WP10,WP,10,-1.9063429,2.552028309,0.694713333,-1.638848642,AA2,0.00001,0.868223,0.131757,0.00001
KP0912_AC_WP10,WP10,WP,10,-2.3606316,3.693209678,-0.576367038,0.409130213,AA2,0.00001,0.99997,0.00001,0.00001
KP0913_AC_WP10,WP10,WP,10,-2.1099095,2.623136165,0.640678654,0.069162548,AA2,0.00001,0.941994,0.057986,0.00001
KP0915_AC_WP10,WP10,WP,10,-2.5307679,3.769593857,-0.078414082,-0.523255477,AA2,0.00001,0.99997,0.00001,0.00001
KP0916_AC_WP10,WP10,WP,10,-2.1500703,2.484053538,0.780269433,0.907763579,AA2,0.00001,0.856698,0.143282,0.00001
KP0917_AC_WP10,WP10,WP,10,-2.9750385,3.830743399,0.957400992,-0.14615937,AA2,0.00001,0.99997,0.00001,0.00001
KP0918_AC_WP10,WP10,WP,10,-2.568961,3.101320075,-0.941536749,0.169037724,AA2,0.00001,0.74399,0.25599,0.00001
KP0919_AC_WP10,WP10,WP,10,-2.6068746,2.519522621,0.050979563,-1.0353973,AA2,0.00001,0.99997,0.00001,0.00001
KP0925_AC_WP10,WP10,WP,10,-2.4083275,2.7583707,-0.404486763,1.405383548,AA2,0.00001,0.99997,0.00001,0.00001
KP0926_AC_WP10,WP10,WP,10,-2.5332811,4.376529586,-0.659789107,0.466415873,AA2,0.00001,0.99997,0.00001,0.00001
KP0928_AC_WP10,WP10,WP,10,-2.6790657,1.894469841,0.541673089,0.326683898,AA2,0.00001,0.921409,0.078571,0.00001
KP0929_AC_WP10,WP10,WP,10,-2.367054,2.870115531,-0.621129082,1.668460279,AA2,0.00001,0.99997,0.00001,0.00001
KP0930_AC_WP10,WP10,WP,10,-1.6213859,2.407376676,-0.330678769,-0.696927774,AA2,0.00001,0.99997,0.00001,0.00001
KP0931_AC_WP10,WP10,WP,10,-2.4546902,3.079614212,-0.43980133,1.89255272,AA2,0.00001,0.881145,0.00001,0.118835
KP0932_AC_WP10,WP10,WP,10,-1.2307247,2.006181673,-0.476870699,-0.883595136,AA2,0.00001,0.945005,0.054975,0.00001
KP0933_AC_WP10,WP10,WP,10,-2.2026821,3.000661985,0.19122002,-0.784217128,AA2,0.00001,0.859604,0.140376,0.00001
KP0934_AC_WP10,WP10,WP,10,-1.9182101,3.980938322,-0.438670324,1.536309036,AA2,0.00001,0.958923,0.041057,0.00001
KP0936_AC_WP10,WP10,WP,10,-2.5720431,2.647404842,0.327277772,0.302360766,AA2,0.00001,0.888484,0.111496,0.00001
KP0937_AC_WP10,WP10,WP,10,-2.4368151,2.848648081,-1.004248767,0.186216566,AA2,0.00001,0.820787,0.179193,0.00001
KP0938_HU_WP10,WP10,WP,10,22.1565763,0.50006562,0.32545907,0.197174445,AA1,0.99997,0.00001,0.00001,0.00001
KP0940_AC_WP10,WP10,WP,10,-3.2155383,3.204807446,-0.085161571,-0.586079137,AA2,0.00001,0.920383,0.00001,0.079597
KP0942_AC_WP10,WP10,WP,10,-3.6036402,3.520437664,0.346642317,-0.620827826,AA2,0.00001,0.99997,0.00001,0.00001
KP0945_AC_WP10,WP10,WP,10,-2.3425562,3.001294938,-0.338257825,1.187758477,AA2,0.00001,0.961644,0.038336,0.00001
KP0947_AC_WP10,WP10,WP,10,-2.5710476,3.09383682,-0.493982608,0.870361465,AA2,0.013726,0.986254,0.00001,0.00001
KP0950_AC_WP05,WP05,WP,5,-2.1281895,1.846603726,-0.415025404,0.098420848,AA2,0.00001,0.99997,0.00001,0.00001
KP0953_AC_WP10,WP10,WP,10,-2.9395602,4.694708466,0.00134319,-0.491686221,AA2,0.00001,0.908587,0.00001,0.091393
KP0962_AC_WP05,WP05,WP,5,-2.8931457,2.508516237,1.326471761,-0.436007325,AA2,0.00001,0.820664,0.10689,0.072437
KP0965_AC_WP05,WP05,WP,5,-2.999356,2.365152807,1.720238071,-1.166471705,AA2,0.00001,0.935414,0.00001,0.064566
KP0966_AC_WP05,WP05,WP,5,-2.05404,1.872461481,1.007456413,-0.943768413,AA2,0.00001,0.99997,0.00001,0.00001
KP0967_HU_WP05,WP05,WP,5,-1.8296885,1.785498656,0.100760833,-0.569341933,AA2,0.019894,0.840364,0.139732,0.00001
KP0974_AC_WP05,WP05,WP,5,-1.5478464,2.987528789,0.512608328,-1.042410157,AA2,0.00001,0.888587,0.111393,0.00001
KP0977_AC_WP05,WP05,WP,5,-2.2893834,2.444337068,-0.652433899,0.220641012,AA2,0.00001,0.841102,0.158878,0.00001
KP0978_AC_WP05,WP05,WP,5,-2.7810092,3.174496565,-0.068024476,0.911394594,AA2,0.021469,0.888515,0.036934,0.053082
KP0981_AC_WP05,WP05,WP,5,-1.9175762,2.308050021,-0.320274759,-0.686149579,AA2,0.016788,0.980526,0.002676,0.00001
KP0982_AC_WP05,WP05,WP,5,-2.2003054,2.597655651,-0.120867754,0.051738313,AA2,0.00001,0.99997,0.00001,0.00001
KP0983_AC_WP05,WP05,WP,5,-1.8285295,-2.780851492,-0.783232473,-0.910708885,AA2,0.00001,0.068657,0.931323,0.00001
KP0992_AC_CA10,CA10,CA,10,-2.1182673,-2.876970217,-2.596938624,4.449787207,AA2,0.00001,0.028481,0.00001,0.971499
KP0993_AC_CA10,CA10,CA,10,-1.6398447,-1.444755541,-1.505132075,1.559165006,AA2,0.011166,0.26378,0.099908,0.625146
KP0994_AC_CA10,CA10,CA,10,-2.0249223,-2.643743895,-2.54754182,4.429967684,AA2,0.00001,0.040969,0.00001,0.959011
KP0998_AC_CA10,CA10,CA,10,-1.9189213,-2.551608312,-2.445918779,4.282904363,AA2,0.00001,0.035565,0.00001,0.964415
KP0999_AC_CA10,CA10,CA,10,-2.5571201,-2.70392614,-1.917863047,1.98466891,AA2,0.00001,0.119818,0.157377,0.722795
KP1002_AC_WP10,WP10,WP,10,-2.2653161,-1.936747937,-0.845050081,0.598258131,AA2,0.00001,0.398407,0.281728,0.319855
KP1007_AC_WP10,WP10,WP,10,-1.8197361,-2.266808399,-1.38176087,2.306198908,AA2,0.006632,0.230663,0.00001,0.762695
KP1009_AC_CA10,CA10,CA,10,-2.1185538,-2.752902644,-1.808958198,2.322096899,AA2,0.025372,0.230806,0.00001,0.743812
KP1011_AC_CA10,CA10,CA,10,-1.8285493,-2.581556718,-1.44163101,3.3526577,AA2,0.00001,0.257649,0.00001,0.742331
KP1012_AC_CA10,CA10,CA,10,-1.5172871,-2.270831963,-2.224529153,2.202392074,AA2,0.00001,0.251261,0.111643,0.637086
KP1013_AC_CA10,CA10,CA,10,-1.5880535,-0.721871157,-2.041001165,2.549819545,AA2,0.00001,0.452901,0.00001,0.547079
KP1014_AC_CA10,CA10,CA,10,-1.1822566,-2.129345864,-1.568591358,1.753629087,AA2,0.00001,0.20652,0.145322,0.648148
KP1015_AC_CA10,CA10,CA,10,-1.9487607,-1.172804914,-2.803803774,2.967672258,AA2,0.00001,0.35714,0.00001,0.64284
KP1016_AC_CA10,CA10,CA,10,-1.5262211,-2.288903047,-1.709951517,1.607570319,AA2,0.00001,0.223131,0.09931,0.677549
KP1019_AC_CA10,CA10,CA,10,-2.2946931,-2.446097882,-2.029642382,1.398750646,AA2,0.003483,0.295042,0.334883,0.366591
KP1021_AC_CA10,CA10,CA,10,-2.4581178,-1.492815884,-2.145974717,2.617679556,AA2,0.00001,0.233474,0.204911,0.561605
KP1022_AC_CA10,CA10,CA,10,-2.9384608,-1.810501739,-1.249830569,1.850928028,AA2,0.00001,0.441012,0.00001,0.558968
KP1026_AC_CA10,CA10,CA,10,-1.9723458,-0.93010543,-2.951836768,2.406765137,AA2,0.00001,0.244487,0.00001,0.755493
KP1027_AC_CA10,CA10,CA,10,-2.4547534,-1.352677541,-1.244073024,1.571422691,AA2,0.00001,0.291644,0.00001,0.708336
KP1028_AC_CA10,CA10,CA,10,-1.9646004,-1.029274492,-2.839341227,2.366096716,AA2,0.00001,0.24019,0.00001,0.75979
KP1029_AC_CA10,CA10,CA,10,-2.2506252,-1.489823832,-0.705546325,0.761129459,AA2,0.00001,0.02556,0.567041,0.407389
KP1030_AC_CA10,CA10,CA,10,-3.140215,-1.919763865,-0.42097263,3.674098151,AA2,0.00001,0.208888,0.120859,0.670243
KP1032_AC_CA10,CA10,CA,10,-2.6055104,-1.428020402,-1.316514388,1.555203426,AA2,0.00001,0.289091,0.00001,0.710889
KP1045_AC_CA10,CA10,CA,10,18.7388138,0.086398504,-0.041208135,-0.27375757,AA1,0.99997,0.00001,0.00001,0.00001
KP1046_AC_CA10,CA10,CA,10,-2.3917858,-1.334966829,-1.185255622,3.187303142,AA2,0.00001,0.216476,0.00001,0.783504
KP1047_AC_CA10,CA10,CA,10,-1.8305568,-2.026692163,-2.599340597,2.84200144,AA2,0.00001,0.213483,0.078445,0.708063
KP1048_AC_CA10,CA10,CA,10,-2.3241678,-1.405367052,-1.161143772,3.172183076,AA2,0.00001,0.209974,0.00001,0.790006
KP1051_AC_CA10,CA10,CA,10,-1.3678511,-2.095817986,-2.42948871,2.123075415,AA2,0.00001,0.198475,0.00001,0.801505
KP1052_AC_CA10,CA10,CA,10,-1.7751231,-1.386962535,-0.814100755,1.673852992,AA2,0.00001,0.22559,0.16237,0.61203
KP1053_AC_CA10,CA10,CA,10,-1.9005177,-1.556320868,-1.951078175,3.023566182,AA2,0.00001,0.239011,0.11417,0.646809
KP1062_AC_CA20,CA20,CA,20,-2.256519,-1.259793221,-1.483786465,0.517378529,AA2,0.00001,0.346148,0.308399,0.345443
KP1066_AC_CA20,CA20,CA,20,-2.0403467,-0.441998299,-1.202237729,2.955620248,AA2,0.00001,0.297456,0.320025,0.382509
KP1067_AC_CA20,CA20,CA,20,-2.1622079,-1.376707441,-0.698272828,1.63765051,AA2,0.020193,0.244676,0.021734,0.713398
KP1068_AC_CA20,CA20,CA,20,-2.0030169,-1.148121985,-2.143866322,4.515202379,AA2,0.00001,0.291304,0.084798,0.623888
KP1069_AC_CA20,CA20,CA,20,-1.9362898,-0.426930268,-2.092016906,3.665382429,AA2,0.00001,0.142846,0.00001,0.857134
KP1070_AC_CA20,CA20,CA,20,-1.9000491,-1.102572681,-2.236167367,4.826538117,AA2,0.00001,0.216802,0.157337,0.625851
KP1071_AC_CA20,CA20,CA,20,-1.9089337,-0.392907113,-1.971382817,3.625850592,AA2,0.00001,0.136937,0.00001,0.863043
KP1076_AC_CA20,CA20,CA,20,-2.0058993,-1.068625597,-2.004690118,2.287812361,AA2,0.00384,0.280499,0.199101,0.51656
KP1077_AC_CA20,CA20,CA,20,-2.2798181,-1.424808432,-1.57710352,2.091519965,AA2,0.00001,0.185225,0.257317,0.557449
KP1079_AC_CA20,CA20,CA,20,-0.8746761,-2.107219256,-1.30987097,4.651367209,AA2,0.009011,0.142076,0.09353,0.755384
KP1081_AC_CA20,CA20,CA,20,-0.8112337,-2.175136407,-1.31708588,4.675978578,AA2,0.01178,0.13099,0.088492,0.768738
KP1088_AC_CA20,CA20,CA,20,-1.8005388,-1.985722133,-2.457979171,2.66893865,AA2,0.00001,0.335546,0.00001,0.664434
KP1089_AC_CA20,CA20,CA,20,-2.3289636,-1.778443334,-1.631718002,1.622167932,AA2,0.00001,0.201847,0.194954,0.603189
KP1097_AC_CA20,CA20,CA,20,-2.3877378,-1.851182907,-2.138060829,2.535741938,AA2,0.00001,0.117449,0.241556,0.640985
KP1104_AC_CA20,CA20,CA,20,-1.450706,-0.631598607,-2.598765509,3.69119328,AA2,0.00001,0.381381,0.00001,0.618599
KP1106_AC_CA20,CA20,CA,20,-1.3995008,-0.64554177,-2.561681439,3.696024872,AA2,0.00001,0.380158,0.00001,0.619822
KP1107_AC_CA20,CA20,CA,20,-2.2715127,-0.912004282,-2.289223038,2.097627091,AA2,0.00001,0.293865,0.231837,0.474287
KP1109_AC_CA20,CA20,CA,20,-1.3920589,-1.547919648,-2.557720252,2.51485071,AA2,0.00001,0.336779,0.00001,0.663201
KP1111_AC_CA20,CA20,CA,20,-1.4148712,-1.822639946,-2.111298264,2.143014142,AA2,0.00001,0.32743,0.00001,0.67255
KP1115_AC_CA20,CA20,CA,20,-2.4617723,-1.177425332,-1.602971951,2.315223418,AA2,0.00001,0.277942,0.116848,0.605201
KP1120_AC_CA20,CA20,CA,20,-2.6451115,-2.014311021,-1.93654336,2.046391108,AA2,0.00001,0.240464,0.146779,0.612747
KP1121_AC_CA20,CA20,CA,20,20.6037599,0.132088056,-0.061389591,0.026812038,AA1,0.999969,0.00001,0.000011,0.00001
KP1125_AC_CA20,CA20,CA,20,-2.296948,-2.854163792,-1.500759856,1.738201644,AA2,0.00001,0.195364,0.00001,0.804616
KP1128_AC_CA20,CA20,CA,20,-1.9840369,-1.856064733,-2.517298904,3.153952843,AA2,0.00001,0.129081,0.132117,0.738792
KP1129_AC_CA20,CA20,CA,20,-1.6248985,-0.77419677,-2.111654385,3.281741449,AA2,0.00001,0.418037,0.00001,0.581943
KP1132_AC_CA20,CA20,CA,20,19.315817,0.9983632,-0.553743753,-0.07408005,AA1,0.99997,0.00001,0.00001,0.00001
KP1134_AC_CA20,CA20,CA,20,-2.6480487,-2.081397561,-1.804352755,2.38063726,AA2,0.00001,0.050727,0.00001,0.949253
KP1135_AC_CA20,CA20,CA,20,-1.4604606,-1.47206576,-1.593884606,1.95604835,AA2,0.033466,0.254212,0.00001,0.712313
KP1137_AC_CA20,CA20,CA,20,-3.3048818,-1.630181538,-1.360000088,1.211088598,AA2,0.00001,0.348481,0.055816,0.595693
KP1139_LM_CA20,CA20,CA,20,-2.9731292,-2.017088941,-1.179572845,2.341462586,AA2,0.00001,0.015455,0.337878,0.646657
KP1140_AC_CA20,CA20,CA,20,-1.6384476,-2.510053784,-0.75485834,2.325371633,AA2,0.00001,0.205027,0.021665,0.773298
KP1141_AC_CA20,CA20,CA,20,-1.1272209,-1.224725117,-1.426299513,1.674152063,AA2,0.029972,0.049963,0.389822,0.530243
KP1143_AC_CA20,CA20,CA,20,-1.2805397,-1.269184389,-2.046165139,2.108410555,AA2,0.00001,0.062379,0.08912,0.84849
KP1146_LM_CA20,CA20,CA,20,-2.0166237,-1.628190329,-1.850777256,4.348415505,AA2,0.00001,0.00001,0.00001,0.99997
KP1147_AC_CA20,CA20,CA,20,15.3625583,0.584247186,-0.97336426,-0.363401247,AA1,0.967224,0.032756,0.00001,0.00001
KP1148_AC_CA20,CA20,CA,20,-2.3954749,-1.709972993,-2.188051482,4.982816036,AA2,0.00001,0.00001,0.00001,0.99997
KP1149_AC_CA20,CA20,CA,20,-1.6495818,-1.893891753,-1.028147597,2.089126378,AA2,0.00001,0.194506,0.176724,0.62876
KP1150_AC_CA20,CA20,CA,20,-2.9494205,-1.531094339,-2.752693256,3.47989551,AA2,0.00001,0.00001,0.00001,0.99997
KP1151_AC_CA20,CA20,CA,20,-2.1735439,-0.981371011,-2.480578324,1.921855028,AA2,0.00001,0.00001,0.00001,0.99997
KP1156_UN_CA20,CA20,CA,20,-2.597537,-1.984790551,-2.180741699,2.89748939,AA2,0.00001,0.00001,0.117342,0.882638
KP1165_AC_CA20,CA20,CA,20,-2.6530827,-2.01753084,-2.041019626,3.16531908,AA2,0.00001,0.00001,0.105621,0.894359
KX0394_AC_WP20,WP20,WP,20,23.2777522,0.51572404,0.501411609,0.452800565,AA1,0.99997,0.00001,0.00001,0.00001
KX0396_AC_WP20,WP20,WP,20,23.4290438,0.614598148,0.673341269,0.463748296,AA1,0.99997,0.00001,0.00001,0.00001
KX0604_AC_SB20,SB20,SB,20,-1.7870053,-2.608373252,-0.867897542,-0.719374467,AA2,0.00001,0.10117,0.89881,0.00001
KX0743_AC_WP10,WP10,WP,10,-3.028235,2.711996975,0.332984416,0.98671698,AA2,0.00001,0.979483,0.020497,0.00001
KZ0578_AC_WP20,WP20,WP,20,21.9150717,0.281061516,0.226177928,0.564286944,AA1,0.99997,0.00001,0.00001,0.00001
KP0086_LM_SB10,SB10,SB,10,4.018878,0.54477188,,,AL2,0.00001,0.99999,,
KP0096_AC_SB10,SB10,SB,10,-10.046818,-0.01722811,,,AL1,0.99999,0.00001,,
KP0108_AC_SB10,SB10,SB,10,3.476981,0.47625093,,,AL2,0.00001,0.99999,,
KP0186_AC_SQ12,SQ12,SQ,12,5.397312,0.61257922,,,AL2,0.009559,0.990441,,
KP0192_AC_SQ12,SQ12,SQ,12,5.033611,0.44760134,,,AL2,0.00001,0.99999,,
KP0203_AC_SQ12,SQ12,SQ,12,4.701554,0.41275408,,,AL2,0.00001,0.99999,,
KP0207_LM_SQ12,SQ12,SQ,12,4.132846,0.24627147,,,AL2,0.00001,0.99999,,
KP0249_LM_SQ20,SQ20,SQ,20,4.173562,0.57403891,,,AL2,0.00001,0.99999,,
KP0252_LM_SQ20,SQ20,SQ,20,4.526898,0.27959319,,,AL2,0.00001,0.99999,,
KP0253_LM_SQ20,SQ20,SQ,20,-10.009611,0.47550373,,,AL1,0.99999,0.00001,,
KP0254_LM_SQ20,SQ20,SQ,20,-10.269432,0.4796749,,,AL1,0.99999,0.00001,,
KP0282_LM_SQ20,SQ20,SQ,20,4.414419,0.51394244,,,AL2,0.037895,0.962105,,
KP0285_LM_SQ20,SQ20,SQ,20,-8.698766,0.26178198,,,AL1,0.915671,0.084329,,
KP0290_LM_WP20,WP20,WP,20,5.25071,0.14655113,,,AL2,0.019556,0.980444,,
KP0293_LM_WP20,WP20,WP,20,4.651229,0.30824948,,,AL2,0.00001,0.99999,,
KP0308_LM_WP20,WP20,WP,20,4.405747,0.36182506,,,AL2,0.00001,0.99999,,
KP0318_LM_WP20,WP20,WP,20,4.611953,-0.3779093,,,AL2,0.00001,0.99999,,
KP0319_LM_WP20,WP20,WP,20,4.113388,0.10429556,,,AL2,0.00001,0.99999,,
KP0322_LM_WP20,WP20,WP,20,-8.932117,0.29181211,,,AL1,0.875708,0.124292,,
KP0328_LM_WP20,WP20,WP,20,-9.46682,0.15783606,,,AL1,0.99999,0.00001,,
KP0330_LM_WP20,WP20,WP,20,-8.84875,0.2818996,,,AL1,0.935568,0.064432,,
KP0341_LM_WP20,WP20,WP,20,5.000656,1.03285744,,,AL2,0.00001,0.99999,,
KP0342_LM_WP20,WP20,WP,20,5.093014,1.03522653,,,AL2,0.00001,0.99999,,
KP0343_LM_WP20,WP20,WP,20,5.230908,1.02481425,,,AL2,0.00001,0.99999,,
KP0345_LM_WP20,WP20,WP,20,4.769755,0.90094414,,,AL2,0.00001,0.99999,,
KP0348_LM_WP20,WP20,WP,20,3.863537,0.32622539,,,AL2,0.10156,0.89844,,
KP0350_LM_WP20,WP20,WP,20,4.739273,0.59523205,,,AL2,0.00001,0.99999,,
KP0375_LM_WP20,WP20,WP,20,3.6624,0.40961488,,,AL2,0.00001,0.99999,,
KP0377_LM_WP20,WP20,WP,20,-8.98789,0.71443141,,,AL1,0.98962,0.01038,,
KP0380_LM_WP20,WP20,WP,20,4.848742,0.51245845,,,AL2,0.00001,0.99999,,
KP0400_LM_WP20,WP20,WP,20,-9.83574,0.18667004,,,AL1,0.984398,0.015602,,
KP0459_LM_WP20,WP20,WP,20,3.301733,0.41526495,,,AL2,0.00001,0.99999,,
KP0473_LM_WP20,WP20,WP,20,-9.319,0.49510844,,,AL1,0.99999,0.00001,,
KP0482_LM_WP20,WP20,WP,20,4.251168,0.41244902,,,AL2,0.00001,0.99999,,
KP0529_LM_WP20,WP20,WP,20,1.300727,-34.01403732,,,AL1,0.943832,0.056168,,
KP0547_LM_WP20,WP20,WP,20,-10.328889,0.29841525,,,AL1,0.99999,0.00001,,
KP0548_LM_WP20,WP20,WP,20,-9.81936,0.39724664,,,AL1,0.99999,0.00001,,
KP0551_LM_WP20,WP20,WP,20,5.460147,0.45528701,,,AL2,0.00001,0.99999,,
KP0557_AC_WP20,WP20,WP,20,4.611857,0.79907127,,,AL2,0.00001,0.99999,,
KP0558_LM_WP20,WP20,WP,20,4.40731,0.18835507,,,AL2,0.00001,0.99999,,
KP0570_LM_WP20,WP20,WP,20,4.808476,0.70718303,,,AL2,0.00001,0.99999,,
KP0585_LM_WP20,WP20,WP,20,3.579682,0.35972228,,,AL2,0.00001,0.99999,,
KP0588_LM_WP20,WP20,WP,20,-10.015454,0.61500587,,,AL1,0.99999,0.00001,,
KP0599_LM_SB20,SB20,SB,20,4.118222,0.17973742,,,AL2,0.00001,0.99999,,
KP0605_AC_SB20,SB20,SB,20,3.140016,0.45197574,,,AL2,0.00001,0.99999,,
KP0609_AC_SB20,SB20,SB,20,5.00846,0.60281378,,,AL2,0.026438,0.973562,,
KP0613_LM_SB20,SB20,SB,20,4.30793,0.77857848,,,AL2,0.00001,0.99999,,
KP0614_LM_SB20,SB20,SB,20,4.531867,0.28388108,,,AL2,0.049921,0.950079,,
KP0616_LM_SB20,SB20,SB,20,4.256089,0.35897193,,,AL2,0.05209,0.94791,,
KP0617_LM_SB20,SB20,SB,20,4.085504,0.83892428,,,AL2,0.00001,0.99999,,
KP0618_LM_SB20,SB20,SB,20,-10.070433,0.2828417,,,AL1,0.917776,0.082224,,
KP0620_LM_SB20,SB20,SB,20,4.078978,0.64739615,,,AL2,0.00001,0.99999,,
KP0629_LM_SB20,SB20,SB,20,5.041731,0.28615512,,,AL2,0.099228,0.900772,,
KP0631_LM_SB20,SB20,SB,20,3.632107,-4.89111527,,,AL2,0.476389,0.523611,,
KP0634_LM_SB20,SB20,SB,20,5.134653,0.37763711,,,AL2,0.00001,0.99999,,
KP0637_LM_SB20,SB20,SB,20,-8.820586,-0.08708511,,,AL1,0.99999,0.00001,,
KP0650_LM_SB20,SB20,SB,20,4.227171,0.33697546,,,AL2,0.021111,0.978889,,
KP0657_LM_SB20,SB20,SB,20,6.186002,0.78723001,,,AL2,0.00001,0.99999,,
KP0659_LM_SB20,SB20,SB,20,5.971806,0.7762018,,,AL2,0.00001,0.99999,,
KP0664_LM_SB20,SB20,SB,20,-10.766232,0.13635249,,,AL1,0.934813,0.065187,,
KP0666_LM_SB20,SB20,SB,20,-9.437566,0.27596323,,,AL1,0.968467,0.031533,,
KP0670_LM_SB20,SB20,SB,20,-2.892897,0.19759931,,,AL1,0.529625,0.470375,,
KP0671_AC_SB20,SB20,SB,20,5.212913,0.33120449,,,AL2,0.025913,0.974087,,
KP0676_LM_SB20,SB20,SB,20,-9.464793,0.29882989,,,AL1,0.99999,0.00001,,
KP0677_LM_SB20,SB20,SB,20,4.387158,0.48865609,,,AL2,0.00001,0.99999,,
KP0680_LM_SB20,SB20,SB,20,4.931953,-0.23946667,,,AL2,0.00001,0.99999,,
KP0682_LM_SB20,SB20,SB,20,4.293562,0.54857415,,,AL2,0.00001,0.99999,,
KP0694_LM_SB20,SB20,SB,20,4.157891,0.39485983,,,AL2,0.00001,0.99999,,
KP0706_LM_SB20,SB20,SB,20,4.260696,0.31548052,,,AL2,0.00001,0.99999,,
KP0707_LM_SB20,SB20,SB,20,4.831641,0.26014188,,,AL2,0.00001,0.99999,,
KP0716_LM_SB20,SB20,SB,20,-9.737521,0.57556034,,,AL1,0.99999,0.00001,,
KP0718_LM_SB20,SB20,SB,20,4.686669,0.45797712,,,AL2,0.00001,0.99999,,
KP0723_NA_NANA,SB20,SB,20,4.012383,0.49448509,,,AL2,0.055413,0.944587,,
KP0731_LM_SB20,SB20,SB,20,-9.725302,0.43298727,,,AL1,0.99999,0.00001,,
KP0732_LM_SB20,SB20,SB,20,4.697055,0.57537241,,,AL2,0.00001,0.99999,,
KP0765_AC_WP10,WP10,WP,10,4.512776,0.57743249,,,AL2,0.00001,0.99999,,
KP0795_LM_WP10,WP10,WP,10,3.916089,0.44860844,,,AL2,0.00001,0.99999,,
KP0851_AC_WP10,WP10,WP,10,-10.182667,0.15483981,,,AL1,0.99999,0.00001,,
KP0870_LM_WP10,WP10,WP,10,-8.685225,0.24401592,,,AL1,0.99999,0.00001,,
KP0893_LM_WP10,WP10,WP,10,4.497703,0.32270756,,,AL2,0.00001,0.99999,,
KP1043_LM_CA10,CA10,CA,10,-8.817255,0.53467702,,,AL1,0.99999,0.00001,,
KP1058_LM_CA20,CA20,CA,20,-10.287457,0.73775664,,,AL1,0.99999,0.00001,,
KP1059_LM_CA20,CA20,CA,20,5.197498,0.35129936,,,AL2,0.00001,0.99999,,
KP1061_LM_CA20,CA20,CA,20,5.337115,0.35223454,,,AL2,0.00001,0.99999,,
KP1064_LM_CA20,CA20,CA,20,-11.432724,0.73443894,,,AL1,0.99999,0.00001,,
KP1065_LM_CA20,CA20,CA,20,-10.544966,0.51820153,,,AL1,0.99999,0.00001,,
KP1093_LM_CA20,CA20,CA,20,-9.550222,-3.68008475,,,AL1,0.99999,0.00001,,
KP1094_LM_CA20,CA20,CA,20,-8.463007,0.36872534,,,AL1,0.99999,0.00001,,
KP1095_HU_CA20,CA20,CA,20,5.057267,0.1771596,,,AL2,0.079233,0.920767,,
KP1101_LM_CA20,CA20,CA,20,-9.64598,0.2897001,,,AL1,0.955149,0.044851,,
KP1103_LM_CA20,CA20,CA,20,5.054337,0.37386075,,,AL2,0.00001,0.99999,,
KP1118_LM_CA20,CA20,CA,20,3.920282,0.17943183,,,AL2,0.00001,0.99999,,
KP1119_LM_CA20,CA20,CA,20,4.678995,0.6501524,,,AL2,0.00001,0.99999,,
KP1123_LM_CA20,CA20,CA,20,-9.806995,0.57602751,,,AL1,0.99999,0.00001,,
KP1124_AC_CA20,CA20,CA,20,4.680038,0.77219054,,,AL2,0.00001,0.99999,,
KP1126_LM_CA20,CA20,CA,20,-9.606084,0.28799828,,,AL1,0.944676,0.055324,,
KP1133_LM_CA20,CA20,CA,20,4.758723,0.2831106,,,AL2,0.00001,0.99999,,
KP1144_LM_CA20,CA20,CA,20,4.632489,0.31366776,,,AL2,0.00001,0.99999,,
KP1160_UN_CA20,CA20,CA,20,4.510182,0.54012745,,,AL2,0.00001,0.99999,,
KP1164_LM_CA20,CA20,CA,20,4.416491,0.38409288,,,AL2,0.098071,0.901929,,
KP1166_LM_CA20,CA20,CA,20,4.36158,0.04768619,,,AL2,0.099785,0.900215,,
KP1167_LM_CA20,CA20,CA,20,-9.508893,0.46554395,,,AL1,0.99999,0.00001,,
KX0330_LM_WP20,WP20,WP,20,-9.076678,0.33937054,,,AL1,0.912715,0.087285,,
KX0657_LM_SB20,SB20,SB,20,5.91607,0.71127569,,,AL2,0.00001,0.99999,,
KY0578_AC_WP20,WP20,WP,20,4.623565,-0.06158778,,,AL2,0.016469,0.983531,,
KP0049_HU_SB10,SB10,SB,10,-4.5152237,0.8853549,2.204511234,-1.213925409,AH1,0.890706,0.00001,0.109274,0.00001
KP0073_HU_SB10,SB10,SB,10,-3.3325853,0.795781,1.663142495,-2.577464887,AH1,0.811671,0.00001,0.188309,0.00001
KP0075_HU_SB10,SB10,SB,10,-5.660685,0.3270849,-0.25927737,-3.8509662,AH1,0.623236,0.00001,0.119253,0.257501
KP0084_AC_SB10,SB10,SB,10,16.0418578,-2.6538167,-0.129474528,-0.144541696,AH2,0.00001,0.99997,0.00001,0.00001
KP0090_AC_SB10,SB10,SB,10,-4.1188632,1.6857582,1.107174307,-3.063093128,AH1,0.487039,0.00001,0.312043,0.200909
KP0091_AC_SB10,SB10,SB,10,16.1717171,-2.7510623,0.071172023,0.065028112,AH2,0.00001,0.99997,0.00001,0.00001
KP0092_AC_SB10,SB10,SB,10,-6.2478881,-3.2389351,0.959446727,-5.081424485,AH1,0.938708,0.00001,0.00001,0.061272
KP0093_AC_SB10,SB10,SB,10,-5.5356101,-0.4705468,-0.514774561,-3.416023315,AH1,0.546588,0.00001,0.170225,0.283177
KP0098_AC_SB10,SB10,SB,10,-7.9663828,-4.2265758,-2.749219513,-8.641100207,AH1,0.860975,0.00001,0.00001,0.139005
KP0099_AC_SB10,SB10,SB,10,-6.8958525,-3.3793617,-1.828687244,-4.010780637,AH1,0.692001,0.00001,0.00001,0.307979
KP0110_AC_SB10,SB10,SB,10,-7.7048851,-4.0530355,-2.501105938,-8.560812032,AH1,0.901783,0.00001,0.00001,0.098197
KP0111_AC_SB10,SB10,SB,10,-8.1427245,-4.3221228,-2.863378282,-8.739118357,AH1,0.876829,0.00001,0.00001,0.123151
KP0130_AC_SB05,SB05,SB,5,16.5721255,-2.3721608,0.248164726,-0.082582865,AH2,0.00001,0.918244,0.058224,0.023522
KP0132_HU_SB05,SB05,SB,5,15.7510242,-3.0007699,0.309165845,-0.100921933,AH2,0.00001,0.99997,0.00001,0.00001
KP0134_HU_SB05,SB05,SB,5,-6.8986897,-3.3066634,0.862118672,-5.092441623,AH1,0.99997,0.00001,0.00001,0.00001
KP0135_HU_SB05,SB05,SB,5,16.7315939,-2.9512414,0.611592404,0.199453714,AH2,0.00001,0.982109,0.017871,0.00001
KP0137_HU_SB05,SB05,SB,5,1.9268442,11.2215446,0.028319091,-1.455443037,AH3,0.00001,0.00001,0.99997,0.00001
KP0138_HU_SB05,SB05,SB,5,2.2821854,11.8802832,0.253662516,-1.678428387,AH3,0.00001,0.00001,0.99997,0.00001
KP0139_HU_SB05,SB05,SB,5,17.6578804,-4.1369982,-0.620054997,-0.287613252,AH2,0.00001,0.99997,0.00001,0.00001
KP0140_HU_SB05,SB05,SB,5,17.5511507,-4.3002093,-0.682598439,-0.349321844,AH2,0.00001,0.99997,0.00001,0.00001
KP0141_HU_SB05,SB05,SB,5,15.3078019,-3.7580988,-0.857081142,-0.340034629,AH2,0.00001,0.99997,0.00001,0.00001
KP0142_HU_SB05,SB05,SB,5,16.4574057,-2.870935,0.293746779,-0.022225221,AH2,0.000017,0.999963,0.00001,0.00001
KP0143_HU_SB05,SB05,SB,5,1.81511,10.2408333,-0.439541362,0.274934107,AH3,0.00001,0.00001,0.99997,0.00001
KP0145_HU_SB05,SB05,SB,5,16.1176725,-2.84239,-0.039092143,0.137777506,AH2,0.00001,0.99997,0.00001,0.00001
KP0146_HU_SB05,SB05,SB,5,16.7159943,-2.9849788,0.414473405,-0.419847902,AH2,0.00001,0.99997,0.00001,0.00001
KP0147_HU_SB05,SB05,SB,5,17.3485165,-3.0270551,0.077767147,0.275377732,AH2,0.001124,0.998856,0.00001,0.00001
KP0148_HU_SB05,SB05,SB,5,15.5412816,-2.1171959,-0.001218964,0.082483181,AH2,0.00001,0.99997,0.00001,0.00001
KP0149_HU_SB05,SB05,SB,5,15.8472971,-3.0520427,0.558667871,0.331836607,AH2,0.00001,0.99997,0.00001,0.00001
KP0159_AC_SQ12,SQ12,SQ,12,-8.1252468,-3.4929999,-0.937688454,-6.246159102,AH1,0.325019,0.00001,0.00001,0.674961
KP0183_AC_SQ12,SQ12,SQ,12,-8.3751604,-3.8354232,-0.900273448,-6.739350556,AH1,0.382214,0.00001,0.00001,0.617766
KP0184_AC_SQ12,SQ12,SQ,12,-8.4622041,-3.8396727,-0.990900315,-6.843497518,AH1,0.39545,0.00001,0.00001,0.60453
KP0211_AC_SQ12,SQ12,SQ,12,-6.7927475,-1.8675731,1.048396568,-5.212721374,AH1,0.99997,0.00001,0.00001,0.00001
KP0378_AC_WP20,WP20,WP,20,-4.852242,-1.3732725,2.082409688,0.799654077,AH1,0.829834,0.00001,0.007304,0.162852
KP0410_HU_CA05,CA05,CA,5,-5.1988649,-1.7321818,3.086921735,0.848911703,AH1,0.499521,0.083779,0.00001,0.41669
KP0413_HU_CA05,CA05,CA,5,-4.9571229,-0.3690351,-3.337159689,0.290502239,AH1,0.190532,0.00001,0.115783,0.693674
KP0414_HU_CA05,CA05,CA,5,-5.9764051,-2.226366,-1.166597318,1.057157713,AH1,0.311941,0.00001,0.011128,0.676921
KP0416_HU_CA05,CA05,CA,5,-6.287134,-1.4516517,-8.698232882,3.271573145,AH1,0.000015,0.00001,0.104506,0.89547
KP0417_HU_CA05,CA05,CA,5,-6.5813983,-1.7772775,0.784433121,2.731395861,AH1,0.71331,0.00001,0.00001,0.28667
KP0418_HU_CA05,CA05,CA,5,-6.5865378,-1.5366546,-6.802505104,3.494017547,AH1,0.237887,0.00001,0.072259,0.689845
KP0420_HU_CA05,CA05,CA,5,-7.047505,-3.0451179,-11.32545976,3.628901936,AH1,0.00001,0.00001,0.00001,0.99997
KP0421_HU_CA05,CA05,CA,5,-6.2486377,-3.0983896,0.172173563,-0.340649164,AH1,0.00001,0.00001,0.00001,0.99997
KP0423_HU_CA05,CA05,CA,5,-4.8234019,-1.3083071,-2.209780454,1.814792887,AH1,0.213601,0.00001,0.049568,0.736821
KP0425_HU_CA05,CA05,CA,5,-7.3197916,-3.44985,0.144992446,0.121039984,AH1,0.00001,0.00001,0.00001,0.99997
KP0426_HU_CA05,CA05,CA,5,-3.870433,1.3368809,-7.779719781,2.770039542,AH1,0.00001,0.00001,0.295014,0.704966
KP0427_HU_CA05,CA05,CA,5,-6.4159625,-2.7228266,-4.965201923,1.581225661,AH1,0.00001,0.00001,0.00001,0.99997
KP0428_HU_CA05,CA05,CA,5,-5.9843355,-2.2585068,-4.729496233,1.882244953,AH1,0.00001,0.00001,0.00001,0.99997
KP0429_HU_CA05,CA05,CA,5,-7.8821248,-3.3532914,-2.161288962,1.301904483,AH1,0.223878,0.00001,0.00001,0.776102
KP0432_HU_CA05,CA05,CA,5,-3.4837875,0.6562378,-0.792645088,-0.267231688,AH1,0.379861,0.00001,0.233725,0.386404
KP0434_HU_CA05,CA05,CA,5,-6.5468384,-1.7320404,1.178284808,-1.892633688,AH1,0.645369,0.00001,0.106565,0.248055
KP0435_HU_CA05,CA05,CA,5,-7.7630102,-3.8419927,-5.328971844,1.851316572,AH1,0.00001,0.00001,0.00001,0.99997
KP0436_HU_CA05,CA05,CA,5,2.4853574,10.9814476,-0.204203934,-0.791694001,AH3,0.00001,0.00001,0.99997,0.00001
KP0437_HU_CA05,CA05,CA,5,2.6182975,11.3502254,0.136479131,-0.419728111,AH3,0.00001,0.00001,0.99997,0.00001
KP0438_HU_CA05,CA05,CA,5,-7.4417074,-3.5656054,0.483792152,-0.340648281,AH1,0.00001,0.00001,0.00001,0.99997
KP0439_HU_CA05,CA05,CA,5,-6.5418355,-1.8094385,-5.422063029,4.297184241,AH1,0.123895,0.00001,0.00001,0.876085
KP0442_HU_CA05,CA05,CA,5,-6.5286802,-1.754237,0.379807201,2.826742998,AH1,0.669668,0.00001,0.00001,0.330312
KP0474_AC_WP20,WP20,WP,20,-6.5392574,-2.418437,5.045428654,4.164375356,AH1,0.99997,0.00001,0.00001,0.00001
KP0540_AC_WP20,WP20,WP,20,-6.3582899,-1.4877814,3.540410929,1.813326314,AH1,0.860881,0.00001,0.001996,0.137113
KP0552_AC_WP20,WP20,WP,20,-7.7648526,-4.1772348,0.747132393,-4.091866665,AH1,0.690293,0.00001,0.00001,0.309687
KP0582_AC_WP20,WP20,WP,20,-4.8460911,0.6962443,3.436410138,2.516133737,AH1,0.695075,0.00001,0.219424,0.08549
KP0639_LM_SB20,SB20,SB,20,-7.0177661,-3.4480098,1.419378612,-5.576799401,AH1,0.99997,0.00001,0.00001,0.00001
KP0739_HU_WP10,WP10,WP,10,-7.324289,-2.760846,2.544654177,2.494509218,AH1,0.755655,0.00001,0.00001,0.244325
KP0740_HU_WP10,WP10,WP,10,-6.4376782,-2.3397604,4.914040912,3.765297475,AH1,0.99997,0.00001,0.00001,0.00001
KP0744_HU_WP10,WP10,WP,10,3.039339,13.7024864,-1.757629144,-1.349929988,AH3,0.00001,0.00001,0.99997,0.00001
KP0764_HU_WP10,WP10,WP,10,-7.4307539,-2.5902591,4.853008723,1.580449447,AH1,0.939596,0.00001,0.00001,0.060384
KP0768_HU_WP10,WP10,WP,10,3.0865032,13.7983438,-0.575739435,-0.779909923,AH3,0.00001,0.00001,0.99997,0.00001
KP0770_AC_WP10,WP10,WP,10,3.0872706,13.5408015,-1.415925908,0.609091553,AH3,0.00001,0.00001,0.99997,0.00001
KP0774_AC_WP10,WP10,WP,10,14.7155265,-2.84164,0.192063217,0.522912046,AH2,0.00001,0.99997,0.00001,0.00001
KP0775_AC_WP10,WP10,WP,10,16.1730125,-3.2318599,-0.079750416,-0.142473751,AH2,0.00001,0.99997,0.00001,0.00001
KP0783_HU_WP10,WP10,WP,10,17.1145223,-2.9595139,-0.305652069,0.23617386,AH2,0.00001,0.99997,0.00001,0.00001
KP0785_AC_WP10,WP10,WP,10,-4.0197397,1.7772642,2.175179711,-0.561189243,AH1,0.654816,0.00001,0.193519,0.151655
KP0786_HU_WP10,WP10,WP,10,-1.2686258,5.6010671,1.596366106,1.336182837,AH3,0.345286,0.00001,0.56894,0.085764
KP0789_HU_WP10,WP10,WP,10,-5.4063066,-1.7823884,3.905151617,3.316370367,AH1,0.99997,0.00001,0.00001,0.00001
KP0798_HU_WP10,WP10,WP,10,-6.5008695,-1.6513356,1.887558804,0.864603831,AH1,0.347653,0.00001,0.121561,0.530776
KP0803_HU_WP10,WP10,WP,10,-5.1630928,-0.6750621,2.492183539,1.145420846,AH1,0.790858,0.00001,0.120369,0.088762
KP0805_HU_WP10,WP10,WP,10,-6.7542296,-1.4570713,3.43280378,0.577626001,AH1,0.763265,0.00001,0.00001,0.236715
KP0814_HU_WP10,WP10,WP,10,-6.8910896,-1.9558875,2.393032453,1.10339614,AH1,0.363662,0.00001,0.103153,0.533175
KP0818_HU_WP10,WP10,WP,10,17.8943866,-3.139992,0.337085342,-0.598678581,AH2,0.00001,0.99997,0.00001,0.00001
KP0826_AC_WP10,WP10,WP,10,2.9061149,12.5705617,0.337199898,-1.481132052,AH3,0.00001,0.00001,0.99997,0.00001
KP0827_AC_WP10,WP10,WP,10,-5.2671216,1.0995545,2.545357444,0.764315308,AH1,0.380267,0.00001,0.217428,0.402295
KP0829_AC_WP10,WP10,WP,10,-6.6303186,-1.8994393,4.786215248,0.650724645,AH1,0.99997,0.00001,0.00001,0.00001
KP0831_HU_WP10,WP10,WP,10,-7.1932839,-2.6465178,2.431416667,-0.576622562,AH1,0.768904,0.00001,0.00001,0.231076
KP0838_AC_WP10,WP10,WP,10,-5.7127375,-0.836746,3.162516888,2.543143897,AH1,0.99997,0.00001,0.00001,0.00001
KP0839_HU_WP10,WP10,WP,10,-4.0313811,2.8402486,1.519284236,1.138175699,AH1,0.553637,0.00001,0.402879,0.043475
KP0841_AC_WP10,WP10,WP,10,-6.3597551,-2.7365156,1.44315357,1.431952485,AH1,0.67188,0.00001,0.038981,0.289129
KP0845_AC_WP10,WP10,WP,10,-6.1943366,-1.7495052,2.488566795,0.149253352,AH1,0.674154,0.00001,0.064036,0.2618
KP0847_HU_WP10,WP10,WP,10,-6.4858323,-1.9142409,5.117442303,1.414730957,AH1,0.99997,0.00001,0.00001,0.00001
KP0850_AC_WP10,WP10,WP,10,-4.8491657,1.1757827,2.394184693,1.631413539,AH1,0.209852,0.00001,0.215817,0.57432
KP0853_HU_WP10,WP10,WP,10,-3.139661,4.0559637,1.526299297,1.684387072,AH1,0.562864,0.00001,0.404705,0.03242
KP0859_HU_WP10,WP10,WP,10,-6.7002979,-2.7598883,3.155120974,1.108524041,AH1,0.946577,0.00001,0.00001,0.053403
KP0875_AC_WP10,WP10,WP,10,-6.6993217,-2.3041942,2.378512923,-0.391115565,AH1,0.966324,0.00001,0.00001,0.033656
KP0876_HU_WP10,WP10,WP,10,-6.9399012,-1.9657261,2.152759016,2.018212309,AH1,0.00001,0.00001,0.135306,0.864674
KP0877_HU_WP10,WP10,WP,10,-6.8147222,-2.3299147,4.477349864,3.209433455,AH1,0.99997,0.00001,0.00001,0.00001
KP0878_AC_WP10,WP10,WP,10,-6.5383507,-1.9575913,4.679063449,2.995000011,AH1,0.99997,0.00001,0.00001,0.00001
KP0886_AC_WP10,WP10,WP,10,17.1417443,-4.0209652,-0.062039522,-0.009010157,AH2,0.00001,0.99997,0.00001,0.00001
KP0888_AC_WP10,WP10,WP,10,3.1925511,13.1228535,-0.260444049,0.422893809,AH3,0.00001,0.00001,0.99997,0.00001
KP0899_LM_WP10,WP10,WP,10,-2.8667031,4.1756903,2.233192547,0.350914555,AH3,0.402179,0.00001,0.415857,0.181954
KP0901_HU_WP10,WP10,WP,10,2.4594935,10.6534917,0.255587497,-1.206097897,AH3,0.00001,0.00001,0.99997,0.00001
KP0903_HU_WP10,WP10,WP,10,1.3309613,12.6600576,0.329316646,0.512027681,AH3,0.08427,0.00001,0.911579,0.004141
KP0906_AC_WP10,WP10,WP,10,16.3578553,-2.7108074,-0.031883679,0.092072681,AH2,0.00001,0.99997,0.00001,0.00001
KP0920_HU_WP10,WP10,WP,10,-7.0092611,-2.3007672,4.575976388,2.555693621,AH1,0.702004,0.00001,0.00001,0.297976
KP0922_AC_WP10,WP10,WP,10,-6.7493527,-2.2864155,4.491653878,2.67443,AH1,0.99997,0.00001,0.00001,0.00001
KP0935_AC_WP10,WP10,WP,10,-4.5674794,0.1649061,2.287928959,-0.802672132,AH1,0.535803,0.00001,0.195041,0.269146
KP0941_HU_WP10,WP10,WP,10,-6.4063335,-1.1486156,4.005107697,2.680952375,AH1,0.99997,0.00001,0.00001,0.00001
KP0948_AC_WP10,WP10,WP,10,-6.627136,-2.6834368,1.929093135,0.509786217,AH1,0.616124,0.025197,0.00001,0.358669
KP0951_HU_WP10,WP10,WP,10,17.6252062,-2.926039,-0.0277886,-0.159728037,AH2,0.00001,0.99997,0.00001,0.00001
KP0954_HU_WP05,WP05,WP,5,3.2117536,14.6782274,-1.378147332,0.242383083,AH3,0.00001,0.00001,0.99997,0.00001
KP0956_HU_WP05,WP05,WP,5,0.9989844,9.9516048,-0.23078363,0.186211698,AH3,0.172869,0.00001,0.706611,0.12051
KP0957_HU_WP05,WP05,WP,5,2.4216445,13.9564719,-1.531089478,-0.10981255,AH3,0.00001,0.00001,0.99997,0.00001
KP0958_HU_WP05,WP05,WP,5,2.8592614,13.9038721,-1.876715125,-0.768794398,AH3,0.00001,0.00001,0.99997,0.00001
KP0959_HU_WP05,WP05,WP,5,16.4248433,-3.1623467,-0.123029817,0.309614093,AH2,0.00001,0.99997,0.00001,0.00001
KP0960_HU_WP05,WP05,WP,5,18.0539579,-3.7154579,0.003837688,0.024118493,AH2,0.00001,0.99997,0.00001,0.00001
KP0961_HU_WP05,WP05,WP,5,2.1326968,12.4328487,-1.180799289,-0.089407968,AH3,0.00001,0.00001,0.99997,0.00001
KP0963_HU_WP05,WP05,WP,5,-5.1291792,-0.8519047,3.849714846,2.442708403,AH1,0.770432,0.00001,0.076374,0.153184
KP0964_HU_WP05,WP05,WP,5,2.3513829,14.4849729,-0.408679594,-1.51084712,AH3,0.00001,0.00001,0.99997,0.00001
KP0968_HU_WP05,WP05,WP,5,-5.5610274,-0.1055747,2.706422331,0.758049169,AH1,0.831334,0.00001,0.078047,0.090609
KP0970_HU_WP05,WP05,WP,5,-6.1460408,-1.5428409,2.472083205,0.665012852,AH1,0.692917,0.00001,0.00001,0.307063
KP0971_HU_WP05,WP05,WP,5,-1.5551858,5.5015857,1.477222453,0.031281023,AH3,0.294646,0.00001,0.547386,0.157957
KP0972_HU_WP05,WP05,WP,5,16.2625347,-2.4790691,-0.335908035,0.130793518,AH2,0.00001,0.99997,0.00001,0.00001
KP0973_HU_WP05,WP05,WP,5,16.5496878,-3.1960975,0.190638473,0.328603786,AH2,0.00001,0.99997,0.00001,0.00001
KP0979_HU_WP05,WP05,WP,5,17.1882418,-3.4498872,-0.062287274,-0.491402327,AH2,0.00001,0.99997,0.00001,0.00001
KP0980_HU_WP05,WP05,WP,5,16.7662307,-3.6542392,0.137064274,0.071400763,AH2,0.00001,0.99997,0.00001,0.00001
KP0984_HU_WP05,WP05,WP,5,0.19049,8.4406928,0.582855792,0.101458132,AH3,0.00001,0.00001,0.761727,0.238253
KP0985_AC_WP05,WP05,WP,5,17.885769,-3.5833542,0.418061014,-0.226980122,AH2,0.00001,0.99997,0.00001,0.00001
KP0986_HU_WP05,WP05,WP,5,17.7480935,-3.2313757,-0.152812193,-0.026846265,AH2,0.00001,0.99997,0.00001,0.00001
KP0987_HU_WP05,WP05,WP,5,16.8605691,-3.2966457,0.157218251,-0.077040313,AH2,0.00001,0.99997,0.00001,0.00001
KP0989_HU_WP05,WP05,WP,5,18.2879652,-3.8264832,-0.504221115,0.245217976,AH2,0.00001,0.99997,0.00001,0.00001
KP1003_HU_CA10,CA10,CA,10,-7.6640859,-3.0107532,-10.44198199,2.58996646,AH1,0.00001,0.00001,0.00001,0.99997
KP1005_HU_CA10,CA10,CA,10,-7.6076556,-2.9652553,-10.54801027,2.604182644,AH1,0.00001,0.00001,0.00001,0.99997
KP1033_HU_CA10,CA10,CA,10,-6.490711,-2.2225246,-6.656135177,1.619076769,AH1,0.110903,0.00001,0.00001,0.889077
KP1034_HU_CA10,CA10,CA,10,-6.8780773,-3.3338758,-7.041831397,1.283902523,AH1,0.00001,0.00001,0.00001,0.99997
KP1036_UN_CA10,CA10,CA,10,-6.90693,-3.3341884,-6.846631887,1.378057437,AH1,0.00001,0.00001,0.00001,0.99997
KP1037_HU_CA10,CA10,CA,10,-4.2678604,1.2842159,-0.610541106,0.408204705,AH1,0.2013,0.00001,0.21373,0.58496
KP1039_HU_CA10,CA10,CA,10,-7.6056477,-3.0575634,-0.447198462,-1.238822209,AH1,0.515015,0.00001,0.00001,0.484965
KP1041_HU_CA10,CA10,CA,10,-2.6228626,1.8671713,-1.839726475,0.725077529,AH1,0.130968,0.00001,0.323748,0.545274
KP1074_AC_CA20,CA20,CA,20,-7.4838649,-2.7148295,1.543978213,-3.833512517,AH1,0.788219,0.00001,0.00001,0.211761
KP1084_AC_CA20,CA20,CA,20,-6.7105935,-1.7988006,0.094422973,3.122145491,AH1,0.395631,0.00001,0.00001,0.604349
KP1086_HU_CA20,CA20,CA,20,-6.6354617,-1.8459406,0.152407987,3.061886971,AH1,0.426895,0.00001,0.00001,0.573085
KP1116_AC_CA20,CA20,CA,20,-8.063575,-3.267347,0.001317378,-1.082665333,AH1,0.305511,0.00001,0.00001,0.694469
KP1153_UN_CA20,CA20,CA,20,-6.5142456,-1.5032478,-4.510676548,2.320602106,AH1,0.128193,0.00001,0.00001,0.871787
KP1159_UN_CA20,CA20,CA,20,-6.6722025,-1.7538994,3.046442541,0.447779981,AH1,0.672446,0.00001,0.00001,0.327534
KP1162_AC_CA20,CA20,CA,20,-6.0324323,-1.5144943,-2.591588499,1.7931325,AH1,0.113121,0.00001,0.116184,0.770686
KX0075_HU_SB10,SB10,SB,10,-6.0941783,0.2718963,-0.535351978,-4.004489738,AH1,0.60435,0.00001,0.114685,0.280955