Individual,Species,Population,Site,Loc,Depth,V1,V2,V3,V4,V5,V6,Clusters,Q.Clust1,Q.Clust2,Q.Clust3,Q.Clust4,Q.Clust5,Q.Clust6
KP0046_AC_SB10,AC,AC_SB10,SB10,SB,10,10.3715312,-7.652942,0.59001112,-0.025059992,0.296383468,0.328608267,1,0.928022,1e-05,1e-05,0.071938,1e-05,1e-05
KP0049_HU_SB10,HU,HU_SB10,SB10,SB,10,1.1679769,32.147139,0.37345402,4.224594828,-0.317603601,-0.123977567,3,1e-05,1e-05,0.979618,1e-05,1e-05,0.020342
KP0050_AC_SB10,AC,AC_SB10,SB10,SB,10,10.11529,-7.595161,1.51394349,-0.346248763,0.536099231,0.107154384,1,0.945864,1e-05,1e-05,0.054096,1e-05,1e-05
KP0055_AC_SB10,AC,AC_SB10,SB10,SB,10,16.4835034,-10.934216,0.54505375,0.119795473,-0.029599761,-0.184067491,1,0.85827,1e-05,1e-05,0.14169,1e-05,1e-05
KP0057_AC_SB10,AC,AC_SB10,SB10,SB,10,16.5626161,-10.632109,1.28755483,-0.100955022,0.063852622,0.012970179,1,0.955989,1e-05,1e-05,0.043971,1e-05,1e-05
KP0058_AC_SB10,AC,AC_SB10,SB10,SB,10,16.6198322,-10.798525,1.7920189,-0.115505976,0.040336884,0.068640679,1,0.99995,1e-05,1e-05,1e-05,1e-05,1e-05
KP0060_AC_SB10,AC,AC_SB10,SB10,SB,10,9.4581229,-7.155784,0.68625053,-0.145163949,0.403695688,0.165729221,1,0.99995,1e-05,1e-05,1e-05,1e-05,1e-05
KP0061_AC_SB10,AC,AC_SB10,SB10,SB,10,16.5364746,-10.669771,0.48515934,-0.099790188,-0.083934157,0.119707506,1,0.99995,1e-05,1e-05,1e-05,1e-05,1e-05
KP0072_AC_SB10,AC,AC_SB10,SB10,SB,10,16.5636782,-10.523016,0.73636941,-0.057977104,-0.041994574,-0.180265538,1,0.99995,1e-05,1e-05,1e-05,1e-05,1e-05
KP0073_HU_SB10,HU,HU_SB10,SB10,SB,10,0.6634528,28.548858,0.40996466,3.659243962,-0.246939087,-0.196371792,3,1e-05,1e-05,0.791459,1e-05,1e-05,0.208501
KP0074_AC_SB10,AC,AC_SB10,SB10,SB,10,16.4097962,-10.583369,1.08953769,-0.02041952,0.007493587,0.064328702,1,0.916299,1e-05,1e-05,0.083661,1e-05,1e-05
KP0081_AC_SB10,AC,AC_SB10,SB10,SB,10,16.4222979,-10.538149,1.79365539,0.06731678,-0.083954456,-0.211670258,1,0.944359,1e-05,1e-05,0.055592,1e-05,2e-05
KP0084_AC_SB10,AC,AC_SB10,SB10,SB,10,1.1481632,35.100534,-1.08231355,-11.25830203,1.078810454,-1.334843629,6,1e-05,1e-05,1e-05,1e-05,1e-05,0.99995
KP0086_LM_SB10,LM,LM_SB10,SB10,SB,10,-51.5195005,-8.960102,0.21904668,-0.486468776,-4.677179361,-0.092115243,2,1e-05,0.91585,1e-05,1e-05,0.08411,1e-05
KP0089_AC_SB10,AC,AC_SB10,SB10,SB,10,13.6342142,-9.157534,1.02298155,-0.261907392,0.421252285,0.232135219,1,0.99995,1e-05,1e-05,1e-05,1e-05,1e-05
KP0090_AC_SB10,AC,AC_SB10,SB10,SB,10,1.4142006,34.139241,0.33667649,3.812701095,-0.407303724,0.625218241,3,1e-05,1e-05,0.877795,1e-05,1e-05,0.122165
KP0091_AC_SB10,AC,AC_SB10,SB10,SB,10,1.180684,34.684376,-1.44078102,-11.40255026,0.740253074,-1.783796883,6,1e-05,1e-05,1e-05,1e-05,1e-05,0.99995
KP0093_AC_SB10,AC,AC_SB10,SB10,SB,10,1.2633128,36.639521,0.46556317,4.65846544,-0.383388246,-0.570261119,3,1e-05,1e-05,0.99995,1e-05,1e-05,1e-05
KP0095_AC_SB10,AC,AC_SB10,SB10,SB,10,14.418627,-9.44043,1.32852714,-0.237872123,0.041981113,0.237648486,1,0.99995,1e-05,1e-05,1e-05,1e-05,1e-05
KP0096_AC_SB10,AC,AC_SB10,SB10,SB,10,-50.1687958,-8.730612,-0.53652143,1.002038616,10.06155748,-0.087544048,5,1e-05,1e-05,1e-05,1e-05,0.99995,1e-05
KP0099_AC_SB10,AC,AC_SB10,SB10,SB,10,1.580668,34.274448,0.83051439,5.003275931,-0.38855723,-2.586875923,3,1e-05,1e-05,0.984847,1e-05,1e-05,0.015113
KP0100_AC_SB10,AC,AC_SB10,SB10,SB,10,16.1842319,-10.570107,0.81499167,-0.099288873,-0.018071165,0.105466687,1,0.99995,1e-05,1e-05,1e-05,1e-05,1e-05
KP0101_AC_SB10,AC,AC_SB10,SB10,SB,10,16.5040512,-10.641488,1.0737706,0.095395144,0.092640262,-0.027329654,1,0.994004,1e-05,1e-05,0.005956,1e-05,1e-05
KP0102_AC_SB10,AC,AC_SB10,SB10,SB,10,16.5977167,-10.633625,0.97433537,-0.102621854,0.080025726,0.10881524,1,0.99995,1e-05,1e-05,1e-05,1e-05,1e-05
KP0104_AC_SB10,AC,AC_SB10,SB10,SB,10,15.508559,-9.973802,1.10468514,0.049178073,0.245675339,-0.018486314,1,0.951191,1e-05,1e-05,0.048769,1e-05,1e-05
KP0108_AC_SB10,AC,AC_SB10,SB10,SB,10,-48.9715898,-8.694741,0.05596495,-0.651249854,-5.080984285,0.130175956,2,1e-05,0.99995,1e-05,1e-05,1e-05,1e-05
KP0109_LM_SB10,LM,LM_SB10,SB10,SB,10,13.0171257,-8.834027,1.19877379,-0.289525651,0.379995877,-0.057626307,1,0.99995,1e-05,1e-05,1e-05,1e-05,1e-05
KP0111_AC_SB10,AC,AC_SB10,SB10,SB,10,1.2343846,37.724749,0.89911712,6.65235952,-0.637671953,-3.093702752,3,1e-05,1e-05,0.99995,1e-05,1e-05,1e-05
KP0112_AC_SB10,AC,AC_SB10,SB10,SB,10,16.3116317,-10.511196,1.41278057,0.057307102,0.13140963,0.058145743,1,0.99995,1e-05,1e-05,1e-05,1e-05,1e-05
KP0116_AC_SB10,AC,AC_SB10,SB10,SB,10,15.2808239,-9.834832,0.45290921,-0.037188898,0.167452697,0.096779681,1,0.890232,1e-05,1e-05,0.109728,1e-05,1e-05
KP0120_AC_SB10,AC,AC_SB10,SB10,SB,10,16.4082754,-10.615107,0.79427667,-0.157972076,0.037208734,0.07344412,1,0.976343,1e-05,1e-05,0.023617,1e-05,1e-05
KP0121_AC_SB10,AC,AC_SB10,SB10,SB,10,13.9216019,-9.522656,0.86590197,-0.046649842,0.031398649,0.232210439,1,0.922274,1e-05,1e-05,0.077686,1e-05,1e-05
KP0122_AC_SB10,AC,AC_SB10,SB10,SB,10,12.9213035,-9.228712,1.07848317,-0.101853848,0.109510013,0.351060628,1,0.99995,1e-05,1e-05,1e-05,1e-05,1e-05
KP0123_AC_SB10,AC,AC_SB10,SB10,SB,10,16.1179567,-10.690799,0.41877366,0.072703194,-0.099961331,0.037399736,1,0.926672,1e-05,1e-05,0.073288,1e-05,1e-05
KP0125_AC_SB10,AC,AC_SB10,SB10,SB,10,15.1346456,-9.854113,0.89730958,-0.147716998,-0.068726767,0.296465148,1,0.951396,1e-05,1e-05,0.048564,1e-05,1e-05
KP0127_AC_SB10,AC,AC_SB10,SB10,SB,10,15.4157822,-10.126852,1.32294191,-0.233382867,0.243898143,0.035935063,1,0.99995,1e-05,1e-05,1e-05,1e-05,1e-05
KP0129_AC_SB10,AC,AC_SB10,SB10,SB,10,10.3273655,-7.45391,0.73937996,-0.010620234,-0.020893373,0.480224718,1,0.962594,1e-05,1e-05,0.037366,1e-05,1e-05
KP0130_AC_SB05,AC,AC_SB05,SB05,SB,5,1.0771627,35.620132,-0.85851973,-10.29537124,0.986574726,-0.778485334,6,1e-05,1e-05,1e-05,1e-05,1e-05,0.99995
KP0131_HU_SB05,HU,HU_SB05,SB05,SB,5,13.29415,-9.386141,1.10763205,0.006743487,0.086347809,0.171126926,1,0.921259,1e-05,1e-05,0.078701,1e-05,1e-05
KP0132_HU_SB05,HU,HU_SB05,SB05,SB,5,1.1379517,32.390947,-1.48099625,-10.89012747,0.860286007,-2.131507194,6,1e-05,1e-05,1e-05,1e-05,1e-05,0.99995
KP0134_HU_SB05,HU,HU_SB05,SB05,SB,5,1.2092294,33.401898,0.5072811,4.98023625,-0.32111849,-2.258762721,3,1e-05,1e-05,0.99995,1e-05,1e-05,1e-05
KP0135_HU_SB05,HU,HU_SB05,SB05,SB,5,1.4518824,35.645095,-1.27819586,-11.29779154,1.025086663,-1.061044796,6,1e-05,1e-05,1e-05,1e-05,1e-05,0.99995
KP0138_HU_SB05,HU,HU_SB05,SB05,SB,5,1.1229787,34.836027,0.33206017,-0.67783319,-0.052157591,7.346433681,7,1e-05,1e-05,0.761669,1e-05,1e-05,0.238291
KP0140_HU_SB05,HU,HU_SB05,SB05,SB,5,1.5030484,35.192472,-1.12633917,-11.59206061,0.935956541,-2.577507126,6,1e-05,1e-05,1e-05,1e-05,1e-05,0.99995
KP0142_HU_SB05,HU,HU_SB05,SB05,SB,5,1.3162491,36.156428,-1.24396995,-11.25535656,0.922607629,-1.501892726,6,1e-05,1e-05,1e-05,1e-05,1e-05,0.99995
KP0143_HU_SB05,HU,HU_SB05,SB05,SB,5,0.9521974,35.130408,0.24426983,0.669351825,-0.189608782,6.416341801,7,1e-05,1e-05,0.638929,1e-05,1e-05,0.361031
KP0145_HU_SB05,HU,HU_SB05,SB05,SB,5,1.2843172,36.025852,-1.16648587,-11.03880114,0.925818181,-1.669512804,6,1e-05,1e-05,1e-05,1e-05,1e-05,0.99995
KP0146_HU_SB05,HU,HU_SB05,SB05,SB,5,1.1380698,34.02487,-1.22364113,-11.79715586,0.919751288,-1.502278562,6,1e-05,1e-05,1e-05,1e-05,1e-05,0.99995
KP0147_HU_SB05,HU,HU_SB05,SB05,SB,5,1.2742131,35.670995,-1.05692053,-11.23435913,0.90063328,-0.971137694,6,1e-05,1e-05,1e-05,1e-05,1e-05,0.99995
KP0149_HU_SB05,HU,HU_SB05,SB05,SB,5,1.3126663,35.456646,-1.08798461,-11.54091067,0.89779038,-1.613891803,6,1e-05,1e-05,1e-05,1e-05,1e-05,0.99995
KP0152_AC_SQ12,AC,AC_SQ12,SQ12,SQ,12,16.4346229,-10.384698,1.20345635,-0.073787479,-0.028833878,-0.039621578,1,0.945966,1e-05,1e-05,0.053994,1e-05,1e-05
KP0153_AC_SQ12,AC,AC_SQ12,SQ12,SQ,12,16.4580241,-10.793921,1.04513747,-0.203430877,0.023248048,0.0256685,1,0.99995,1e-05,1e-05,1e-05,1e-05,1e-05
KP0158_AC_SQ12,AC,AC_SQ12,SQ12,SQ,12,16.5433036,-10.836215,1.00265444,-0.178597319,-0.038726041,0.055221947,1,0.96962,1e-05,1e-05,0.03034,1e-05,1e-05
KP0167_AC_SQ12,AC,AC_SQ12,SQ12,SQ,12,16.5678307,-10.714387,0.856715,-0.127702392,-0.091052911,0.175485725,1,0.937229,1e-05,1e-05,0.059146,1e-05,0.003594
KP0168_AC_SQ12,AC,AC_SQ12,SQ12,SQ,12,16.4292278,-10.870443,0.48788556,-0.043244829,0.029354511,-0.021972478,1,0.901543,1e-05,1e-05,0.098417,1e-05,1e-05
KP0176_AC_SQ12,AC,AC_SQ12,SQ12,SQ,12,16.452055,-10.503969,0.59546538,0.02285626,0.007106538,-0.190996626,1,0.986992,1e-05,1e-05,0.012968,1e-05,1e-05
KP0181_AC_SQ12,AC,AC_SQ12,SQ12,SQ,12,15.4890549,-10.116441,1.12928739,0.041747144,0.143391275,-0.019456392,1,0.968676,1e-05,1e-05,0.031284,1e-05,1e-05
KP0184_AC_SQ12,AC,AC_SQ12,SQ12,SQ,12,1.2464793,37.47815,0.8088711,5.980160023,-0.60304183,-2.636712463,3,1e-05,1e-05,0.99995,1e-05,1e-05,1e-05
KP0186_AC_SQ12,AC,AC_SQ12,SQ12,SQ,12,-50.6683077,-9.049714,0.45506231,-0.457436465,-6.446533857,0.067202712,2,1e-05,0.928021,1e-05,1e-05,0.07193,1.9e-05
KP0187_AC_SQ12,AC,AC_SQ12,SQ12,SQ,12,16.6466956,-10.864233,1.59903203,-0.16658889,0.053100093,-0.010371829,1,0.983459,1e-05,1e-05,0.016501,1e-05,1e-05
KP0189_AC_SQ12,AC,AC_SQ12,SQ12,SQ,12,16.4397004,-10.93022,1.3790667,-0.013893143,-0.135350501,-0.064914399,1,0.99995,1e-05,1e-05,1e-05,1e-05,1e-05
KP0190_AC_SQ12,AC,AC_SQ12,SQ12,SQ,12,16.769196,-10.953754,0.97950496,-0.118962542,0.050303643,-0.233098704,1,0.99995,1e-05,1e-05,1e-05,1e-05,1e-05
KP0192_AC_SQ12,AC,AC_SQ12,SQ12,SQ,12,-49.9692914,-8.969118,0.41404077,-0.379309776,-4.240948003,-0.100241437,2,1e-05,0.99995,1e-05,1e-05,1e-05,1e-05
KP0197_AC_SQ12,AC,AC_SQ12,SQ12,SQ,12,16.6774304,-10.680122,0.01650346,-0.229641076,-0.131992643,0.155531249,1,0.944015,1e-05,1e-05,0.055945,1e-05,1e-05
KP0202_AC_SQ12,AC,AC_SQ12,SQ12,SQ,12,16.2355809,-10.435599,0.1692566,0.006498809,0.035835829,0.062968195,1,0.999943,1e-05,1e-05,1e-05,1.3e-05,1.4e-05
KP0203_AC_SQ12,AC,AC_SQ12,SQ12,SQ,12,-51.3660945,-9.279796,0.10951401,-0.383313728,-5.117378997,-0.122540388,2,1e-05,0.99995,1e-05,1e-05,1e-05,1e-05
KP0207_LM_SQ12,LM,LM_SQ12,SQ12,SQ,12,-51.2994018,-9.283972,0.35098608,-0.362331472,-4.12088391,0.150014268,2,1e-05,0.97107,1e-05,1e-05,0.02889,1e-05
KP0209_AC_SQ12,AC,AC_SQ12,SQ12,SQ,12,15.5277973,-9.864285,0.89807567,0.018959532,0.217672729,-0.01598005,1,0.99995,1e-05,1e-05,1e-05,1e-05,1e-05
KP0211_AC_SQ12,AC,AC_SQ12,SQ12,SQ,12,1.2239523,35.723467,0.93193757,5.216847597,-0.477749611,-2.275973836,3,1e-05,1e-05,0.99995,1e-05,1e-05,1e-05
KP0214_AC_SQ20,AC,AC_SQ20,SQ20,SQ,20,16.4520858,-10.671718,0.9368123,0.028691717,0.066100983,-0.026023538,1,0.99995,1e-05,1e-05,1e-05,1e-05,1e-05
KP0218_AC_SQ20,AC,AC_SQ20,SQ20,SQ,20,15.0747332,-8.950895,-13.46477538,1.298193712,-0.959677359,0.155724772,4,1e-05,1e-05,1e-05,0.99995,1e-05,1e-05
KP0220_AC_SQ20,AC,AC_SQ20,SQ20,SQ,20,16.4035993,-10.769145,0.11552369,-0.050966639,-0.223432702,0.021817865,1,0.944753,1e-05,1e-05,0.055207,1e-05,1e-05
KP0222_AC_SQ20,AC,AC_SQ20,SQ20,SQ,20,16.0350784,-10.248314,1.07360253,-0.156234509,-0.02301009,0.016366215,1,0.99995,1e-05,1e-05,1e-05,1e-05,1e-05
KP0225_AC_SQ20,AC,AC_SQ20,SQ20,SQ,20,16.4890467,-10.762145,1.0258123,0.067112018,0.124007017,-0.047070582,1,0.981853,1e-05,1e-05,0.018107,1e-05,1e-05
KP0229_AC_SQ20,AC,AC_SQ20,SQ20,SQ,20,16.3687453,-10.30274,0.6201111,-0.208327284,0.000920875,0.045645331,1,0.99995,1e-05,1e-05,1e-05,1e-05,1e-05
KP0235_AC_SQ20,AC,AC_SQ20,SQ20,SQ,20,9.9438148,-6.587951,-9.09468236,0.981305863,-0.379419337,0.14168731,4,0.098282,1e-05,1e-05,0.901678,1e-05,1e-05
KP0236_AC_SQ20,AC,AC_SQ20,SQ20,SQ,20,14.8127252,-9.785148,1.43227271,0.07720032,-0.115654942,0.334660803,1,0.99995,1e-05,1e-05,1e-05,1e-05,1e-05
KP0237_AC_SQ20,AC,AC_SQ20,SQ20,SQ,20,16.0199507,-10.334152,1.22202403,-0.137031332,0.062428168,0.26084,1,0.99995,1e-05,1e-05,1e-05,1e-05,1e-05
KP0241_AC_SQ20,AC,AC_SQ20,SQ20,SQ,20,15.5488737,-9.53733,-14.21669581,1.36606815,-1.047021328,0.002354208,4,1e-05,1e-05,1e-05,0.99995,1e-05,1e-05
KP0242_AC_SQ20,AC,AC_SQ20,SQ20,SQ,20,16.3908946,-10.414377,0.14646781,0.083326076,-0.19316116,-0.085229591,1,0.99995,1e-05,1e-05,1e-05,1e-05,1e-05
KP0243_AC_SQ20,AC,AC_SQ20,SQ20,SQ,20,14.5695685,-8.942877,-14.07552252,1.487137768,-0.970123247,0.182257166,4,1e-05,1e-05,1e-05,0.99995,1e-05,1e-05
KP0247_AC_SQ20,AC,AC_SQ20,SQ20,SQ,20,14.7562349,-9.097892,-13.09994408,1.339030696,-0.866560437,0.218997479,4,1e-05,1e-05,1e-05,0.99994,1e-05,2e-05
KP0249_LM_SQ20,LM,LM_SQ20,SQ20,SQ,20,-50.9088894,-9.167018,0.37498065,-0.473959952,-4.260626676,0.075287959,2,1e-05,0.99995,1e-05,1e-05,1e-05,1e-05
KP0251_AC_SQ20,AC,AC_SQ20,SQ20,SQ,20,16.7104789,-10.659447,0.24977814,-0.083990826,-0.039229173,0.007520483,1,0.99995,1e-05,1e-05,1e-05,1e-05,1e-05
KP0252_LM_SQ20,LM,LM_SQ20,SQ20,SQ,20,-51.1299409,-9.030908,0.3414891,-0.265793315,-3.219345937,0.029639633,2,1e-05,0.99995,1e-05,1e-05,1e-05,1e-05
KP0254_LM_SQ20,LM,LM_SQ20,SQ20,SQ,20,-50.9668827,-8.806723,-0.73041527,0.994796969,10.12793439,0.170631332,5,1e-05,1e-05,1e-05,1e-05,0.99995,1e-05
KP0255_AC_SQ20,AC,AC_SQ20,SQ20,SQ,20,15.3906069,-9.433565,-14.00376901,1.453171247,-0.944654045,0.047290878,4,1e-05,1e-05,1e-05,0.999943,1e-05,1.7e-05
KP0259_AC_SQ20,AC,AC_SQ20,SQ20,SQ,20,15.7439342,-9.423054,-13.64618377,1.38459919,-0.990725796,-0.068596952,4,1e-05,1e-05,1e-05,0.99995,1e-05,1e-05
KP0261_AC_SQ20,AC,AC_SQ20,SQ20,SQ,20,15.9155748,-10.462441,0.9787491,-0.127493306,-0.117121431,0.209107615,1,0.99995,1e-05,1e-05,1e-05,1e-05,1e-05
KP0269_AC_SQ20,AC,AC_SQ20,SQ20,SQ,20,16.7093913,-10.77717,0.70940822,-0.114343314,0.034881723,0.139319898,1,0.99995,1e-05,1e-05,1e-05,1e-05,1e-05
KP0275_AC_SQ20,AC,AC_SQ20,SQ20,SQ,20,16.2850495,-10.606526,0.52553684,0.127533516,-0.038194474,-0.016947291,1,0.982399,1e-05,1e-05,0.015473,0.002098,1e-05
KP0279_AC_SQ20,AC,AC_SQ20,SQ20,SQ,20,16.0177116,-10.327292,0.69022695,0.063109089,-0.153461934,0.145171917,1,0.99995,1e-05,1e-05,1e-05,1e-05,1e-05
KP0282_LM_SQ20,LM,LM_SQ20,SQ20,SQ,20,-48.4230225,-8.864137,0.22996898,-0.407423068,-5.900189425,-0.262145318,2,1e-05,0.99995,1e-05,1e-05,1e-05,1e-05
KP0283_AC_SQ20,AC,AC_SQ20,SQ20,SQ,20,16.4098217,-10.444223,0.97206357,-0.103284638,0.135114981,0.204934933,1,0.999947,1e-05,1e-05,1e-05,1e-05,1.3e-05
KP0285_LM_SQ20,LM,LM_SQ20,SQ20,SQ,20,-47.2616041,-8.318426,-0.89115933,0.97187697,9.599697203,0.155957662,5,1e-05,0.012883,1e-05,1e-05,0.987077,1e-05
KP0289_AC_WP20,AC,AC_WP20,WP20,WP,20,15.2527826,-10.170865,1.69133874,-0.008747529,0.272144511,-0.1906354,1,0.99995,1e-05,1e-05,1e-05,1e-05,1e-05
KP0290_LM_WP20,LM,LM_WP20,WP20,WP,20,-51.2992686,-9.210589,0.52674078,-0.587285171,-4.458916697,0.232348746,2,1e-05,0.99995,1e-05,1e-05,1e-05,1e-05
KP0291_AC_WP20,AC,AC_WP20,WP20,WP,20,15.2293156,-9.409524,0.27768068,-0.162988497,0.138745738,-0.03233984,1,0.958237,1e-05,1e-05,0.041723,1e-05,1.1e-05
KP0292_AC_WP20,AC,AC_WP20,WP20,WP,20,13.4877045,-9.225386,0.8698004,-0.194757534,0.23355361,0.044628422,1,0.936771,1e-05,1e-05,0.063181,1e-05,1.8e-05
KP0293_LM_WP20,LM,LM_WP20,WP20,WP,20,-51.3340352,-9.04239,0.1773974,-0.32090004,-5.009820479,-0.148705863,2,1e-05,0.99995,1e-05,1e-05,1e-05,1e-05
KP0294_AC_WP20,AC,AC_WP20,WP20,WP,20,15.9458492,-10.322567,1.22682596,-0.198892225,0.127483216,-0.079538097,1,0.99111,1e-05,1e-05,0.00885,1e-05,1e-05
KP0296_AC_WP20,AC,AC_WP20,WP20,WP,20,16.1509856,-10.326495,1.64316429,0.046992578,-0.006852098,-0.108287734,1,0.99995,1e-05,1e-05,1e-05,1e-05,1e-05
KP0301_AC_WP20,AC,AC_WP20,WP20,WP,20,15.89582,-10.400184,1.76195302,-0.095938188,0.166148728,-0.158268388,1,0.909263,1e-05,1e-05,0.090687,1.5e-05,1.5e-05
KP0304_AC_WP20,AC,AC_WP20,WP20,WP,20,16.7236085,-10.716389,1.56347556,-0.094385983,0.125139091,-0.24424577,1,0.957501,1e-05,1e-05,0.04245,1e-05,1.8e-05
KP0305_AC_WP20,AC,AC_WP20,WP20,WP,20,16.7817601,-10.665544,1.5045671,-0.030814991,0.04525676,-0.175749548,1,0.99995,1e-05,1e-05,1e-05,1e-05,1e-05
KP0308_LM_WP20,LM,LM_WP20,WP20,WP,20,-49.6222955,-9.032461,0.67754825,-0.480522401,-4.252393584,-0.298514587,2,1e-05,0.99995,1e-05,1e-05,1e-05,1e-05
KP0311_AC_WP20,AC,AC_WP20,WP20,WP,20,15.3537429,-9.05866,-14.18530758,1.399476628,-1.092552822,-0.044621231,4,1e-05,1e-05,1e-05,0.99995,1e-05,1e-05
KP0314_AC_WP20,AC,AC_WP20,WP20,WP,20,16.5196511,-10.792383,1.35983744,0.115702003,-0.012025803,-0.155839502,1,0.958852,1e-05,1e-05,0.041108,1e-05,1e-05
KP0317_AC_WP20,AC,AC_WP20,WP20,WP,20,14.1543264,-9.392095,1.1129524,-0.285278996,-0.187293237,0.077664094,1,0.99995,1e-05,1e-05,1e-05,1e-05,1e-05
KP0319_LM_WP20,LM,LM_WP20,WP20,WP,20,-51.650216,-9.241241,0.26667507,-0.34508017,-5.60723258,0.026895622,2,1e-05,0.99995,1e-05,1e-05,1e-05,1e-05
KP0322_LM_WP20,LM,LM_WP20,WP20,WP,20,-47.3063116,-7.883733,-0.90680002,1.276320073,13.0562944,0.032781543,5,1e-05,1e-05,1e-05,1e-05,0.99995,1e-05
KP0323_AC_WP20,AC,AC_WP20,WP20,WP,20,16.698169,-10.836522,1.15653941,-0.115848732,0.081529137,-0.121237759,1,0.99995,1e-05,1e-05,1e-05,1e-05,1e-05
KP0326_AC_WP20,AC,AC_WP20,WP20,WP,20,14.6779138,-10.162542,0.88511233,0.038051817,0.004330418,-0.277587514,1,0.938723,1e-05,1e-05,0.061231,1.5e-05,1e-05
KP0328_LM_WP20,LM,LM_WP20,WP20,WP,20,-50.4006908,-8.532286,-0.75848943,1.115563461,12.03586813,-0.041155988,5,1e-05,0.037248,1e-05,1e-05,0.962712,1e-05
KP0329_AC_WP20,AC,AC_WP20,WP20,WP,20,13.1224705,-8.945088,1.48412455,-0.368670834,0.395304324,-0.026983496,1,0.875439,1e-05,1e-05,0.124521,1e-05,1e-05
KP0332_AC_WP20,AC,AC_WP20,WP20,WP,20,16.6880028,-10.809536,2.00905269,-0.171561374,0.11656615,-0.130279226,1,0.99995,1e-05,1e-05,1e-05,1e-05,1e-05
KP0335_AC_WP20,AC,AC_WP20,WP20,WP,20,16.578309,-10.954006,1.19934123,-0.138031283,0.012666381,-0.140537674,1,0.99995,1e-05,1e-05,1e-05,1e-05,1e-05
KP0340_AC_WP20,AC,AC_WP20,WP20,WP,20,11.2004873,-7.815256,1.10597774,0.071450146,-0.005676577,0.416680342,1,0.969295,1e-05,1e-05,0.030665,1e-05,1e-05
KP0341_LM_WP20,LM,LM_WP20,WP20,WP,20,-50.571555,-9.314658,0.06352559,-0.368498157,-3.608562828,0.141260378,2,1e-05,0.99995,1e-05,1e-05,1e-05,1e-05
KP0346_AC_WP20,AC,AC_WP20,WP20,WP,20,14.2189255,-9.213586,1.29593374,0.076792711,0.074091118,0.054214705,1,0.99995,1e-05,1e-05,1e-05,1e-05,1e-05
KP0347_AC_WP20,AC,AC_WP20,WP20,WP,20,15.56531,-9.146384,-14.44115804,1.494560755,-0.969289125,-0.074877149,4,1e-05,1e-05,1e-05,0.99995,1e-05,1e-05
KP0348_LM_WP20,LM,LM_WP20,WP20,WP,20,-51.3931502,-9.120753,0.1946741,-0.366339062,-4.392565869,0.153712204,2,1e-05,0.99995,1e-05,1e-05,1e-05,1e-05
KP0350_LM_WP20,LM,LM_WP20,WP20,WP,20,-52.3263949,-9.314514,0.58365001,-0.561741216,-5.046365292,0.1658224,2,1e-05,0.893594,1e-05,1e-05,0.106366,1e-05
KP0354_AC_WP20,AC,AC_WP20,WP20,WP,20,16.5836309,-10.588486,1.36624169,-0.177300494,0.08645698,-0.310485492,1,0.99995,1e-05,1e-05,1e-05,1e-05,1e-05
KP0355_AC_WP20,AC,AC_WP20,WP20,WP,20,12.1978267,-8.384824,0.97954155,-0.140296842,-0.158280774,-0.104969631,1,0.99995,1e-05,1e-05,1e-05,1e-05,1e-05
KP0362_AC_WP20,AC,AC_WP20,WP20,WP,20,16.9008628,-11.169803,1.78976323,-0.059499273,0.097097407,-0.237771309,1,0.99995,1e-05,1e-05,1e-05,1e-05,1e-05
KP0365_AC_WP20,AC,AC_WP20,WP20,WP,20,16.457948,-10.62023,1.23195081,-0.205907916,-0.113492287,-0.140588334,1,0.988582,1e-05,1e-05,0.011378,1e-05,1e-05
KP0368_AC_WP20,AC,AC_WP20,WP20,WP,20,15.9805467,-10.11867,0.33742484,-0.164127786,0.06825624,-0.008130505,1,0.908168,1e-05,1e-05,0.091782,1.8e-05,1.2e-05
KP0369_AC_WP20,AC,AC_WP20,WP20,WP,20,15.4311469,-9.145803,-14.71766788,1.503286136,-0.99029448,0.012830977,4,1e-05,1e-05,1e-05,0.99995,1e-05,1e-05
KP0372_AC_WP20,AC,AC_WP20,WP20,WP,20,16.9121599,-10.935728,1.47097804,-0.163131273,0.141338697,-0.205021671,1,0.99995,1e-05,1e-05,1e-05,1e-05,1e-05
KP0374_AC_WP20,AC,AC_WP20,WP20,WP,20,15.7296675,-10.186854,0.69136352,-0.027498513,0.050074727,-0.193962105,1,0.88154,1e-05,1e-05,0.11842,1e-05,1e-05
KP0375_LM_WP20,LM,LM_WP20,WP20,WP,20,-49.6497181,-8.571723,-0.08458462,-0.526044383,-4.889012147,0.049866075,2,1e-05,0.95298,1e-05,1e-05,0.04698,1e-05
KP0377_LM_WP20,LM,LM_WP20,WP20,WP,20,-49.7426151,-8.429751,-0.2501118,0.678903601,9.433711095,-0.02859173,5,1e-05,0.05132,1e-05,1e-05,0.94864,1e-05
KP0378_AC_WP20,AC,AC_WP20,WP20,WP,20,0.8732276,28.873939,0.49328471,4.008740094,-0.394301685,-2.495624528,3,1e-05,1e-05,0.99995,1e-05,1e-05,1e-05
KP0379_AC_WP20,AC,AC_WP20,WP20,WP,20,9.4989291,-6.504453,-10.11377239,1.050374099,-0.605287338,0.491037522,4,1e-05,1e-05,1e-05,0.99995,1e-05,1e-05
KP0380_LM_WP20,LM,LM_WP20,WP20,WP,20,-50.7304647,-9.15832,0.20006547,-0.543797046,-3.849123585,0.158967606,2,1e-05,0.972648,1.1e-05,1e-05,0.027311,1e-05
KP0382_AC_WP20,AC,AC_WP20,WP20,WP,20,16.619115,-10.597881,1.01703549,-0.025817128,-0.002778471,-0.36448249,1,0.985507,1e-05,1e-05,0.014453,1e-05,1e-05
KP0396_AC_WP20,AC,AC_WP20,WP20,WP,20,15.2707163,-9.070058,-15.20761304,1.336522667,-1.161383769,-0.069172555,4,1e-05,1e-05,1e-05,0.99995,1e-05,1e-05
KP0399_LM_WP20,LM,LM_WP20,WP20,WP,20,15.3096471,-9.015625,-14.5676906,1.500897797,-0.974612,-0.022306429,4,1e-05,1e-05,1e-05,0.99995,1e-05,1e-05
KP0400_LM_WP20,LM,LM_WP20,WP20,WP,20,-50.3109202,-8.778322,-0.56660081,0.801847979,9.069493208,-0.016088051,5,1e-05,0.015125,1e-05,1e-05,0.984835,1e-05
KP0405_AC_WP20,AC,AC_WP20,WP20,WP,20,16.6887132,-10.684537,0.89830033,0.072868904,0.066149041,-0.311827764,1,0.896915,1e-05,1e-05,0.103045,1e-05,1e-05
KP0406_NA_NANA,NA,NA_NANA,NANA,NA,NA,16.2782657,-10.644027,1.6751757,-0.072363738,0.05750578,-0.207671841,1,0.99995,1e-05,1e-05,1e-05,1e-05,1e-05
KP0407_AC_CA05,AC,AC_CA05,CA05,CA,5,10.9866594,-8.165008,1.42592551,-0.277010701,0.464787848,0.252543274,1,0.99995,1e-05,1e-05,1e-05,1e-05,1e-05
KP0408_AC_CA05,AC,AC_CA05,CA05,CA,5,16.520006,-10.79165,1.7226158,-0.126704538,0.120435691,-0.072517705,1,0.99995,1e-05,1e-05,1e-05,1e-05,1e-05
KP0409_AC_CA05,AC,AC_CA05,CA05,CA,5,13.7447209,-9.472918,1.51565357,0.09429855,0.197768379,0.306334289,1,0.96647,1e-05,1e-05,0.033483,1.6e-05,1e-05
KP0410_HU_CA05,HU,HU_CA05,CA05,CA,5,1.2879594,36.817056,0.32881413,4.068059622,-0.374764924,-1.232075154,3,1e-05,1e-05,0.935841,1e-05,1e-05,0.064119
KP0413_HU_CA05,HU,HU_CA05,CA05,CA,5,1.2601753,31.838205,0.18537789,3.664980968,-0.487540544,-0.635700239,3,1e-05,1e-05,0.942141,1e-05,1e-05,0.057819
KP0414_HU_CA05,HU,HU_CA05,CA05,CA,5,1.251459,33.72324,0.56985553,4.715949765,-0.393744696,-2.332789497,3,1e-05,1e-05,0.99995,1e-05,1e-05,1e-05
KP0417_HU_CA05,HU,HU_CA05,CA05,CA,5,1.1593936,36.873971,0.73107751,4.907849113,-0.333267595,-2.132899384,3,1e-05,1e-05,0.99995,1e-05,1e-05,1e-05
KP0423_HU_CA05,HU,HU_CA05,CA05,CA,5,1.3074694,32.294108,0.21918432,3.673507196,-0.320593756,-1.745978369,3,1e-05,1e-05,0.99995,1e-05,1e-05,1e-05
KP0424_AC_CA05,AC,AC_CA05,CA05,CA,5,16.7320847,-10.810917,2.27923473,-0.174382919,0.182244528,0.109349538,1,0.99995,1e-05,1e-05,1e-05,1e-05,1e-05
KP0425_HU_CA05,HU,HU_CA05,CA05,CA,5,1.232658,37.540482,0.92152814,5.490841486,-0.434526709,-2.129516726,3,1e-05,1e-05,0.99995,1e-05,1e-05,1e-05
KP0426_HU_CA05,HU,HU_CA05,CA05,CA,5,1.1416647,34.726671,0.38154099,3.421117353,-0.383430313,0.723502147,3,1e-05,1e-05,0.99995,1e-05,1e-05,1e-05
KP0427_HU_CA05,HU,HU_CA05,CA05,CA,5,1.1295784,33.440544,0.74312253,4.858731069,-0.655317993,-2.461937076,3,1e-05,1e-05,0.99995,1e-05,1e-05,1e-05
KP0429_HU_CA05,HU,HU_CA05,CA05,CA,5,1.0979091,35.117055,0.73239889,5.889564278,-0.422117705,-2.642944977,3,1e-05,1e-05,0.99995,1e-05,1e-05,1e-05
KP0431_HU_CA05,HU,HU_CA05,CA05,CA,5,16.5257026,-10.704822,0.8100816,0.126077005,0.083019356,-0.032874519,1,0.919959,1e-05,1e-05,0.080001,1e-05,1e-05
KP0432_HU_CA05,HU,HU_CA05,CA05,CA,5,1.1724613,35.989816,0.18980678,3.040445378,-0.222974421,0.086827869,3,1e-05,1e-05,0.966472,1e-05,1e-05,0.033488
KP0434_HU_CA05,HU,HU_CA05,CA05,CA,5,1.0574404,35.325282,0.81926226,5.458645035,-0.488980506,-1.821392997,3,1e-05,1e-05,0.99995,1e-05,1e-05,1e-05
KP0435_HU_CA05,HU,HU_CA05,CA05,CA,5,1.391942,37.127878,0.76503107,5.706599774,-0.53175032,-2.72919566,3,1e-05,1e-05,0.99995,1e-05,1e-05,1e-05
KP0436_HU_CA05,HU,HU_CA05,CA05,CA,5,1.4147963,32.964885,0.38194921,-0.542768942,-0.0588122,9.098364171,7,1e-05,1e-05,0.653691,1e-05,1e-05,0.346269
KP0437_HU_CA05,HU,HU_CA05,CA05,CA,5,1.2800328,32.921458,0.42715344,-0.99438789,-0.132509271,9.073535137,7,1e-05,1e-05,0.556502,1e-05,1e-05,0.443458
KP0439_HU_CA05,HU,HU_CA05,CA05,CA,5,1.2654121,37.213823,0.7193007,5.308863064,-0.5961015,-1.404667693,3,1e-05,1e-05,0.99995,1e-05,1e-05,1e-05
KP0441_AC_CA05,AC,AC_CA05,CA05,CA,5,16.7688534,-10.864534,1.19220095,-0.042361916,0.007524386,0.081207744,1,0.99995,1e-05,1e-05,1e-05,1e-05,1e-05
KP0450_AC_WP20,AC,AC_WP20,WP20,WP,20,14.9705039,-9.889278,1.72878647,-0.108810897,0.292750687,-0.20401929,1,0.99995,1e-05,1e-05,1e-05,1e-05,1e-05
KP0452_AC_WP20,AC,AC_WP20,WP20,WP,20,15.1953138,-9.207007,-14.72749742,1.465584332,-0.977603687,0.098289225,4,1e-05,1e-05,1e-05,0.99995,1e-05,1e-05
KP0454_AC_WP20,AC,AC_WP20,WP20,WP,20,16.6387311,-10.564943,1.89527579,-0.17071174,0.098786566,-0.178643086,1,0.99995,1e-05,1e-05,1e-05,1e-05,1e-05
KP0457_AC_WP20,AC,AC_WP20,WP20,WP,20,16.4059525,-10.383207,1.54447649,-0.036804065,0.117576292,-0.176369785,1,0.99995,1e-05,1e-05,1e-05,1e-05,1e-05
KP0459_LM_WP20,LM,LM_WP20,WP20,WP,20,-50.0332043,-8.728772,0.18855683,-0.395994608,-4.317144515,-0.032250075,2,1e-05,0.99995,1e-05,1e-05,1e-05,1e-05
KP0462_AC_WP20,AC,AC_WP20,WP20,WP,20,15.3743207,-9.582866,1.22728399,-0.028955956,0.08584932,-0.149614959,1,0.967411,1e-05,1e-05,0.032549,1e-05,1e-05
KP0463_AC_WP20,AC,AC_WP20,WP20,WP,20,10.04322,-6.352823,-10.75782235,0.98731577,-0.757309496,0.134083319,4,1e-05,1e-05,1e-05,0.99995,1e-05,1e-05
KP0464_AC_WP20,AC,AC_WP20,WP20,WP,20,15.7129844,-10.482229,1.66537273,-0.261907806,0.124281242,0.047330821,1,0.99995,1e-05,1e-05,1e-05,1e-05,1e-05
KP0468_AC_WP20,AC,AC_WP20,WP20,WP,20,16.1272295,-10.508283,1.94367449,-0.217547999,-0.064789401,-0.104474474,1,0.99995,1e-05,1e-05,1e-05,1e-05,1e-05
KP0470_AC_WP20,AC,AC_WP20,WP20,WP,20,11.5481438,-8.124814,0.90082169,-0.244634143,0.2361521,0.294198784,1,0.976372,1e-05,1e-05,0.023587,1e-05,1e-05
KP0471_AC_WP20,AC,AC_WP20,WP20,WP,20,16.788117,-10.961448,1.88736927,-0.097215256,0.054823597,-0.142705689,1,0.99995,1e-05,1e-05,1e-05,1e-05,1e-05
KP0473_LM_WP20,LM,LM_WP20,WP20,WP,20,-50.2834208,-8.930689,-0.67303008,1.132573753,10.46669724,-0.006011864,5,1e-05,1e-05,1e-05,1e-05,0.99995,1e-05
KP0474_AC_WP20,AC,AC_WP20,WP20,WP,20,1.2996664,36.732368,0.72891642,5.363218431,-0.394603147,-2.579185706,3,1e-05,1e-05,0.99995,1e-05,1e-05,1e-05
KP0477_AC_WP20,AC,AC_WP20,WP20,WP,20,15.8423914,-10.278377,1.50092894,-0.189971592,0.252339217,-0.100134123,1,0.902804,1e-05,1e-05,0.097148,1e-05,1.8e-05
KP0479_AC_WP20,AC,AC_WP20,WP20,WP,20,10.8105734,-7.637121,0.59886918,-0.084020016,0.365742174,-0.075648176,1,0.99995,1e-05,1e-05,1e-05,1e-05,1e-05
KP0481_AC_WP20,AC,AC_WP20,WP20,WP,20,16.4076811,-10.28232,1.7470586,-0.224783808,0.014191375,-0.088618985,1,0.99995,1e-05,1e-05,1e-05,1e-05,1e-05
KP0482_LM_WP20,LM,LM_WP20,WP20,WP,20,-48.2692926,-8.699841,0.31434526,-0.117049513,-4.809292212,-0.315508162,2,1e-05,0.99995,1e-05,1e-05,1e-05,1e-05
KP0484_AC_WP20,AC,AC_WP20,WP20,WP,20,15.1632335,-9.720358,1.90889938,-0.238786531,0.200778202,-0.066074617,1,0.94382,1e-05,1e-05,0.05614,1e-05,1e-05
KP0485_AC_WP20,AC,AC_WP20,WP20,WP,20,16.8848437,-10.910751,1.71583507,-0.164347008,0.093652864,-0.212567649,1,0.99995,1e-05,1e-05,1e-05,1e-05,1e-05
KP0487_AC_WP20,AC,AC_WP20,WP20,WP,20,16.6829901,-10.784347,1.7900627,-0.137371288,0.204405903,-0.241835824,1,0.99995,1e-05,1e-05,1e-05,1e-05,1e-05
KP0489_AC_WP20,AC,AC_WP20,WP20,WP,20,16.3860482,-10.399379,0.74017817,-0.089980662,0.11764216,0.13182808,1,0.99995,1e-05,1e-05,1e-05,1e-05,1e-05
KP0490_AC_WP20,AC,AC_WP20,WP20,WP,20,15.2868705,-10.139203,1.76640532,-0.209518047,0.174715699,0.105538411,1,0.99995,1e-05,1e-05,1e-05,1e-05,1e-05
KP0494_AC_WP20,AC,AC_WP20,WP20,WP,20,15.4362634,-10.180816,1.35115937,-0.270821054,0.122207697,-0.141492661,1,0.99924,1e-05,1e-05,0.00072,1e-05,1e-05
KP0499_AC_WP20,AC,AC_WP20,WP20,WP,20,16.6042809,-10.54947,1.05529855,-0.034309302,0.164824727,-0.234476556,1,0.99995,1e-05,1e-05,1e-05,1e-05,1e-05
KP0505_AC_WP20,AC,AC_WP20,WP20,WP,20,9.8716221,-6.384497,0.59453307,0.212839377,-0.237902494,0.076423644,1,0.987778,1e-05,1e-05,0.012182,1e-05,1e-05
KP0508_AC_WP20,AC,AC_WP20,WP20,WP,20,16.058259,-10.398146,1.052837,-0.276682042,-0.05786987,-0.083734109,1,0.999948,1e-05,1e-05,1e-05,1e-05,1.2e-05
KP0512_AC_WP20,AC,AC_WP20,WP20,WP,20,16.7482345,-10.937147,1.50273535,-0.218287568,0.054182306,-0.180198475,1,0.99995,1e-05,1e-05,1e-05,1e-05,1e-05
KP0516_AC_WP20,AC,AC_WP20,WP20,WP,20,16.5194433,-10.549023,0.55862184,0.050668994,-0.003952215,-0.270700463,1,0.998093,1e-05,1e-05,0.001867,1e-05,1e-05
KP0521_AC_WP20,AC,AC_WP20,WP20,WP,20,15.9336631,-10.376664,0.88707651,-0.092008802,-0.101277887,-0.107469108,1,0.99995,1e-05,1e-05,1e-05,1e-05,1e-05
KP0523_AC_WP20,AC,AC_WP20,WP20,WP,20,16.5450375,-10.588279,0.74709006,-0.115496866,0.143158098,-0.300459426,1,0.99995,1e-05,1e-05,1e-05,1e-05,1e-05
KP0529_LM_WP20,LM,LM_WP20,WP20,WP,20,-12.1248173,-8.854827,0.41619919,-0.251982195,-2.738627626,-0.170742974,1,0.534843,0.465117,1e-05,1e-05,1e-05,1e-05
KP0530_AC_WP20,AC,AC_WP20,WP20,WP,20,16.3169021,-10.72193,1.62263476,-0.10995587,0.24575851,-0.363015654,1,0.99995,1e-05,1e-05,1e-05,1e-05,1e-05
KP0532_AC_WP20,AC,AC_WP20,WP20,WP,20,16.3767924,-10.675512,0.80515765,-0.061745593,0.09932095,-0.143881244,1,0.99995,1e-05,1e-05,1e-05,1e-05,1e-05
KP0533_AC_WP20,AC,AC_WP20,WP20,WP,20,15.6962182,-10.360167,1.35773623,-0.143241441,0.218011658,-0.211723913,1,0.99995,1e-05,1e-05,1e-05,1e-05,1e-05
KP0535_AC_WP20,AC,AC_WP20,WP20,WP,20,16.4475879,-10.513537,1.86384827,-0.089759465,0.040726583,-0.131740505,1,0.999942,1e-05,1e-05,1e-05,1.8e-05,1e-05
KP0536_AC_WP20,AC,AC_WP20,WP20,WP,20,14.9787699,-10.066493,0.97048656,0.223629395,-0.235336745,-0.254524745,1,0.925404,1e-05,1e-05,0.074556,1e-05,1e-05
KP0537_AC_WP20,AC,AC_WP20,WP20,WP,20,16.722731,-11.006135,1.76421526,-0.129513143,0.054570851,-0.285513757,1,0.958926,1e-05,1e-05,0.041034,1e-05,1e-05
KP0540_AC_WP20,AC,AC_WP20,WP20,WP,20,1.2344522,37.225567,0.69805411,3.377288033,-0.383583543,-1.601570401,3,1e-05,1e-05,0.99995,1e-05,1e-05,1e-05
KP0545_AC_WP20,AC,AC_WP20,WP20,WP,20,15.6960806,-10.223858,1.27605132,-0.100539621,0.325831571,-0.189270827,1,0.999947,1e-05,1e-05,1e-05,1e-05,1.3e-05
KP0546_AC_WP20,AC,AC_WP20,WP20,WP,20,16.4444391,-10.631034,1.37980227,-0.159469094,0.085291751,-0.268217261,1,0.99995,1e-05,1e-05,1e-05,1e-05,1e-05
KP0547_LM_WP20,LM,LM_WP20,WP20,WP,20,-49.880292,-8.667406,-0.60532963,0.923496773,10.32240661,0.083897808,5,1e-05,1e-05,1e-05,1e-05,0.99995,1e-05
KP0548_LM_WP20,LM,LM_WP20,WP20,WP,20,-49.7303232,-8.62618,-0.3655573,1.044422859,10.72574194,0.234460654,5,1e-05,1e-05,1e-05,1e-05,0.99995,1e-05
KP0551_LM_WP20,LM,LM_WP20,WP20,WP,20,-51.1707322,-9.197325,0.31342604,-0.439397093,-5.432885683,0.110318508,2,1e-05,0.99995,1e-05,1e-05,1e-05,1e-05
KP0554_AC_WP20,AC,AC_WP20,WP20,WP,20,16.2237317,-10.591897,1.36924057,-0.188562307,0.115584783,-0.199128117,1,0.99995,1e-05,1e-05,1e-05,1e-05,1e-05
KP0558_LM_WP20,LM,LM_WP20,WP20,WP,20,-51.3803251,-9.032976,0.30343252,-0.35093833,-3.996052875,-0.0584622,2,1e-05,0.998662,1e-05,1e-05,0.001298,1e-05
KP0559_AC_WP20,AC,AC_WP20,WP20,WP,20,11.8076408,-7.438021,-12.15614692,1.293401701,-0.755386958,0.176677695,4,1e-05,1e-05,1e-05,0.99995,1e-05,1e-05
KP0563_AC_WP20,AC,AC_WP20,WP20,WP,20,15.4321066,-9.427998,-13.93107565,1.337244696,-1.051760719,-0.144924212,4,1e-05,1e-05,1e-05,0.99995,1e-05,1e-05
KP0568_AC_WP20,AC,AC_WP20,WP20,WP,20,16.2757774,-10.187004,1.10994073,-0.055977286,0.010760023,-0.295548406,1,0.99995,1e-05,1e-05,1e-05,1e-05,1e-05
KP0569_AC_WP20,AC,AC_WP20,WP20,WP,20,15.5641023,-9.253738,-15.26450606,1.610896743,-1.098433972,-0.063059099,4,1e-05,1e-05,1e-05,0.99995,1e-05,1e-05
KP0570_LM_WP20,LM,LM_WP20,WP20,WP,20,-51.610768,-9.303843,0.46044188,-0.65370687,-5.596407197,0.045576674,2,1e-05,0.961409,1e-05,1e-05,0.038548,1.3e-05
KP0571_AC_WP20,AC,AC_WP20,WP20,WP,20,16.5293282,-10.828159,2.12669632,-0.230834689,0.105897902,0.050250487,1,0.921506,1e-05,1e-05,0.078454,1e-05,1e-05
KP0572_AC_WP20,AC,AC_WP20,WP20,WP,20,16.3259471,-10.396509,1.23592633,-0.098900502,0.118992137,-0.31145512,1,0.908975,1e-05,1e-05,0.090978,1e-05,1.7e-05
KP0576_AC_WP20,AC,AC_WP20,WP20,WP,20,15.4887084,-9.569006,-14.13436655,1.422689591,-0.996562888,-0.117748688,4,1e-05,1e-05,1e-05,0.99995,1e-05,1e-05
KP0579_AC_WP20,AC,AC_WP20,WP20,WP,20,11.1808337,-7.993575,1.27807093,-0.111363314,0.258448267,0.055610216,1,0.99995,1e-05,1e-05,1e-05,1e-05,1e-05
KP0582_AC_WP20,AC,AC_WP20,WP20,WP,20,1.2226383,37.676445,0.5316145,3.860838902,-0.399951074,-0.125253114,3,1e-05,1e-05,0.996022,1e-05,1e-05,0.003938
KP0585_LM_WP20,LM,LM_WP20,WP20,WP,20,-50.0009723,-9.923144,0.40347467,-0.527951717,-5.154028136,0.025512601,2,0.00987,0.917737,1e-05,1e-05,0.072362,1.1e-05
KP0588_LM_WP20,LM,LM_WP20,WP20,WP,20,-49.4966602,-8.738963,-0.6151678,0.835654497,9.801560847,0.187445106,5,1e-05,1e-05,1e-05,1e-05,0.99995,1e-05
KP0590_AC_WP20,AC,AC_WP20,WP20,WP,20,15.5744831,-9.426447,-15.06934755,1.544900992,-1.089084727,-0.100894153,4,1e-05,1e-05,1e-05,0.99995,1e-05,1e-05
KP0593_AC_SB20,AC,AC_SB20,SB20,SB,20,12.5211842,-8.686129,1.01679994,-0.10660935,0.156361708,0.36674744,1,0.94425,1e-05,1e-05,0.05571,1e-05,1e-05
KP0596_AC_SB20,AC,AC_SB20,SB20,SB,20,15.8134373,-10.065991,1.47102518,-0.125281842,-0.02114548,0.087782309,1,0.985736,1e-05,1e-05,0.014224,1e-05,1e-05
KP0599_LM_SB20,LM,LM_SB20,SB20,SB,20,-51.9086691,-9.375312,0.61002619,-0.496441457,-5.072063181,0.146506924,2,1e-05,0.99995,1e-05,1e-05,1e-05,1e-05
KP0600_AC_SB20,AC,AC_SB20,SB20,SB,20,16.5397265,-10.600039,1.17560565,-0.235270525,0.095526105,0.176582091,1,0.99995,1e-05,1e-05,1e-05,1e-05,1e-05
KP0604_AC_SB20,AC,AC_SB20,SB20,SB,20,16.5820149,-10.462492,1.06384264,-0.091013776,-0.07985998,0.155101294,1,0.99995,1e-05,1e-05,1e-05,1e-05,1e-05
KP0605_AC_SB20,AC,AC_SB20,SB20,SB,20,-50.4646521,-9.028967,0.36247047,-0.245364502,-3.916376811,-0.454964223,2,1e-05,0.99995,1e-05,1e-05,1e-05,1e-05
KP0607_AC_SB20,AC,AC_SB20,SB20,SB,20,15.4881447,-9.193141,-14.35355658,1.492387671,-0.891250118,-0.002478063,4,1e-05,1e-05,1e-05,0.99995,1e-05,1e-05
KP0608_AC_SB20,AC,AC_SB20,SB20,SB,20,16.4272276,-10.637334,1.16408339,-0.045296107,-0.022738298,-0.187453463,1,0.910729,1e-05,1e-05,0.089231,1e-05,1e-05
KP0609_AC_SB20,AC,AC_SB20,SB20,SB,20,-50.2470807,-8.942399,0.73773889,-0.560954444,-5.582843969,-0.092990009,2,1e-05,0.99995,1e-05,1e-05,1e-05,1e-05
KP0611_LM_SB20,LM,LM_SB20,SB20,SB,20,14.7109826,-9.8122,1.18664962,-0.119272392,0.391198436,0.039706224,1,0.99995,1e-05,1e-05,1e-05,1e-05,1e-05
KP0613_LM_SB20,LM,LM_SB20,SB20,SB,20,-51.8297779,-9.223242,0.38432624,-0.525903969,-5.063815251,0.08987693,2,1e-05,0.99995,1e-05,1e-05,1e-05,1e-05
KP0614_LM_SB20,LM,LM_SB20,SB20,SB,20,-50.8506388,-8.759877,0.09614643,-0.397602806,-5.14287519,0.021322316,2,1e-05,0.99995,1e-05,1e-05,1e-05,1e-05
KP0616_LM_SB20,LM,LM_SB20,SB20,SB,20,-49.1963717,-8.88257,0.05370729,-0.440658571,-4.967161019,0.055924065,2,1e-05,0.99995,1e-05,1e-05,1e-05,1e-05
KP0617_LM_SB20,LM,LM_SB20,SB20,SB,20,-51.6521896,-9.115656,0.53607148,-0.399615157,-5.319433062,-0.146003015,2,1e-05,0.970967,1e-05,1e-05,0.028993,1e-05
KP0618_LM_SB20,LM,LM_SB20,SB20,SB,20,-50.6926923,-8.819683,-0.7868267,0.915986317,11.19130773,-0.020877299,5,1e-05,0.040651,1e-05,1e-05,0.959309,1e-05
KP0620_LM_SB20,LM,LM_SB20,SB20,SB,20,-51.6214132,-9.109852,0.21719399,-0.271449669,-4.610781602,-0.054018186,2,1e-05,0.87017,1e-05,1e-05,0.12979,1e-05
KP0625_AC_SB20,AC,AC_SB20,SB20,SB,20,16.0549284,-10.570218,1.02676402,0.14627225,-0.051993015,-0.002470933,1,0.989202,1e-05,1e-05,0.010758,1e-05,1e-05
KP0626_AC_SB20,AC,AC_SB20,SB20,SB,20,14.3329694,-9.851753,0.66142081,0.024747842,0.113374428,0.337381014,1,0.886708,1e-05,1e-05,0.113252,1e-05,1e-05
KP0629_LM_SB20,LM,LM_SB20,SB20,SB,20,-51.6169935,-9.074766,0.33776868,-0.578835669,-5.304234909,-0.017560301,2,1e-05,0.99995,1e-05,1e-05,1e-05,1e-05
KP0631_LM_SB20,LM,LM_SB20,SB20,SB,20,-44.0626579,-3.539262,0.5362201,0.146666321,-4.890338569,-0.462630128,2,1e-05,0.920482,0.079473,1e-05,1e-05,1.5e-05
KP0634_LM_SB20,LM,LM_SB20,SB20,SB,20,-50.1257955,-9.007166,0.32918668,-0.605926727,-6.97608629,0.155716287,2,1e-05,0.999937,1e-05,1e-05,1.4e-05,1.9e-05
KP0636_AC_SB20,AC,AC_SB20,SB20,SB,20,13.9508558,-9.213676,0.10343797,0.137873269,-0.068446604,0.237939216,1,0.942194,1e-05,1e-05,0.057766,1e-05,1e-05
KP0638_AC_SB20,AC,AC_SB20,SB20,SB,20,12.5831133,-8.373378,1.37325317,-0.110855218,0.197336298,0.316371068,1,0.99995,1e-05,1e-05,1e-05,1e-05,1e-05
KP0639_LM_SB20,LM,LM_SB20,SB20,SB,20,1.1900353,36.936027,0.83143719,4.747343488,-0.303450018,-2.212840271,3,1e-05,1e-05,0.99995,1e-05,1e-05,1e-05
KP0640_AC_SB20,AC,AC_SB20,SB20,SB,20,16.5105069,-10.485385,1.00110516,-0.259256447,-0.046717042,0.17345268,1,0.99995,1e-05,1e-05,1e-05,1e-05,1e-05
KP0643_AC_SB20,AC,AC_SB20,SB20,SB,20,14.8759226,-10.070844,1.26566728,-0.087714423,0.25956161,0.107627662,1,0.872954,1e-05,1e-05,0.127006,1e-05,1e-05
KP0645_AC_SB20,AC,AC_SB20,SB20,SB,20,16.2924974,-10.382544,0.5076838,0.011796819,0.073721876,0.053870028,1,0.99995,1e-05,1e-05,1e-05,1e-05,1e-05
KP0646_AC_SB20,AC,AC_SB20,SB20,SB,20,16.5052104,-10.662818,0.8489609,0.102727991,0.008761578,0.070054447,1,0.970054,1e-05,1e-05,0.029906,1e-05,1e-05
KP0647_AC_SB20,AC,AC_SB20,SB20,SB,20,16.5145631,-10.716382,0.27598372,0.069025147,-0.016247945,0.015254871,1,0.925704,1e-05,1e-05,0.074256,1e-05,1e-05
KP0648_AC_SB20,AC,AC_SB20,SB20,SB,20,14.2771098,-9.745815,0.96794818,-0.26188957,-0.097420459,0.181508229,1,0.921286,1e-05,1e-05,0.078671,1e-05,1.3e-05
KP0649_AC_SB20,AC,AC_SB20,SB20,SB,20,16.594079,-10.719679,1.33713551,-0.283653407,0.039223442,0.104708518,1,0.99995,1e-05,1e-05,1e-05,1e-05,1e-05
KP0650_LM_SB20,LM,LM_SB20,SB20,SB,20,-50.8097941,-9.072279,0.14717931,-0.47752045,-4.842949207,0.292711868,2,1e-05,0.92109,1e-05,1e-05,0.07886,1.9e-05
KP0652_AC_SB20,AC,AC_SB20,SB20,SB,20,16.0377541,-10.533888,1.30941061,-0.123865502,-0.027660699,0.167352935,1,0.99995,1e-05,1e-05,1e-05,1e-05,1e-05
KP0654_AC_SB20,AC,AC_SB20,SB20,SB,20,12.5430363,-8.185621,0.92443163,-0.184925581,-0.383452031,0.01078771,1,0.99995,1e-05,1e-05,1e-05,1e-05,1e-05
KP0655_UN_SB20,UN,UN_SB20,SB20,SB,20,-46.3819443,-8.21785,0.55209995,-0.324347992,-5.974956476,-0.28064243,2,1e-05,0.99995,1e-05,1e-05,1e-05,1e-05
KP0657_LM_SB20,LM,LM_SB20,SB20,SB,20,-51.8189199,-9.272951,0.7107446,-0.569173684,-5.453471739,0.116285761,2,1e-05,0.99995,1e-05,1e-05,1e-05,1e-05
KP0660_AC_SB20,AC,AC_SB20,SB20,SB,20,16.7682848,-10.844118,1.46664552,-0.157437243,-0.004708579,0.014424645,1,0.99995,1e-05,1e-05,1e-05,1e-05,1e-05
KP0661_AC_SB20,AC,AC_SB20,SB20,SB,20,16.5148302,-10.384687,1.29451574,-0.079666357,0.015285694,0.197753286,1,0.99995,1e-05,1e-05,1e-05,1e-05,1e-05
KP0662_AC_SB20,AC,AC_SB20,SB20,SB,20,16.4824704,-10.58447,0.92722444,0.185451296,0.168676357,-0.144304688,1,0.99995,1e-05,1e-05,1e-05,1e-05,1e-05
KP0664_LM_SB20,LM,LM_SB20,SB20,SB,20,-50.2477324,-8.782768,-0.4162259,0.797348372,10.98777909,-0.093390967,5,1e-05,1e-05,1e-05,1e-05,0.99995,1e-05
KP0665_AC_SB20,AC,AC_SB20,SB20,SB,20,15.6076805,-10.005144,1.0712647,-0.270638416,0.11300169,0.04419828,1,0.934623,1e-05,1e-05,0.065333,1e-05,1.4e-05
KP0666_LM_SB20,LM,LM_SB20,SB20,SB,20,-46.6434251,-7.841384,-0.56850722,0.948786759,11.32706685,-0.173421834,5,1e-05,0.058554,1e-05,1e-05,0.941403,1.2e-05
KP0667_AC_SB20,AC,AC_SB20,SB20,SB,20,16.3197115,-10.751994,0.97325294,-0.035254923,0.032942127,0.058874594,1,0.99995,1e-05,1e-05,1e-05,1e-05,1e-05
KP0668_AC_SB20,AC,AC_SB20,SB20,SB,20,16.2655552,-10.533841,1.21150966,-0.151326862,-0.047766751,0.139209446,1,0.999949,1e-05,1e-05,1e-05,1e-05,1.1e-05
KP0669_AC_SB20,AC,AC_SB20,SB20,SB,20,15.7876297,-10.423943,0.21402781,-0.155308125,-0.30350148,-0.024054086,1,0.99995,1e-05,1e-05,1e-05,1e-05,1e-05
KP0670_LM_SB20,LM,LM_SB20,SB20,SB,20,-50.6497111,-8.989725,0.15220571,0.12519838,1.432173285,0.077416389,5,1e-05,0.401614,1e-05,1e-05,0.598346,1e-05
KP0671_AC_SB20,AC,AC_SB20,SB20,SB,20,-48.5164135,-8.741346,0.69145235,-0.705428446,-5.58530501,-0.040284076,2,1e-05,0.99995,1e-05,1e-05,1e-05,1e-05
KP0676_LM_SB20,LM,LM_SB20,SB20,SB,20,-47.9237901,-8.138057,-0.54456964,0.695629924,9.455663946,0.138673286,5,1e-05,1e-05,1e-05,1e-05,0.99995,1e-05
KP0677_LM_SB20,LM,LM_SB20,SB20,SB,20,-51.5026256,-9.321635,0.43047661,-0.298507196,-4.435354265,0.050545207,2,1e-05,0.99995,1e-05,1e-05,1e-05,1e-05
KP0678_AC_SB20,AC,AC_SB20,SB20,SB,20,15.3627151,-9.227444,-14.57619944,1.520520944,-0.977461133,-0.051344917,4,1e-05,1e-05,1e-05,0.99995,1e-05,1e-05
KP0679_AC_SB20,AC,AC_SB20,SB20,SB,20,16.3062181,-10.278514,0.35555632,-0.077129235,0.009298784,0.090612238,1,0.876146,1e-05,1e-05,0.123814,1e-05,1e-05
KP0680_LM_SB20,LM,LM_SB20,SB20,SB,20,-47.846355,-8.700816,0.43496815,-0.55087432,-6.504420803,-0.218542661,2,1e-05,0.99995,1e-05,1e-05,1e-05,1e-05
KP0682_LM_SB20,LM,LM_SB20,SB20,SB,20,-49.2053931,-8.777061,0.56230761,-0.753246599,-5.5281008,-0.099016225,2,1e-05,0.99995,1e-05,1e-05,1e-05,1e-05
KP0686_AC_SB20,AC,AC_SB20,SB20,SB,20,16.123243,-10.478468,0.90804657,-0.124151919,0.026764634,0.175998831,1,0.99995,1e-05,1e-05,1e-05,1e-05,1e-05
KP0688_AC_SB20,AC,AC_SB20,SB20,SB,20,16.2183366,-10.617089,1.05351734,-0.074625607,-0.056443835,0.128533571,1,0.990021,1e-05,1e-05,0.009939,1e-05,1e-05
KP0690_AC_SB20,AC,AC_SB20,SB20,SB,20,14.8709894,-9.099496,-14.05148331,1.464847817,-1.14756624,0.264177667,4,1e-05,1e-05,1e-05,0.999939,1.9e-05,1.2e-05
KP0691_AC_SB20,AC,AC_SB20,SB20,SB,20,16.6031238,-10.63577,0.92968267,-0.020424138,0.041819707,0.043771943,1,0.988817,1e-05,1e-05,0.011143,1e-05,1e-05
KP0694_LM_SB20,LM,LM_SB20,SB20,SB,20,-49.3384903,-8.642344,0.04246841,-0.213080101,-3.989941623,-0.056860229,2,1e-05,0.99995,1e-05,1e-05,1e-05,1e-05
KP0696_AC_SB20,AC,AC_SB20,SB20,SB,20,15.5029283,-9.463214,-13.35564977,1.413449108,-0.86173083,-0.076277434,4,0.055565,1e-05,1e-05,0.944395,1e-05,1e-05
KP0698_AC_SB20,AC,AC_SB20,SB20,SB,20,16.6340552,-10.830231,1.83483817,-0.178914883,0.130325621,0.039656867,1,0.949743,1e-05,1e-05,0.050217,1e-05,1e-05
KP0703_AC_SB20,AC,AC_SB20,SB20,SB,20,15.4903841,-10.05139,0.3615966,0.192655749,-0.132198295,-0.053544305,1,0.998314,1e-05,1e-05,0.001646,1e-05,1e-05
KP0704_AC_SB20,AC,AC_SB20,SB20,SB,20,16.1099471,-10.050067,1.22644525,-0.097113052,-0.09493526,0.018494107,1,0.99995,1e-05,1e-05,1e-05,1e-05,1e-05
KP0706_LM_SB20,LM,LM_SB20,SB20,SB,20,-51.0852459,-9.11665,0.30737061,-0.479603966,-4.501581679,0.020834087,2,1e-05,0.99995,1e-05,1e-05,1e-05,1e-05
KP0707_LM_SB20,LM,LM_SB20,SB20,SB,20,-51.5708317,-9.262936,0.46008944,-0.481570126,-5.492288872,0.09945559,2,1e-05,0.99995,1e-05,1e-05,1e-05,1e-05
KP0708_AC_SB20,AC,AC_SB20,SB20,SB,20,15.4648512,-10.271065,1.16651002,0.017864082,-0.024801472,0.057765852,1,0.940876,1e-05,1e-05,0.059084,1e-05,1e-05
KP0711_AC_SB20,AC,AC_SB20,SB20,SB,20,15.129366,-10.019187,1.00876102,0.103331786,0.100146258,0.180280494,1,0.99995,1e-05,1e-05,1e-05,1e-05,1e-05
KP0712_AC_SB20,AC,AC_SB20,SB20,SB,20,9.175151,-6.546532,0.41673046,-0.21963721,0.179409535,0.49290766,1,0.999949,1e-05,1e-05,1e-05,1.1e-05,1e-05
KP0714_AC_SB20,AC,AC_SB20,SB20,SB,20,15.91458,-10.047359,1.0753453,-0.039376251,0.188037846,-0.003353974,1,0.99995,1e-05,1e-05,1e-05,1e-05,1e-05
KP0716_LM_SB20,LM,LM_SB20,SB20,SB,20,-50.2548944,-8.744614,-0.74318829,1.073605505,11.14102685,0.161395146,5,1e-05,1e-05,1e-05,1e-05,0.99995,1e-05
KP0717_AC_SB20,AC,AC_SB20,SB20,SB,20,14.4080714,-9.732566,0.63456144,0.101732509,0.103572208,-0.142309303,1,0.99995,1e-05,1e-05,1e-05,1e-05,1e-05
KP0718_LM_SB20,LM,LM_SB20,SB20,SB,20,-51.6111586,-9.176436,0.78551035,-0.495341504,-5.07965757,-0.083841325,2,1e-05,0.988872,1e-05,1e-05,0.011088,1e-05
KP0720_AC_SB20,AC,AC_SB20,SB20,SB,20,14.1851094,-9.352485,0.73961491,-0.034797261,0.035202727,0.194636556,1,0.999949,1e-05,1e-05,1e-05,1e-05,1.1e-05
KP0723_NA_NANA,NA,NA_NANA,NANA,NA,NA,-50.9779853,-8.903775,0.28865931,-0.339288122,-4.275322061,0.024373086,2,1e-05,0.877432,1e-05,1e-05,0.122528,1e-05
KP0724_AC_SB20,AC,AC_SB20,SB20,SB,20,10.4225883,-7.160743,0.6023322,-0.217697143,0.009671167,0.402726929,1,0.999948,1e-05,1e-05,1e-05,1.2e-05,1e-05
KP0727_AC_SB20,AC,AC_SB20,SB20,SB,20,16.2838181,-10.542818,0.82616688,-0.085599029,-0.045326924,0.038982148,1,0.99995,1e-05,1e-05,1e-05,1e-05,1e-05
KP0730_AC_SB20,AC,AC_SB20,SB20,SB,20,15.5899577,-10.276821,1.63364224,-0.163928799,-0.004340044,-0.012908814,1,0.99995,1e-05,1e-05,1e-05,1e-05,1e-05
KP0731_LM_SB20,LM,LM_SB20,SB20,SB,20,-51.3835522,-8.867849,-0.75616706,1.063673408,10.66222777,0.102930354,5,1e-05,1e-05,1e-05,1e-05,0.99995,1e-05
KP0732_LM_SB20,LM,LM_SB20,SB20,SB,20,-51.3921961,-9.22662,0.33961046,-0.49060437,-5.502686943,0.004885335,2,1e-05,0.999949,1e-05,1e-05,1e-05,1.1e-05
KP0734_AC_SB20,AC,AC_SB20,SB20,SB,20,15.76679,-10.472996,1.33534914,-0.098584036,0.059162879,0.207201844,1,0.99995,1e-05,1e-05,1e-05,1e-05,1e-05
KP0739_HU_WP10,HU,HU_WP10,WP10,WP,10,1.2684185,37.040175,0.74110538,4.958063942,-0.419309275,-2.648835608,3,1e-05,1e-05,0.99995,1e-05,1e-05,1e-05
KP0742_AC_WP10,AC,AC_WP10,WP10,WP,10,12.8527244,-8.624866,1.13188049,-0.291795589,-0.147151217,-0.131959665,1,0.961785,1e-05,1e-05,0.038166,1e-05,1.9e-05
KP0744_HU_WP10,HU,HU_WP10,WP10,WP,10,1.2470396,36.044328,0.23177739,-1.212610691,0.099632353,9.978488558,7,1e-05,1e-05,0.755285,1e-05,1e-05,0.244675
KP0746_AC_WP10,AC,AC_WP10,WP10,WP,10,16.526743,-10.602305,0.74824658,0.039133166,-0.000154979,-0.261754623,1,0.867255,1e-05,1e-05,0.132705,1e-05,1e-05
KP0747_AC_WP20,AC,AC_WP20,WP20,WP,20,16.5850876,-10.721798,2.04088025,-0.287896401,0.108004069,-0.106576989,1,0.969382,1e-05,1e-05,0.030578,1e-05,1e-05
KP0748_AC_WP10,AC,AC_WP10,WP10,WP,10,16.6042156,-10.665841,1.61614955,-0.14684966,0.115539801,-0.069677512,1,0.99995,1e-05,1e-05,1e-05,1e-05,1e-05
KP0749_AC_WP20,AC,AC_WP20,WP20,WP,20,16.4728143,-10.609021,1.47902596,0.107360023,0.027817071,-0.256245084,1,0.99995,1e-05,1e-05,1e-05,1e-05,1e-05
KP0751_AC_WP10,AC,AC_WP10,WP10,WP,10,14.9144254,-9.784586,1.6143825,-0.198978453,0.348487628,-0.163986483,1,0.985311,1e-05,1e-05,0.014648,1.2e-05,1e-05
KP0753_AC_WP10,AC,AC_WP10,WP10,WP,10,16.3434871,-10.43791,1.57674425,-0.08975953,0.145523139,-0.13382144,1,0.999942,1e-05,1e-05,1e-05,1e-05,1.8e-05
KP0757_AC_WP10,AC,AC_WP10,WP10,WP,10,16.3410452,-10.53387,0.8461779,-0.063288913,0.078112869,-0.276767881,1,0.987287,1e-05,1e-05,0.012673,1e-05,1e-05
KP0758_AC_WP10,AC,AC_WP10,WP10,WP,10,16.3884865,-10.788656,1.62579261,-0.177683065,-0.046134962,-0.222269804,1,0.993046,1e-05,1e-05,0.006914,1e-05,1e-05
KP0760_AC_WP10,AC,AC_WP10,WP10,WP,10,16.2395558,-10.076929,1.70353852,-0.29841992,0.070872634,-0.040919264,1,0.99995,1e-05,1e-05,1e-05,1e-05,1e-05
KP0761_AC_WP10,AC,AC_WP10,WP10,WP,10,16.5825157,-10.320013,0.74823208,-0.071372106,-0.065757333,-0.290092544,1,0.988858,1e-05,1e-05,0.011102,1e-05,1e-05
KP0764_HU_WP10,HU,HU_WP10,WP10,WP,10,1.2390056,36.583704,0.67519059,5.576009039,-0.520986572,-2.183858108,3,1e-05,1e-05,0.99995,1e-05,1e-05,1e-05
KP0765_AC_WP10,AC,AC_WP10,WP10,WP,10,-50.0986486,-8.694248,-0.082102,-0.519793326,-4.701275188,0.140348574,2,1e-05,0.999941,1e-05,1e-05,1e-05,1.9e-05
KP0767_AC_WP10,AC,AC_WP10,WP10,WP,10,10.0962526,-7.205233,1.51662089,-0.18283052,0.596690982,0.220046385,1,0.99995,1e-05,1e-05,1e-05,1e-05,1e-05
KP0768_HU_WP10,HU,HU_WP10,WP10,WP,10,1.4089625,34.74309,0.32165399,-0.70218083,-0.139415779,10.90213001,7,1e-05,1e-05,0.904143,1e-05,1e-05,0.095817
KP0769_AC_WP10,AC,AC_WP10,WP10,WP,10,15.3315426,-9.137851,-14.4019454,1.504390293,-0.954519,0.009086256,4,1e-05,1e-05,1e-05,0.99995,1e-05,1e-05
KP0771_AC_WP10,AC,AC_WP10,WP10,WP,10,16.3163871,-10.623005,1.44965361,-0.285595994,-0.021306517,-0.184078871,1,0.99995,1e-05,1e-05,1e-05,1e-05,1e-05
KP0773_AC_WP10,AC,AC_WP10,WP10,WP,10,15.5421282,-10.242882,1.64941634,-0.191980064,0.240326475,-0.024559647,1,0.996689,1e-05,1e-05,0.003271,1e-05,1e-05
KP0774_AC_WP10,AC,AC_WP10,WP10,WP,10,1.445161,29.2219,-1.5244009,-10.86230523,0.783772629,-2.231876327,6,1e-05,1e-05,1e-05,1e-05,1e-05,0.99995
KP0775_AC_WP10,AC,AC_WP10,WP10,WP,10,1.2436132,32.1964,-1.36350116,-11.57236581,1.009353953,-2.66892969,6,1e-05,1e-05,1e-05,1e-05,1e-05,0.99995
KP0777_AC_WP10,AC,AC_WP10,WP10,WP,10,12.2258851,-8.453161,0.36996581,-0.261132907,0.011388522,0.563455753,1,0.99995,1e-05,1e-05,1e-05,1e-05,1e-05
KP0779_AC_WP10,AC,AC_WP10,WP10,WP,10,16.4823762,-10.527882,0.23164435,-0.121918955,-0.024559844,-0.113374574,1,0.894389,1e-05,1e-05,0.105571,1e-05,1e-05
KP0783_HU_WP10,HU,HU_WP10,WP10,WP,10,1.474575,34.048781,-1.1240649,-11.06032291,0.985937063,-1.615066842,6,1e-05,1e-05,1e-05,1e-05,1e-05,0.99995
KP0785_AC_WP10,AC,AC_WP10,WP10,WP,10,1.3588246,36.831714,0.42430568,3.194152948,-0.234948632,1.714193959,3,1e-05,1e-05,0.914028,1e-05,1e-05,0.085932
KP0786_HU_WP10,HU,HU_WP10,WP10,WP,10,1.2995525,36.528933,0.16793306,0.977641737,-0.134583044,3.19011377,7,1e-05,1e-05,0.701722,1e-05,1.3e-05,0.298234
KP0787_AC_WP10,AC,AC_WP10,WP10,WP,10,9.8233009,-7.037396,1.22093028,-0.189859412,0.120449738,0.291324247,1,0.99995,1e-05,1e-05,1e-05,1e-05,1e-05
KP0789_HU_WP10,HU,HU_WP10,WP10,WP,10,1.0756885,30.256892,0.56393379,4.412515484,-0.566146216,-2.405717385,3,1e-05,1e-05,0.99995,1e-05,1e-05,1e-05
KP0792_AC_WP10,AC,AC_WP10,WP10,WP,10,16.2376814,-10.216373,0.78940123,-0.215813884,0.154728911,-0.048169146,1,0.97906,1e-05,1e-05,0.020897,1e-05,1.3e-05
KP0793_AC_WP10,AC,AC_WP10,WP10,WP,10,11.2143486,-7.724171,1.42932702,-0.136701688,0.144468438,0.07030598,1,0.914827,1e-05,1e-05,0.085133,1e-05,1e-05
KP0794_AC_WP10,AC,AC_WP10,WP10,WP,10,16.5138288,-10.865015,2.13526117,-0.068727612,0.198723123,-0.159943507,1,0.901614,1e-05,1e-05,0.098346,1e-05,1e-05
KP0795_LM_WP10,LM,LM_WP10,WP10,WP,10,-50.4910514,-9.074887,0.49805531,-0.368650547,-3.815069712,-0.012029857,2,1e-05,0.999941,1e-05,1e-05,1e-05,1.9e-05
KP0797_AC_WP10,AC,AC_WP10,WP10,WP,10,15.634934,-10.364718,1.10308272,-0.115723091,0.27270307,-0.052617371,1,0.956935,1e-05,1e-05,0.043025,1e-05,1e-05
KP0799_AC_WP10,AC,AC_WP10,WP10,WP,10,14.6358334,-9.269722,1.09479924,-0.04914026,-0.067130126,-0.121450281,1,0.925746,1e-05,1e-05,0.074214,1e-05,1e-05
KP0802_AC_WP10,AC,AC_WP10,WP10,WP,10,14.1774125,-9.646774,1.53052105,-0.185621126,0.071942115,-0.044213661,1,0.98713,1e-05,1e-05,0.01283,1e-05,1e-05
KP0803_HU_WP10,HU,HU_WP10,WP10,WP,10,1.1500205,36.954232,0.51421748,4.073819761,-0.37701708,-0.39857926,3,1e-05,1e-05,0.932643,1e-05,1e-05,0.067317
KP0805_HU_WP10,HU,HU_WP10,WP10,WP,10,1.0345126,34.64192,0.69585774,4.932613728,-0.455697277,-1.383317634,3,1e-05,1e-05,0.99995,1e-05,1e-05,1e-05
KP0808_AC_WP10,AC,AC_WP10,WP10,WP,10,13.159854,-9.037116,1.26458305,-0.197598515,-0.016456965,0.116485349,1,0.99995,1e-05,1e-05,1e-05,1e-05,1e-05
KP0811_AC_WP10,AC,AC_WP10,WP10,WP,10,14.8796313,-9.832168,1.73302422,-0.257496587,0.192949377,-0.141520643,1,0.99995,1e-05,1e-05,1e-05,1e-05,1e-05
KP0812_AC_WP10,AC,AC_WP10,WP10,WP,10,15.958205,-10.185593,1.90151536,-0.162640459,0.087100955,-0.2154218,1,0.951472,1e-05,1e-05,0.048488,1e-05,1e-05
KP0814_HU_WP10,HU,HU_WP10,WP10,WP,10,1.0432104,36.987873,0.52625042,5.384477566,-0.446356855,-1.874034547,3,1e-05,1e-05,0.99995,1e-05,1e-05,1e-05
KP0815_AC_WP10,AC,AC_WP10,WP10,WP,10,14.6623499,-9.278824,1.18635616,-0.158776799,0.283050068,-0.050562789,1,0.99995,1e-05,1e-05,1e-05,1e-05,1e-05
KP0818_HU_WP10,HU,HU_WP10,WP10,WP,10,1.1997474,36.300868,-1.29387178,-11.91570245,1.001775626,-1.921406072,6,1e-05,1e-05,1e-05,1e-05,1e-05,0.99995
KP0822_AC_WP10,AC,AC_WP10,WP10,WP,10,15.8459692,-9.965229,1.83078299,-0.130969834,0.284555474,0.080192654,1,0.99995,1e-05,1e-05,1e-05,1e-05,1e-05
KP0823_AC_WP10,AC,AC_WP10,WP10,WP,10,16.6490675,-10.62957,1.57043405,-0.028076209,0.060797982,-0.102973702,1,0.99995,1e-05,1e-05,1e-05,1e-05,1e-05
KP0826_AC_WP10,AC,AC_WP10,WP10,WP,10,1.3432912,34.288155,0.19147926,-0.933612665,0.004201914,9.154606998,7,1e-05,1e-05,0.675902,1e-05,1e-05,0.324058
KP0827_AC_WP10,AC,AC_WP10,WP10,WP,10,1.3337895,36.934991,0.3125599,4.124731776,-0.345669007,0.031471966,3,1e-05,1e-05,0.943825,1e-05,1e-05,0.056135
KP0828_AC_WP10,AC,AC_WP10,WP10,WP,10,14.8702986,-9.651609,1.61786053,-0.305786822,0.26312432,-0.120012295,1,0.930177,1e-05,1e-05,0.069783,1e-05,1e-05
KP0829_AC_WP10,AC,AC_WP10,WP10,WP,10,1.1251663,34.557013,0.57446658,4.951600509,-0.466827246,-2.403012501,3,1e-05,1e-05,0.99995,1e-05,1e-05,1e-05
KP0830_AC_WP10,AC,AC_WP10,WP10,WP,10,16.4063094,-10.40797,1.9834568,-0.148478368,0.067400609,-0.171061683,1,0.99995,1e-05,1e-05,1e-05,1e-05,1e-05
KP0831_HU_WP10,HU,HU_WP10,WP10,WP,10,1.4316889,36.350264,0.67372801,5.812651427,-0.531842012,-2.46801768,3,1e-05,1e-05,0.99995,1e-05,1e-05,1e-05
KP0835_AC_WP10,AC,AC_WP10,WP10,WP,10,16.6031139,-10.699334,0.94057501,0.129129814,0.079679912,-0.19198376,1,0.99995,1e-05,1e-05,1e-05,1e-05,1e-05
KP0837_AC_WP10,AC,AC_WP10,WP10,WP,10,15.7559809,-10.579994,1.36964756,-0.294283147,-0.115728124,0.116821196,1,0.968788,1e-05,1e-05,0.031172,1e-05,1e-05
KP0838_AC_WP10,AC,AC_WP10,WP10,WP,10,0.9930493,32.704578,0.63787044,5.044665645,-0.326314564,-2.213101529,3,1e-05,1e-05,0.99995,1e-05,1e-05,1e-05
KP0839_HU_WP10,HU,HU_WP10,WP10,WP,10,1.3046143,36.07136,0.39756237,3.4520253,-0.395342227,2.566460482,3,1e-05,1e-05,0.99995,1e-05,1e-05,1e-05
KP0841_AC_WP10,AC,AC_WP10,WP10,WP,10,0.8668535,32.693272,0.56224781,5.405569664,-0.332637471,-3.84462265,3,1e-05,1e-05,0.993654,0.006306,1e-05,1e-05
KP0844_UN_NANA,UN,UN_NANA,NANA,NA,NA,16.7629698,-10.66458,0.89999294,0.089365465,-0.00450201,-0.209661543,1,0.985496,1e-05,1e-05,0.014464,1e-05,1e-05
KP0845_AC_WP10,AC,AC_WP10,WP10,WP,10,1.1775798,33.840407,0.53725692,4.404148817,-0.345306015,-2.409212894,3,1e-05,1e-05,0.999941,1e-05,1.9e-05,1e-05
KP0847_HU_WP10,HU,HU_WP10,WP10,WP,10,1.3108849,37.605213,0.7010914,4.82070495,-0.404517137,-1.274522804,3,1e-05,1e-05,0.99995,1e-05,1e-05,1e-05
KP0850_AC_WP10,AC,AC_WP10,WP10,WP,10,1.490357,35.248775,0.29393173,3.676061408,-0.370070902,-0.231380861,3,1e-05,1e-05,0.991747,1e-05,1e-05,0.008213
KP0851_AC_WP10,AC,AC_WP10,WP10,WP,10,-50.8910301,-8.805217,-0.81481811,1.109531158,10.15769443,0.01465254,5,1e-05,1e-05,1e-05,1e-05,0.99995,1e-05
KP0853_HU_WP10,HU,HU_WP10,WP10,WP,10,1.2588775,37.180694,0.25290074,2.542401874,-0.261386561,1.964295264,3,1e-05,1e-05,0.850143,1e-05,1e-05,0.149817
KP0857_AC_WP10,AC,AC_WP10,WP10,WP,10,16.6011607,-10.580614,1.21070748,-0.317773549,-0.001365187,-0.100707817,1,0.99995,1e-05,1e-05,1e-05,1e-05,1e-05
KP0859_HU_WP10,HU,HU_WP10,WP10,WP,10,1.2596294,32.908396,0.64665399,4.468347082,-0.55667579,-3.188808099,3,1e-05,1e-05,0.99995,1e-05,1e-05,1e-05
KP0861_AC_WP10,AC,AC_WP10,WP10,WP,10,12.7279694,-8.641918,2.00748593,0.106496408,0.271629578,-0.003188441,1,0.966492,1e-05,1e-05,0.033468,1e-05,1e-05
KP0866_AC_WP10,AC,AC_WP10,WP10,WP,10,10.9158424,-7.604246,1.16231445,-0.031293894,-0.388330232,0.084369889,1,0.99995,1e-05,1e-05,1e-05,1e-05,1e-05
KP0870_LM_WP10,LM,LM_WP10,WP10,WP,10,-49.3894379,-8.425288,-0.49654621,0.892126058,8.735692217,-0.120800985,5,1e-05,1e-05,1e-05,1e-05,0.99995,1e-05
KP0871_AC_WP10,AC,AC_WP10,WP10,WP,10,16.4614069,-10.736321,0.83809743,-0.241531208,-0.017150488,-0.046332958,1,0.99995,1e-05,1e-05,1e-05,1e-05,1e-05
KP0875_AC_WP10,AC,AC_WP10,WP10,WP,10,1.2160813,38.016106,0.60382711,4.367429943,-0.439807337,-1.623986449,3,1e-05,1e-05,0.99995,1e-05,1e-05,1e-05
KP0876_HU_WP10,HU,HU_WP10,WP10,WP,10,1.2266805,36.378119,0.7595999,5.522799255,-0.494924501,-2.011745141,3,1e-05,1e-05,0.99995,1e-05,1e-05,1e-05
KP0877_HU_WP10,HU,HU_WP10,WP10,WP,10,1.1307765,36.726097,0.88560157,5.51834288,-0.536079418,-2.391087781,3,1e-05,1e-05,0.99995,1e-05,1e-05,1e-05
KP0879_AC_WP10,AC,AC_WP10,WP10,WP,10,13.5299053,-9.491681,1.67243523,-0.177038295,0.313672766,-0.085960799,1,0.952906,1e-05,1e-05,0.047054,1e-05,1e-05
KP0880_HU_WP10,HU,HU_WP10,WP10,WP,10,15.4984585,-10.051938,1.69868796,-0.089940692,0.254389903,-0.196305411,1,0.970203,1e-05,1e-05,0.029749,1e-05,1.8e-05
KP0881_AC_WP10,AC,AC_WP10,WP10,WP,10,16.5415532,-10.689719,1.49866206,0.200858479,0.04741825,-0.262666849,1,0.983722,1e-05,1e-05,0.016238,1e-05,1e-05
KP0882_AC_WP10,AC,AC_WP10,WP10,WP,10,15.6884348,-9.854262,1.09096088,-0.162464248,0.120961006,-0.216011053,1,0.931418,1e-05,1e-05,0.068542,1e-05,1e-05
KP0883_AC_WP10,AC,AC_WP10,WP10,WP,10,16.6568039,-10.791091,1.24252593,0.042543349,0.074759229,-0.302543652,1,0.98153,1e-05,1e-05,0.01843,1e-05,1e-05
KP0884_AC_WP10,AC,AC_WP10,WP10,WP,10,16.4200318,-10.605715,1.61115334,-0.091723556,0.038503749,-0.251243563,1,0.99995,1e-05,1e-05,1e-05,1e-05,1e-05
KP0886_AC_WP10,AC,AC_WP10,WP10,WP,10,1.2631222,34.875803,-1.35058859,-11.71657652,0.946235183,-2.465315842,6,1e-05,1e-05,1e-05,1e-05,1e-05,0.99995
KP0887_AC_WP10,AC,AC_WP10,WP10,WP,10,16.6469876,-10.514624,1.37908448,-0.136141351,-0.005092341,-0.273586629,1,0.919117,1e-05,1e-05,0.080843,1e-05,1e-05
KP0888_AC_WP10,AC,AC_WP10,WP10,WP,10,1.4062643,35.416713,0.08965153,-1.479226439,0.076245459,9.049931682,7,1e-05,1e-05,0.643574,1e-05,1e-05,0.356386
KP0893_LM_WP10,LM,LM_WP10,WP10,WP,10,-51.3089882,-9.085371,0.4789783,-0.453655781,-5.002990722,-0.07861116,2,1e-05,0.990711,1e-05,1e-05,0.009249,1e-05
KP0895_AC_WP10,AC,AC_WP10,WP10,WP,10,14.4888517,-9.921961,1.85161941,-0.191894033,0.325769106,-0.309852788,1,0.977228,1e-05,1e-05,0.022732,1e-05,1e-05
KP0897_AC_WP10,AC,AC_WP10,WP10,WP,10,10.3613685,-6.825243,0.84094505,0.007163071,-0.058450987,0.155984172,1,0.891741,1e-05,1e-05,0.108219,1e-05,1e-05
KP0898_AC_WP10,AC,AC_WP10,WP10,WP,10,16.5746221,-10.748997,1.7463859,-0.195499361,0.079929338,-0.009923809,1,0.99995,1e-05,1e-05,1e-05,1e-05,1e-05
KP0899_LM_WP10,LM,LM_WP10,WP10,WP,10,1.3586156,36.776609,0.20157341,1.833489103,-0.194233849,2.780573659,3,1e-05,1e-05,0.80787,1e-05,1e-05,0.19209
KP0901_HU_WP10,HU,HU_WP10,WP10,WP,10,1.3422833,35.58521,0.16536444,-1.164902298,0.129723213,7.243941121,7,1e-05,1e-05,0.6266,1e-05,1.6e-05,0.373353
KP0903_HU_WP10,HU,HU_WP10,WP10,WP,10,1.1673747,36.554142,0.20770148,0.062930706,-0.011208579,8.906132112,7,1e-05,1e-05,0.56287,1e-05,1e-05,0.43709
KP0906_AC_WP10,AC,AC_WP10,WP10,WP,10,1.1467115,34.604359,-1.16907488,-11.48598193,0.935254053,-1.948170433,6,1e-05,1e-05,1e-05,1e-05,1e-05,0.99995
KP0909_AC_WP10,AC,AC_WP10,WP10,WP,10,12.8267227,-8.708802,0.74415128,0.037428142,-0.378222383,0.166059452,1,0.973332,1e-05,1e-05,0.026628,1e-05,1e-05
KP0912_AC_WP10,AC,AC_WP10,WP10,WP,10,16.6369956,-10.67905,1.60037158,-0.118239685,0.101001649,-0.168369857,1,0.894444,1e-05,1e-05,0.105516,1e-05,1e-05
KP0913_AC_WP10,AC,AC_WP10,WP10,WP,10,16.0962532,-10.334842,1.14542319,-0.207260449,0.115839018,-0.200312288,1,0.99995,1e-05,1e-05,1e-05,1e-05,1e-05
KP0915_AC_WP10,AC,AC_WP10,WP10,WP,10,16.4850212,-10.638716,1.5063896,-0.112688243,0.125264193,-0.140417176,1,0.99995,1e-05,1e-05,1e-05,1e-05,1e-05
KP0916_AC_WP10,AC,AC_WP10,WP10,WP,10,16.2735239,-10.616081,1.3459941,-0.102663284,0.186708074,-0.054007191,1,0.99995,1e-05,1e-05,1e-05,1e-05,1e-05
KP0917_AC_WP10,AC,AC_WP10,WP10,WP,10,16.3617888,-10.431657,1.78365869,-0.1829739,0.066235029,-0.108086984,1,0.977354,1e-05,1e-05,0.022606,1e-05,1e-05
KP0918_AC_WP10,AC,AC_WP10,WP10,WP,10,11.3848513,-8.395863,1.5145624,-0.119668257,0.455583573,0.127090663,1,0.99995,1e-05,1e-05,1e-05,1e-05,1e-05
KP0919_AC_WP10,AC,AC_WP10,WP10,WP,10,15.3476512,-10.152612,2.09854048,-0.100770955,0.036331451,-0.095684774,1,0.99995,1e-05,1e-05,1e-05,1e-05,1e-05
KP0920_HU_WP10,HU,HU_WP10,WP10,WP,10,1.3424023,36.567327,0.55779632,5.062830017,-0.490564981,-2.94681052,3,1e-05,1e-05,0.99995,1e-05,1e-05,1e-05
KP0922_AC_WP10,AC,AC_WP10,WP10,WP,10,1.2520701,34.598591,0.85281007,4.649021958,-0.39793238,-2.328386127,3,1e-05,1e-05,0.99995,1e-05,1e-05,1e-05
KP0926_AC_WP10,AC,AC_WP10,WP10,WP,10,16.477511,-10.554745,1.36778309,-0.156471969,0.168322072,-0.080161306,1,0.99995,1e-05,1e-05,1e-05,1e-05,1e-05
KP0928_AC_WP10,AC,AC_WP10,WP10,WP,10,13.66132,-9.656743,1.59815275,-0.07922598,0.020539902,-0.008329346,1,0.99995,1e-05,1e-05,1e-05,1e-05,1e-05
KP0930_AC_WP10,AC,AC_WP10,WP10,WP,10,11.2438803,-7.163722,0.63485726,-0.148295244,-0.016178657,0.158739699,1,0.999941,1e-05,1e-05,1e-05,1e-05,1.9e-05
KP0931_AC_WP10,AC,AC_WP10,WP10,WP,10,16.4336924,-10.021962,1.55690389,-0.176062236,-0.0402662,-0.022863756,1,0.996174,1e-05,1e-05,1e-05,1e-05,0.003786
KP0933_AC_WP10,AC,AC_WP10,WP10,WP,10,16.5076821,-10.68546,1.14507798,-0.009623257,0.040866864,-0.086948297,1,0.99995,1e-05,1e-05,1e-05,1e-05,1e-05
KP0934_AC_WP10,AC,AC_WP10,WP10,WP,10,15.7793538,-10.092448,1.29361622,-0.368751267,0.181457416,-0.009415516,1,0.99995,1e-05,1e-05,1e-05,1e-05,1e-05
KP0935_AC_WP10,AC,AC_WP10,WP10,WP,10,1.2919452,36.793009,0.45081874,3.768720109,-0.315145594,-0.028369099,3,1e-05,1e-05,0.99995,1e-05,1e-05,1e-05
KP0936_AC_WP10,AC,AC_WP10,WP10,WP,10,14.2155075,-9.576234,1.62300116,-0.262642126,0.472855579,-0.068761428,1,0.841443,1e-05,1e-05,0.158517,1e-05,1e-05
KP0937_AC_WP10,AC,AC_WP10,WP10,WP,10,16.2681607,-10.51537,2.23098693,-0.14442165,0.150912412,-0.285186217,1,0.99995,1e-05,1e-05,1e-05,1e-05,1e-05
KP0940_AC_WP10,AC,AC_WP10,WP10,WP,10,16.4907391,-10.656582,1.99433574,-0.207554217,0.14973882,-0.229578059,1,0.99995,1e-05,1e-05,1e-05,1e-05,1e-05
KP0941_HU_WP10,HU,HU_WP10,WP10,WP,10,1.3825096,37.565623,0.74325537,5.17878664,-0.39180417,-0.802723065,3,1e-05,1e-05,0.99995,1e-05,1e-05,1e-05
KP0942_AC_WP10,AC,AC_WP10,WP10,WP,10,16.6029924,-10.610809,2.05156071,-0.236928865,0.240303342,-0.254035815,1,0.99995,1e-05,1e-05,1e-05,1e-05,1e-05
KP0945_AC_WP10,AC,AC_WP10,WP10,WP,10,14.804269,-9.798526,1.59950273,-0.314285545,0.10908865,-0.078647974,1,0.931541,0.002174,1e-05,0.066255,1e-05,1e-05
KP0947_AC_WP10,AC,AC_WP10,WP10,WP,10,16.5436674,-10.510006,1.21896924,-0.031973065,0.114053787,-0.127959367,1,0.878501,1e-05,1e-05,0.121459,1e-05,1e-05
KP0948_AC_WP10,AC,AC_WP10,WP10,WP,10,1.1574702,37.245276,0.85933181,5.265853688,-0.490184006,-2.5430428,3,1e-05,1e-05,0.99995,1e-05,1e-05,1e-05
KP0950_AC_WP05,AC,AC_WP05,WP05,WP,5,14.6709244,-9.737684,1.52759862,-0.186659392,0.083276412,0.192879218,1,0.956115,1e-05,1e-05,0.043845,1e-05,1e-05
KP0951_HU_WP10,HU,HU_WP10,WP10,WP,10,1.251788,36.047067,-1.36983376,-12.32107366,1.024430013,-2.063301748,6,1e-05,1e-05,1e-05,1e-05,1e-05,0.99995
KP0953_AC_WP10,AC,AC_WP10,WP10,WP,10,16.3028341,-10.783999,1.96643909,-0.269238508,-0.049828821,-0.151471988,1,0.99995,1e-05,1e-05,1e-05,1e-05,1e-05
KP0954_HU_WP05,HU,HU_WP05,WP05,WP,5,1.3711213,34.291877,0.30889785,-0.82086852,0.165542078,9.757127142,7,1e-05,1e-05,0.737618,1e-05,1e-05,0.262342
KP0956_HU_WP05,HU,HU_WP05,WP05,WP,5,1.4488777,36.106508,0.09359296,0.270843641,0.051770798,7.136722497,7,1e-05,1e-05,0.762619,1e-05,1.2e-05,0.237338
KP0957_HU_WP05,HU,HU_WP05,WP05,WP,5,1.4862678,35.03872,0.04238122,-0.292876223,0.034198103,9.113383627,7,1e-05,1e-05,0.684757,1e-05,1e-05,0.315203
KP0958_HU_WP05,HU,HU_WP05,WP05,WP,5,1.3161562,33.708887,0.11591311,-1.491440278,-0.059413797,10.27459901,7,1e-05,1e-05,0.815071,1e-05,1e-05,0.184889
KP0959_HU_WP05,HU,HU_WP05,WP05,WP,5,1.1222696,33.424411,-1.11392835,-11.59445431,0.867837503,-1.76304165,6,1e-05,1e-05,0.039888,1e-05,1e-05,0.960072
KP0960_HU_WP05,HU,HU_WP05,WP05,WP,5,1.3386232,36.173191,-1.297056,-12.5026201,1.08587252,-2.283378752,6,1e-05,1e-05,1e-05,1e-05,1e-05,0.99995
KP0961_HU_WP05,HU,HU_WP05,WP05,WP,5,1.1394277,31.832066,0.06004694,-0.38210196,-0.131367852,8.994397739,7,1e-05,1e-05,0.640847,1e-05,1e-05,0.359113
KP0962_AC_WP05,AC,AC_WP05,WP05,WP,5,16.7977892,-10.778977,1.71781328,-0.078273164,0.151709377,-0.232332059,1,0.922383,1e-05,1e-05,0.077577,1e-05,1e-05
KP0963_HU_WP05,HU,HU_WP05,WP05,WP,5,1.2869609,34.508642,0.60858908,4.565075163,-0.312546442,-1.043772117,3,1e-05,1e-05,0.99995,1e-05,1e-05,1e-05
KP0964_HU_WP05,HU,HU_WP05,WP05,WP,5,1.1695002,36.45231,0.19781019,-0.510889779,0.023924298,10.11817523,7,1e-05,1e-05,0.716862,1e-05,1e-05,0.283098
KP0965_AC_WP05,AC,AC_WP05,WP05,WP,5,15.8156246,-10.397386,1.75737787,-0.127066159,0.100893799,0.036167983,1,0.923077,1e-05,1e-05,0.076883,1e-05,1e-05
KP0967_HU_WP05,HU,HU_WP05,WP05,WP,5,13.8137709,-9.019808,0.66382053,-0.009198297,-0.040667204,0.011969968,1,0.935814,1e-05,1e-05,0.064146,1e-05,1e-05
KP0968_HU_WP05,HU,HU_WP05,WP05,WP,5,1.1343935,36.803992,0.6625882,4.203755041,-0.38206798,-0.729216009,3,1e-05,1e-05,0.99995,1e-05,1e-05,1e-05
KP0970_HU_WP05,HU,HU_WP05,WP05,WP,5,0.9634214,33.605083,0.05927455,4.336530741,-0.327174361,-1.66472212,3,1e-05,1e-05,0.99995,1e-05,1e-05,1e-05
KP0971_HU_WP05,HU,HU_WP05,WP05,WP,5,1.3120265,35.838768,0.03653572,1.632802175,-0.176561435,2.46741525,7,1e-05,1e-05,0.799692,1e-05,1.5e-05,0.200263
KP0972_HU_WP05,HU,HU_WP05,WP05,WP,5,1.3753598,30.967696,-1.18081541,-11.24271749,0.876389512,-1.917137127,6,1e-05,1e-05,1e-05,1e-05,1e-05,0.99995
KP0973_HU_WP05,HU,HU_WP05,WP05,WP,5,1.112488,34.415832,-1.27085005,-12.2001919,0.918135053,-2.280584951,6,1e-05,1e-05,1e-05,1e-05,1e-05,0.99995
KP0974_AC_WP05,AC,AC_WP05,WP05,WP,5,15.5255918,-9.995912,-0.08967644,0.126762145,0.031872497,-0.102765567,1,0.91613,1e-05,1e-05,0.08383,1e-05,1e-05
KP0977_AC_WP05,AC,AC_WP05,WP05,WP,5,16.473693,-10.707165,0.97333512,0.059170873,-0.019190207,-0.2459064,1,0.99995,1e-05,1e-05,1e-05,1e-05,1e-05
KP0978_AC_WP05,AC,AC_WP05,WP05,WP,5,16.61337,-10.493124,1.07762651,-0.110839562,0.099638836,-0.141478708,1,0.951845,1e-05,1e-05,0.048115,1e-05,1e-05
KP0979_HU_WP05,HU,HU_WP05,WP05,WP,5,1.1670468,36.262642,-1.19925373,-11.47944283,0.985373525,-2.312293651,6,1e-05,1e-05,1e-05,1e-05,1e-05,0.99995
KP0980_HU_WP05,HU,HU_WP05,WP05,WP,5,1.4422063,36.268206,-1.08962917,-11.29105119,0.997921911,-2.386315103,6,1e-05,1e-05,1e-05,1e-05,1e-05,0.99995
KP0981_AC_WP05,AC,AC_WP05,WP05,WP,5,14.2254069,-9.445131,1.27838766,0.004617555,-0.056175302,-0.273318356,1,0.994161,1e-05,1e-05,0.005799,1e-05,1e-05
KP0982_AC_WP05,AC,AC_WP05,WP05,WP,5,11.4033197,-7.832272,1.04472503,-0.204719168,0.169165847,0.109282201,1,0.99995,1e-05,1e-05,1e-05,1e-05,1e-05
KP0984_HU_WP05,HU,HU_WP05,WP05,WP,5,1.3603852,35.902518,0.35935739,0.960744322,-0.148010479,5.759165798,7,1e-05,1e-05,0.848557,1e-05,1.7e-05,0.151396
KP0985_AC_WP05,AC,AC_WP05,WP05,WP,5,1.401457,35.565135,-1.41520662,-12.24602722,1.022979383,-2.248357524,6,1e-05,1e-05,1e-05,1e-05,1e-05,0.99995
KP0986_HU_WP05,HU,HU_WP05,WP05,WP,5,1.2207654,35.845963,-1.37213485,-11.86057869,0.910283099,-1.992704311,6,1e-05,1e-05,1e-05,1e-05,1e-05,0.99995
KP0987_HU_WP05,HU,HU_WP05,WP05,WP,5,1.4631877,33.042931,-1.51570825,-10.55145611,0.696225581,-1.954035119,6,1e-05,1e-05,1e-05,1e-05,1e-05,0.99995
KP0989_HU_WP05,HU,HU_WP05,WP05,WP,5,1.4374226,35.581862,-1.26939934,-12.65895815,1.070737269,-2.623901465,6,1e-05,1e-05,1e-05,1e-05,1e-05,0.99995
KP0992_AC_CA10,AC,AC_CA10,CA10,CA,10,16.4649961,-10.363684,1.58099189,-0.317406404,0.106249143,0.14215258,1,0.99995,1e-05,1e-05,1e-05,1e-05,1e-05
KP0993_AC_CA10,AC,AC_CA10,CA10,CA,10,13.4044757,-9.151615,0.77684333,-0.035569726,0.074944723,0.310674797,1,0.916386,1e-05,1e-05,0.083574,1e-05,1e-05
KP0999_AC_CA10,AC,AC_CA10,CA10,CA,10,16.6644948,-10.877502,1.73177117,-0.349478037,0.0812569,0.115974601,1,0.964405,1e-05,1e-05,0.035555,1e-05,1e-05
KP1002_AC_WP10,AC,AC_WP10,WP10,WP,10,16.0116094,-10.300806,0.99533103,-0.069676665,0.069582577,-0.088027014,1,0.99995,1e-05,1e-05,1e-05,1e-05,1e-05
KP1005_HU_CA10,HU,HU_CA10,CA10,CA,10,1.310506,37.55923,0.71838589,5.80240396,-0.63517052,-2.263375563,3,1e-05,1e-05,0.99995,1e-05,1e-05,1e-05
KP1009_AC_CA10,AC,AC_CA10,CA10,CA,10,16.4533905,-10.520405,1.09496959,-0.096088885,0.064606511,0.015293711,1,0.99995,1e-05,1e-05,1e-05,1e-05,1e-05
KP1011_AC_CA10,AC,AC_CA10,CA10,CA,10,16.5934898,-10.762452,1.11262903,-0.099212172,0.029098336,0.118558439,1,0.99995,1e-05,1e-05,1e-05,1e-05,1e-05
KP1012_AC_CA10,AC,AC_CA10,CA10,CA,10,16.4363169,-10.587774,0.86579328,0.159493953,0.000444306,-0.134092992,1,0.99995,1e-05,1e-05,1e-05,1e-05,1e-05
KP1015_AC_CA10,AC,AC_CA10,CA10,CA,10,16.6105225,-10.651613,1.53692343,-0.160822768,0.08950605,0.017596856,1,0.99995,1e-05,1e-05,1e-05,1e-05,1e-05
KP1019_AC_CA10,AC,AC_CA10,CA10,CA,10,14.6566284,-9.981096,1.69284771,-0.00905524,0.057347008,0.185585673,1,0.99995,1e-05,1e-05,1e-05,1e-05,1e-05
KP1021_AC_CA10,AC,AC_CA10,CA10,CA,10,15.0938164,-10.033662,1.58982253,-0.031731609,0.037581957,0.104603875,1,0.99995,1e-05,1e-05,1e-05,1e-05,1e-05
KP1022_AC_CA10,AC,AC_CA10,CA10,CA,10,15.8736366,-10.439836,1.8791877,0.020934222,0.199760244,-0.055725351,1,0.974251,1e-05,1e-05,0.025703,1.6e-05,1e-05
KP1026_AC_CA10,AC,AC_CA10,CA10,CA,10,16.5025975,-10.624835,1.47291349,-0.183092154,0.076743344,0.025401174,1,0.999947,1e-05,1e-05,1e-05,1e-05,1.3e-05
KP1029_AC_CA10,AC,AC_CA10,CA10,CA,10,16.6923644,-10.74154,1.04415762,-0.051584045,0.050767337,0.101811669,1,0.99995,1e-05,1e-05,1e-05,1e-05,1e-05
KP1030_AC_CA10,AC,AC_CA10,CA10,CA,10,16.6408146,-10.670004,1.92427412,-0.067503959,0.144350989,0.116192656,1,0.99995,1e-05,1e-05,1e-05,1e-05,1e-05
KP1032_AC_CA10,AC,AC_CA10,CA10,CA,10,16.4996773,-10.793035,1.36618309,0.044042175,0.026792981,-0.165285601,1,0.972921,1e-05,1e-05,0.027039,1e-05,1e-05
KP1033_HU_CA10,HU,HU_CA10,CA10,CA,10,1.2316617,37.642806,0.58075404,5.111447316,-0.526395652,-1.836617583,3,1e-05,1e-05,0.99995,1e-05,1e-05,1e-05
KP1034_HU_CA10,HU,HU_CA10,CA10,CA,10,1.1359164,37.012378,0.93821363,5.869276447,-0.651028316,-2.454330775,3,1e-05,1e-05,0.99995,1e-05,1e-05,1e-05
KP1037_HU_CA10,HU,HU_CA10,CA10,CA,10,1.196082,36.98596,0.28951648,2.95811728,-0.305453947,0.286980398,3,1e-05,1e-05,0.999945,1e-05,1.5e-05,1e-05
KP1039_HU_CA10,HU,HU_CA10,CA10,CA,10,1.3279051,37.345821,0.80827072,5.656310712,-0.535830921,-2.86973186,3,1e-05,1e-05,0.99995,1e-05,1e-05,1e-05
KP1041_HU_CA10,HU,HU_CA10,CA10,CA,10,1.292895,37.204557,0.37694483,2.577633976,-0.266582486,1.134683792,3,1e-05,1e-05,0.999949,1e-05,1.1e-05,1e-05
KP1043_LM_CA10,LM,LM_CA10,CA10,CA,10,-47.8149517,-8.412735,-0.63249641,1.033965537,9.891489602,-0.12432219,5,1e-05,1e-05,1e-05,1e-05,0.99995,1e-05
KP1045_AC_CA10,AC,AC_CA10,CA10,CA,10,13.3401699,-8.068169,-13.10082224,1.373379399,-0.964712945,0.291279051,4,1e-05,1e-05,1e-05,0.99995,1e-05,1e-05
KP1046_AC_CA10,AC,AC_CA10,CA10,CA,10,16.5822909,-10.610517,1.70465334,-0.208174855,-0.015693904,-0.198159101,1,0.985674,1e-05,1e-05,0.014286,1e-05,1e-05
KP1047_AC_CA10,AC,AC_CA10,CA10,CA,10,14.9019718,-9.589032,1.70420926,-0.081223356,0.058071616,0.153687204,1,0.99995,1e-05,1e-05,1e-05,1e-05,1e-05
KP1052_AC_CA10,AC,AC_CA10,CA10,CA,10,14.5037371,-9.994303,1.88087775,-0.24888369,0.340891407,0.084875378,1,0.99995,1e-05,1e-05,1e-05,1e-05,1e-05
KP1053_AC_CA10,AC,AC_CA10,CA10,CA,10,12.3698182,-8.455898,1.61216846,-0.049151282,0.088161423,0.420640127,1,0.955631,1e-05,1e-05,0.044329,1e-05,1e-05
KP1061_LM_CA20,LM,LM_CA20,CA20,CA,20,-51.8601774,-9.245319,0.4465864,-0.53405088,-6.476289565,-0.046002602,2,1e-05,0.996136,1e-05,1e-05,0.003824,1e-05
KP1062_AC_CA20,AC,AC_CA20,CA20,CA,20,16.5108635,-10.903714,1.03455776,0.064682244,0.057806421,-0.179664684,1,0.99995,1e-05,1e-05,1e-05,1e-05,1e-05
KP1064_LM_CA20,LM,LM_CA20,CA20,CA,20,-51.1837742,-8.506967,-0.96178978,1.24487007,13.2388166,-0.09836156,5,1e-05,1e-05,1e-05,1e-05,0.99995,1e-05
KP1065_LM_CA20,LM,LM_CA20,CA20,CA,20,-49.6688605,-8.524928,-0.89789973,1.041122564,11.80681611,-0.199790178,5,1e-05,1e-05,1e-05,1e-05,0.99995,1e-05
KP1066_AC_CA20,AC,AC_CA20,CA20,CA,20,10.4132737,-7.458609,1.15278338,-0.41189792,0.374267621,0.208534662,1,0.99995,1e-05,1e-05,1e-05,1e-05,1e-05
KP1067_AC_CA20,AC,AC_CA20,CA20,CA,20,15.3973552,-10.096096,1.38714822,-0.088874532,0.174353323,-0.103058984,1,0.99995,1e-05,1e-05,1e-05,1e-05,1e-05
KP1070_AC_CA20,AC,AC_CA20,CA20,CA,20,15.8616849,-10.275127,1.54022459,-0.375125046,0.21923281,0.065560264,1,0.99995,1e-05,1e-05,1e-05,1e-05,1e-05
KP1071_AC_CA20,AC,AC_CA20,CA20,CA,20,16.400723,-10.608417,1.25032402,-0.177527802,0.061288612,0.202469878,1,0.99995,1e-05,1e-05,1e-05,1e-05,1e-05
KP1076_AC_CA20,AC,AC_CA20,CA20,CA,20,14.6340311,-9.96102,1.3515866,0.139222993,0.13948178,-0.162133974,1,0.963177,1e-05,1e-05,0.036783,1e-05,1e-05
KP1077_AC_CA20,AC,AC_CA20,CA20,CA,20,16.6476135,-10.856486,1.69683059,-0.010130131,0.109140326,0.142335773,1,0.99995,1e-05,1e-05,1e-05,1e-05,1e-05
KP1079_AC_CA20,AC,AC_CA20,CA20,CA,20,16.555922,-10.659928,1.6111956,0.319408787,0.04973652,-0.112429689,1,0.99995,1e-05,1e-05,1e-05,1e-05,1e-05
KP1084_AC_CA20,AC,AC_CA20,CA20,CA,20,1.2067233,36.947026,0.74335736,5.013366318,-0.461294032,-1.770590589,3,1e-05,1e-05,0.99995,1e-05,1e-05,1e-05
KP1088_AC_CA20,AC,AC_CA20,CA20,CA,20,16.1736618,-10.480863,1.36100544,-0.271815357,0.2468451,0.083097619,1,0.99995,1e-05,1e-05,1e-05,1e-05,1e-05
KP1089_AC_CA20,AC,AC_CA20,CA20,CA,20,14.7051176,-9.96487,1.43797582,-0.27469871,-0.088166863,0.396893269,1,0.922711,1e-05,1e-05,0.077249,1e-05,1e-05
KP1093_LM_CA20,LM,LM_CA20,CA20,CA,20,-42.1892493,-2.878924,-0.60643837,1.723124453,10.30236669,-0.26124569,5,1e-05,1e-05,0.069899,1e-05,0.930061,1e-05
KP1094_LM_CA20,LM,LM_CA20,CA20,CA,20,-44.4865321,-7.330304,-0.64483934,0.921806885,10.70694501,-0.111036272,5,1e-05,1e-05,1e-05,1e-05,0.99995,1e-05
KP1095_HU_CA20,HU,HU_CA20,CA20,CA,20,-51.1406747,-9.066419,0.21531269,-0.33301983,-5.393313798,-0.126038591,2,1e-05,0.99995,1e-05,1e-05,1e-05,1e-05
KP1097_AC_CA20,AC,AC_CA20,CA20,CA,20,14.7173257,-10.131635,1.43194552,-0.221983484,0.244128371,0.141580925,1,0.99995,1e-05,1e-05,1e-05,1e-05,1e-05
KP1101_LM_CA20,LM,LM_CA20,CA20,CA,20,-49.1178011,-8.364298,-0.64661999,1.00856613,10.67781879,0.065252865,5,1e-05,1e-05,1e-05,1e-05,0.99995,1e-05
KP1103_LM_CA20,LM,LM_CA20,CA20,CA,20,-51.7848227,-9.245143,0.55411993,-0.562379614,-5.486929656,0.099008578,2,1e-05,0.954515,1e-05,1e-05,0.045445,1e-05
KP1104_AC_CA20,AC,AC_CA20,CA20,CA,20,16.5157617,-10.439637,1.41751726,-0.061451339,0.030967532,-0.016673154,1,0.99995,1e-05,1e-05,1e-05,1e-05,1e-05
KP1107_AC_CA20,AC,AC_CA20,CA20,CA,20,15.7595603,-10.30341,2.20453681,-0.390132322,0.391620731,0.083248222,1,0.99995,1e-05,1e-05,1e-05,1e-05,1e-05
KP1115_AC_CA20,AC,AC_CA20,CA20,CA,20,16.2284585,-10.90292,2.23781232,-0.216495832,0.179847259,0.162246657,1,0.99995,1e-05,1e-05,1e-05,1e-05,1e-05
KP1116_AC_CA20,AC,AC_CA20,CA20,CA,20,1.2232663,37.486681,0.82828649,6.017505011,-0.53315333,-2.991369845,3,1e-05,1e-05,0.99995,1e-05,1e-05,1e-05
KP1118_LM_CA20,LM,LM_CA20,CA20,CA,20,-46.7679424,-8.186199,0.59069991,-0.431418215,-5.906407579,-0.284836032,2,1e-05,0.99995,1e-05,1e-05,1e-05,1e-05
KP1119_LM_CA20,LM,LM_CA20,CA20,CA,20,-51.7130283,-9.358856,0.25704854,-0.550289484,-5.273960834,0.118327687,2,1e-05,0.99995,1e-05,1e-05,1e-05,1e-05
KP1120_AC_CA20,AC,AC_CA20,CA20,CA,20,16.7301552,-11.004681,2.11126954,-0.268947259,0.02998633,0.095079857,1,0.99995,1e-05,1e-05,1e-05,1e-05,1e-05
KP1121_AC_CA20,AC,AC_CA20,CA20,CA,20,14.6247747,-8.428558,-13.96193451,1.445044232,-1.03545556,0.042373367,4,1e-05,1e-05,1e-05,0.99995,1e-05,1e-05
KP1123_LM_CA20,LM,LM_CA20,CA20,CA,20,-49.6598888,-8.513426,-0.48652764,0.823338449,10.76238437,-0.027271091,5,1e-05,0.030167,1e-05,1e-05,0.969793,1e-05
KP1124_AC_CA20,AC,AC_CA20,CA20,CA,20,-51.668558,-9.082398,0.47236237,-0.746385682,-5.217843107,-0.015653083,2,1e-05,0.99995,1e-05,1e-05,1e-05,1e-05
KP1125_AC_CA20,AC,AC_CA20,CA20,CA,20,16.1958244,-10.697597,2.10943485,-0.14455611,0.075540215,0.085911574,1,0.999942,1e-05,1e-05,1e-05,1e-05,1.8e-05
KP1126_LM_CA20,LM,LM_CA20,CA20,CA,20,-51.136656,-8.762937,-0.55763495,0.845955007,8.980609253,0.041775556,5,1e-05,1e-05,1e-05,1e-05,0.99995,1e-05
KP1128_AC_CA20,AC,AC_CA20,CA20,CA,20,16.3223986,-10.531336,1.30233796,-0.146737435,0.002598182,0.158112571,1,0.99995,1e-05,1e-05,1e-05,1e-05,1e-05
KP1133_LM_CA20,LM,LM_CA20,CA20,CA,20,-51.2635654,-9.109949,0.34956999,-0.476127905,-5.902242841,0.05855829,2,1e-05,0.99995,1e-05,1e-05,1e-05,1e-05
KP1134_AC_CA20,AC,AC_CA20,CA20,CA,20,15.9357222,-10.294129,1.75172655,-0.184437411,0.209803534,0.046490682,1,0.99995,1e-05,1e-05,1e-05,1e-05,1e-05
KP1135_AC_CA20,AC,AC_CA20,CA20,CA,20,15.1041124,-9.866201,1.66391872,-0.245280621,0.142614433,0.219697908,1,0.99995,1e-05,1e-05,1e-05,1e-05,1e-05
KP1137_AC_CA20,AC,AC_CA20,CA20,CA,20,14.4668665,-9.879087,1.95110286,-0.282343318,0.000881173,0.283853345,1,0.99995,1e-05,1e-05,1e-05,1e-05,1e-05
KP1139_LM_CA20,LM,LM_CA20,CA20,CA,20,16.7064187,-10.982064,2.06601918,-0.150261402,0.172530619,0.049731952,1,0.99995,1e-05,1e-05,1e-05,1e-05,1e-05
KP1140_AC_CA20,AC,AC_CA20,CA20,CA,20,10.285212,-7.328511,1.07157988,-0.083085286,0.249972068,0.396420053,1,0.99995,1e-05,1e-05,1e-05,1e-05,1e-05
KP1141_AC_CA20,AC,AC_CA20,CA20,CA,20,11.4626892,-8.332448,1.36853548,-0.173972462,0.332092909,0.189176963,1,0.99995,1e-05,1e-05,1e-05,1e-05,1e-05
KP1143_AC_CA20,AC,AC_CA20,CA20,CA,20,15.6052029,-10.056738,1.10838105,-0.131450942,0.019398975,0.125144599,1,0.99995,1e-05,1e-05,1e-05,1e-05,1e-05
KP1144_LM_CA20,LM,LM_CA20,CA20,CA,20,-50.6233981,-9.016153,0.29326253,-0.615172105,-5.606573573,0.062004726,2,1e-05,0.99995,1e-05,1e-05,1e-05,1e-05
KP1147_AC_CA20,AC,AC_CA20,CA20,CA,20,9.9605212,-6.423168,-9.68970698,0.880253609,-0.40153692,0.524653841,4,1e-05,1e-05,1e-05,0.99995,1e-05,1e-05
KP1148_AC_CA20,AC,AC_CA20,CA20,CA,20,16.3325178,-10.436607,1.39864704,-0.054580683,0.070434002,0.138257792,1,0.941682,1e-05,1e-05,0.058278,1e-05,1e-05
KP1149_AC_CA20,AC,AC_CA20,CA20,CA,20,12.1380197,-8.771201,1.54530567,-0.38775118,0.380512822,0.162731137,1,0.887472,1e-05,1e-05,0.112488,1e-05,1e-05
KP1150_AC_CA20,AC,AC_CA20,CA20,CA,20,16.5655903,-10.777331,1.41395083,-0.184696595,0.086008491,0.231972352,1,0.99995,1e-05,1e-05,1e-05,1e-05,1e-05
KP1151_AC_CA20,AC,AC_CA20,CA20,CA,20,11.9235773,-8.601481,1.10982663,-0.268876638,0.316897612,0.149305834,1,0.99995,1e-05,1e-05,1e-05,1e-05,1e-05
KP1153_UN_CA20,UN,UN_CA20,CA20,CA,20,1.1742257,37.381875,0.85290917,5.262699146,-0.520973963,-2.023894896,3,1e-05,1e-05,0.99995,1e-05,1e-05,1e-05
KP1156_UN_CA20,UN,UN_CA20,CA20,CA,20,15.8059446,-10.566417,1.67372138,-0.062961603,0.030030977,0.141050751,1,0.992433,1e-05,1e-05,0.007527,1e-05,1e-05
KP1159_UN_CA20,UN,UN_CA20,CA20,CA,20,1.0640071,36.414752,0.70355748,5.091379308,-0.492229799,-1.96555618,3,1e-05,1e-05,0.99995,1e-05,1e-05,1e-05
KP1160_UN_CA20,UN,UN_CA20,CA20,CA,20,-51.0550763,-9.176233,0.45030576,-0.475662831,-5.24692519,0.012808632,2,1e-05,0.99995,1e-05,1e-05,1e-05,1e-05
KP1162_AC_CA20,AC,AC_CA20,CA20,CA,20,1.2031301,32.636458,0.55366619,4.555273474,-0.427310933,-1.828216926,3,1e-05,1e-05,0.921657,1e-05,1e-05,0.078303
KP1164_LM_CA20,LM,LM_CA20,CA20,CA,20,-51.9011874,-9.336475,0.33754284,-0.489403856,-4.709043228,0.109133394,2,1e-05,0.963929,1e-05,1e-05,0.036031,1e-05
KP1166_LM_CA20,LM,LM_CA20,CA20,CA,20,-52.0005217,-9.062045,0.35573153,-0.559624336,-5.347846134,0.050656512,2,1e-05,0.99995,1e-05,1e-05,1e-05,1e-05
KP1167_LM_CA20,LM,LM_CA20,CA20,CA,20,-50.1816749,-8.961587,-0.86080505,0.79716924,10.67758813,-0.054930465,5,1e-05,1e-05,1e-05,1e-05,0.99995,1e-05
KX0075_HU_SB10,HU,HU_SB10,SB10,SB,10,1.2428333,36.477257,0.61506416,4.677722898,-0.510208472,-0.671609762,3,1e-05,1e-05,0.99995,1e-05,1e-05,1e-05
KX0330_LM_WP20,LM,LM_WP20,WP20,WP,20,-48.7031831,-8.579313,-0.38246818,0.833158332,8.17332069,-0.046501974,5,1e-05,1e-05,1e-05,1e-05,0.99995,1e-05
KX0743_AC_WP10,AC,AC_WP10,WP10,WP,10,16.5557593,-10.486971,1.03422654,-0.228883021,-0.014955671,-0.132413534,1,0.99995,1e-05,1e-05,1e-05,1e-05,1e-05
KY0578_AC_WP20,AC,AC_WP20,WP20,WP,20,-49.1559511,-8.531437,0.49743816,-0.498421016,-5.784720172,-0.042169001,2,1e-05,0.99995,1e-05,1e-05,1e-05,1e-05
NR4407_G1_CS50,G1,G1_CS50,CS50,CS,50,-46.5486749,-7.725893,-0.21056963,0.251473317,2.891783081,-0.090114514,5,1e-05,0.288023,1e-05,1e-05,0.711937,1e-05
NR4671_L1_CS50,L1,L1_CS50,CS50,CS,50,-50.9450829,-8.732081,-0.66992835,0.8802623,9.723731701,-0.010203348,5,1e-05,0.044171,1e-05,1e-05,0.955789,1e-05
NR5050_L2_CS15,L2,L2_CS15,CS15,CS,15,-47.8700935,-8.649513,0.57715009,-0.281902518,-4.602193422,-0.418218351,2,1e-05,0.99995,1e-05,1e-05,1e-05,1e-05
NR5053_L2_CS15,L2,L2_CS15,CS15,CS,15,-50.6803376,-9.155181,0.09008406,-0.633435189,-4.855661765,0.181747584,2,1e-05,0.931124,1e-05,1e-05,0.068836,1e-05
NR5242_L1_CK50,L1,L1_CK50,CK50,CK,50,-49.6820684,-8.564073,-0.77529997,1.049565691,11.2425924,0.325483057,5,1e-05,1e-05,1e-05,1e-05,0.99995,1e-05
NR5533_L2_CR15,L2,L2_CR15,CR15,CR,15,-51.7334109,-9.104406,0.10764544,-0.411119502,-4.713776888,0.146827965,2,1e-05,0.99995,1e-05,1e-05,1e-05,1e-05
NR5534_L1_CR15,L1,L1_CR15,CR15,CR,15,-47.2377261,-8.297574,-0.60501731,0.830057326,9.391917176,0.044984997,5,1e-05,1e-05,1e-05,1e-05,0.99995,1e-05
NR6262_G2_BR50,G2,G2_BR50,BR50,BR,50,-46.3644659,-7.677969,-0.26201581,0.365524649,1.879186236,-0.32713651,5,1e-05,0.371101,1e-05,0.006413,0.622447,1.9e-05
