Individual,Site,Loc,Depth,Taxa,Groups,colony_points,ground_elevation,overhang_prop,outcrop_prop,environment_rugosity,colony_radius,environment_radius,x,y,z
KP0052_AC_SB10,SB10,SB,10,AA2,aa.aa.48,3322,66.73548997,0.024650464,0.514534722,2.464029338,0.08269655,0.1,0.0786982330751377,7.89129505892264,-1.82958964668798
KP0053_AC_SB10,SB10,SB,10,AA2,aa.aa.48,474,92.95332252,0,0.559153323,2.161755305,0.039859705,0.1,-0.143401449325699,7.80131888515905,-1.74923014871352
KP0054_AC_SB10,SB10,SB,10,AA2,aa.aa.48,258,49.19085818,0.032330547,0.484714478,1.969324231,0.033564081,0.1,-0.180129623584231,7.67211265108571,-1.68104038728439
KP0056_AC_SB10,SB10,SB,10,AA2,aa.aa.48,178,72.63416002,0.067516264,0.565087919,2.042426709,0.021139549,0.1,-0.23634173236735,7.77663550188223,-1.85586588987349
KP0057_AC_SB10,SB10,SB,10,AA2,aa.aa.84,2789,99.65905439,0.004517481,0.490299922,1.988207443,0.066567893,0.1,-0.391530557919803,7.82076910895432,-1.88596167112688
KP0058_AC_SB10,SB10,SB,10,AA2,aa.aa.42,3559,96.77251753,0.042352437,0.585617837,2.335885513,0.071248696,0.1,0.105400713681096,6.91978786239197,-1.59635571703668
KP0059_AC_SB10,SB10,SB,10,AA2,aa.aa.42,194,25.30879314,0,0.52808008,1.729844682,0.024808335,0.1,0.0786451580312489,6.88026818145194,-1.80639715639795
KP0061_AC_SB10,SB10,SB,10,AA2,aa.aa.90,5656,59.99263387,0,0.694316797,2.162699973,0.116094444,0.1,-0.447869374853038,6.66762575000404,-1.57609177884882
KP0062_AC_SB10,SB10,SB,10,AA2,aa.aa.90,3336,38.73216599,0.026355836,0.54284516,2.323978548,0.073328225,0.1,-0.5470370995263,6.64420826331243,-1.66880906366824
KP0064_AC_SB10,SB10,SB,10,AA2,aa.aa.91,2783,39.99851575,0.006362724,0.523535195,2.13184936,0.06355515,0.1,0.525931307563687,5.70548472249252,-1.61822634296779
KP0065_AC_SB10,SB10,SB,10,AA2,aa.aa.91,758,79.93542284,0,0.672958429,1.831786209,0.039422914,0.1,0.618743860051322,5.424492132487,-1.72819371129057
KP0069_AC_SB10,SB10,SB,10,AA2,aa.aa.91,40251,129.2556379,0.010507161,0.526035336,2.289461575,0.214680307,0.1,0.774647543974711,5.70129474174327,-1.80890841922968
KP0070_AC_SB10,SB10,SB,10,AA2,aa.aa.57,2611,103.2992332,0.801518886,0.352384536,1.66155053,0.087469375,0.1,1.14421879417715,5.43796008394354,-2.2136062421693
KP0072_AC_SB10,SB10,SB,10,AA2,aa.aa.57,1305,34.05565138,0.077773522,0.470830794,1.834969161,0.038694466,0.1,1.27587156924763,5.68038294455374,-1.87432419226699
KP0073_HU_SB10,SB10,SB,10,AH1,ah.89,160,42.53015593,0,0.552716885,1.807756658,0.020375636,0.1,1.38390960918955,6.02134119811652,-1.56775852139452
KP0074_AC_SB10,SB10,SB,10,AA2,aa.aa.91,1021,59.08798828,0,0.583050538,1.619879837,0.046878399,0.1,0.734657257763811,5.98246706220189,-1.6158841926359
KP0077_AC_SB10,SB10,SB,10,AA2,aa.aa.91,540,92.48235159,0.160809942,0.436817622,1.781055432,0.04150118,0.1,0.651873966071922,6.10961396095052,-1.62270798388223
KP0078_AC_SB10,SB10,SB,10,AA2,aa.aa.41,583,33.9320351,0.803395139,0.487073245,1.964451182,0.02975105,0.1,0.960909934678501,6.27795419122283,-1.49665520581264
KP0084_AC_SB10,SB10,SB,10,AH2,ah.27,383,24.6273695,0.562208502,0.370087844,2.121097707,0.030651662,0.1,0.678284132339256,6.94420164811861,-1.57722407142126
KP0086_LM_SB10,SB10,SB,10,AL2,al.59,4793,36.26206561,0.131003647,0.503602683,1.615623579,0.095980105,0.1,0.457108604897011,6.70268361437652,-1.621271259155
KP0088_AC_SB10,SB10,SB,10,AA2,aa.aa.42,5482,104.5150193,0.044670117,0.600561385,1.450427543,0.11317729,0.1,0.162431992002475,6.9440360769339,-1.52189955611648
KP0089_AC_SB10,SB10,SB,10,AA2,aa.aa.300,5867,119.3368774,0,0.702075964,2.137661831,0.083358004,0.1,0.816738107447303,7.47313900776213,-1.40775531800009
KP0090_AC_SB10,SB10,SB,10,admixed,ah.98,353,27.953231,0,0.727056134,1.482719128,0.030657233,0.1,0.635025592358112,7.38523188503904,-1.48827496458285
KP0095_AC_SB10,SB10,SB,10,AA2,aa.aa.289,377,102.1444347,0.50105921,0.468957726,1.636644453,0.03018057,0.1,0.722744136249157,7.64408157553002,-1.53615657625314
KP0098_AC_SB10,SB10,SB,10,AH1,ah.70,634,11.91236392,0.230598585,0.473372333,2.310815719,0.039705085,0.1,0.534232076391161,7.65340626969408,-1.38797947165097
KP0099_AC_SB10,SB10,SB,10,AH1,ah.72,160,44.89168957,0.65767025,0.409846387,1.574263453,0.017943288,0.1,-1.6029779347626,10.6057595885983,-1.7726392192499
KP0100_AC_SB10,SB10,SB,10,AA2,aa.aa.92,629,8.918046257,0,0.580015627,2.049338248,0.028064383,0.1,-0.783566109416362,10.7011732596329,-1.88913004889387
KP0102_AC_SB10,SB10,SB,10,AA2,aa.aa.62,15035,39.15311912,0,0.686029368,2.263147329,0.149905733,0.1,-0.467825821013722,9.16299926440477,-1.64734122505474
KP0103_AC_SB10,SB10,SB,10,AA2,aa.aa.62,1324,77.37756839,0.415300824,0.593807425,2.488396001,0.047936712,0.1,-0.333008800225261,9.06463413629596,-1.79512422972102
KP0104_AC_SB10,SB10,SB,10,AA2,aa.aa.83,1773,34.47088888,0,0.640718707,1.973202095,0.060566152,0.1,-0.524520186113342,8.91095475450481,-1.62205251086137
KP0105_AC_SB10,SB10,SB,10,AA2,aa.aa.62,949,41.69480132,0.018507383,0.595046925,1.902534834,0.038324767,0.1,-0.730977514374107,8.93904781169042,-1.65566793209853
KP0108_AC_SB10,SB10,SB,10,AL2,al.60,1578,32.5875717,0.018937812,0.511484228,1.319160178,0.051093048,0.1,0.126335511655955,8.58642707701247,-2.1188327845383
KP0109_LM_SB10,SB10,SB,10,AA2,aa.aa.299,4066,45.08584168,0.719026767,0.485384344,1.859159138,0.087453353,0.1,0.113491928224359,8.52818363379407,-2.27909815751236
KP0112_AC_SB10,SB10,SB,10,AA2,aa.aa.319,1253,12.0074556,0.211476195,0.473670988,1.944570363,0.042757097,0.1,0.125694129505821,8.95460016296047,-2.05618981010388
KP0116_AC_SB10,SB10,SB,10,AA2,aa.aa.292,3075,4.468737662,0,0.802953677,1.792197024,0.080813459,0.1,-0.769926575082129,11.4792344382024,-2.1159610917723
KP0117_AC_SB10,SB10,SB,10,AA2,aa.aa.81,1752,114.3670011,0.115536356,0.515978403,2.153573747,0.054821094,0.1,-0.933231849352816,17.4555359068601,-2.23364691448931
KP0119_AC_SB10,SB10,SB,10,AA2,aa.aa.56,6340,19.7509793,0.010492885,0.376553007,1.463763364,0.128527709,0.1,-1.93983882961936,16.8645286312624,-1.69298210329248
KP0121_AC_SB10,SB10,SB,10,AA2,aa.aa.77,701,31.25911104,0,0.587512467,1.352896626,0.038867015,0.1,-1.03147379610864,17.1902462060986,-2.0991919349682
KP0122_AC_SB10,SB10,SB,10,AA2,aa.aa.58,1498,53.47740562,0.140879835,0.502396437,2.18338456,0.050857853,0.1,-2.12176829849397,15.0128025702235,-1.62435765626169
KP0123_AC_SB10,SB10,SB,10,AA2,aa.aa.310,10085,35.41937052,0,0.769343354,2.344395389,0.1224403,0.1,-0.400486595598456,15.3060609605219,-1.9126579945512
KP0125_AC_SB10,SB10,SB,10,AA2,aa.aa.305,609,96.33013569,0,0.553450867,2.367186411,0.030057316,0.1,-1.044431816703,15.4558614798209,-2.05508939629207
KP0127_AC_SB10,SB10,SB,10,AA2,aa.aa.81,5552,47.70497656,0,0.772078555,1.932941592,0.105998217,0.1,-0.657776884293641,17.544042009317,-2.18651313778315
KP0129_AC_SB10,SB10,SB,10,AA2,aa.aa.294,1656,45.68648951,0,0.755532297,1.70207786,0.047252083,0.1,-0.09976186237642,17.1310809959296,-2.48601988445417
KP0130_AC_SB05,SB05,SB,5,AH2,ah.26,468,44.92635845,0.393398184,0.462967091,1.836318796,0.027113179,0.1,-2.6260786324199,-2.75032488203849,-1.46977703062335
KP0132_HU_SB05,SB05,SB,5,AH2,ah.20,404,50.13035135,0.00239846,0.615501354,1.963811649,0.029241196,0.1,-2.29098352930738,-5.33713984027008,-1.55181341417078
KP0134_HU_SB05,SB05,SB,5,AH1,ah.73,108,40.8185042,0.170132807,0.42178988,1.337020104,0.021112689,0.1,-2.17543193776576,-5.32311763967307,-1.82920738179593
KP0135_HU_SB05,SB05,SB,5,AH2,ah.22,680,39.82183558,0.001713371,0.785051568,1.397822128,0.034287233,0.1,2.1609959829458,5.19520669325358,-0.495499651159649
KP0137_HU_SB05,SB05,SB,5,AH3,ah.30,249,114.4819202,0.132107535,0.507518928,1.65488291,0.022478684,0.1,4.06809803449766,7.14964352248287,-0.361755344281526
KP0139_HU_SB05,SB05,SB,5,AH2,ah.1,106,121.1281931,0.049736414,0.460653717,1.431481049,0.013775104,0.1,4.20878068384282,6.46748503998727,-0.45316326957064
KP0140_HU_SB05,SB05,SB,5,AH2,ah.1,198,82.57973332,0.078406334,0.324000257,1.384437445,0.016879703,0.1,4.23504865742296,6.53153487909505,-0.461583163152034
KP0289_AC_WP20,WP20,WP,20,AA2,aa.aa.235,2664,31.455011,0,0.743359332,1.436433379,0.085249126,0.1,-0.374238075419636,-12.743168740739,-1.70139149713129
KP0290_LM_WP20,WP20,WP,20,AL2,al.26,3615,13.7568374,0,0.596240742,1.54321025,0.101559936,0.1,-0.611203880239272,-12.9352797154562,-1.7803905600427
KP0291_AC_WP20,WP20,WP,20,AA2,aa.aa.283,464,112.5692498,0.275766414,0.466194211,2.65781465,0.036430248,0.1,-0.339159521401105,-13.1006963046021,-1.7337527013261
KP0292_AC_WP20,WP20,WP,20,AA2,aa.aa.240,874,89.93468422,0,0.80181595,3.654288768,0.042026475,0.1,-0.17376989386885,-13.124543090193,-1.41403480808359
KP0293_LM_WP20,WP20,WP,20,AL2,al.3,21259,33.15944289,0.005623529,0.551282361,1.653067255,0.201365218,0.1,0.67520138225962,-13.7392804300496,-2.01391102893833
KP0294_AC_WP20,WP20,WP,20,AA2,aa.aa.155,1631,90.38234631,0.359394472,0.51732547,2.017058106,0.072092662,0.1,0.481231916661684,-14.503197210237,-1.86607761531936
KP0296_AC_WP20,WP20,WP,20,AA2,aa.aa.200,344,125.0853555,0,0.568505239,1.814566827,0.027384867,0.1,0.663469619853577,-14.8987334490681,-1.4943547266642
KP0299_AC_WP20,WP20,WP,20,AA2,aa.aa.200,740,30.52994325,0,0.692598481,2.231546202,0.039084596,0.1,0.642211539352307,-15.0246928105925,-1.54215977524498
KP0300_AC_WP20,WP20,WP,20,AA2,aa.aa.200,1071,67.52242017,0.278675248,0.67871109,2.433734882,0.040144848,0.1,0.596930728261232,-15.0760358966776,-1.60550270469763
KP0301_AC_WP20,WP20,WP,20,AA2,aa.aa.171,338,27.42248703,0,0.501961061,2.432880966,0.034438942,0.1,0.321733799783625,-15.0565920376098,-1.68723204791437
KP0303_AC_WP20,WP20,WP,20,AA2,aa.aa.180,1516,97.4467351,0.013532678,0.636372846,2.234469245,0.057614196,0.1,0.320654884011907,-15.2443296047417,-1.69231982597479
KP0304_AC_WP20,WP20,WP,20,AA2,aa.aa.180,8853,96.3872564,0,0.661490855,2.431284662,0.117157139,0.1,0.389072357197985,-15.296248978968,-1.66362430619757
KP0305_AC_WP20,WP20,WP,20,AA2,aa.aa.244,3172,107.0639078,0,0.710822853,1.930984308,0.090841802,0.1,-0.89611090647311,-17.3415446920054,-0.422097635126159
KP0311_AC_WP20,WP20,WP,20,AA1,aa.aa.22,418,37.28588073,0,0.659071074,1.88105423,0.036375614,0.1,1.21158975540811,-15.635025303378,-1.39010989311149
KP0317_AC_WP20,WP20,WP,20,AA2,aa.aa.156,231,95.65634657,0,0.526492832,1.958078264,0.028740081,0.1,0.808667194406927,-14.3794140252285,-1.95887279505229
KP0318_LM_WP20,WP20,WP,20,AL2,al.3,585,33.09422948,0.026363636,0.669282373,1.233733448,0.040168077,0.1,0.596139652364366,-13.9649623843261,-2.11123777504845
KP0319_LM_WP20,WP20,WP,20,AL2,al.57,2804,41.80148041,0.316381032,0.34974716,1.467360647,0.082207723,0.1,0.918030461465147,-13.1838159147754,-2.14855420028255
KP0322_LM_WP20,WP20,WP,20,AL1,al.83,34378,45.51235285,0.027713857,0.488805035,1.399270031,0.301774182,0.1,0.08548546209004,-12.3401607098977,-1.91808014751695
KP0323_AC_WP20,WP20,WP,20,AA2,aa.aa.159,33,114.5112433,0,0.663032533,2.5772786,0.015071319,0.1,-1.07700717221375,-8.06676761218726,-0.373331241802532
KP0324_AC_WP20,WP20,WP,20,AA2,aa.aa.159,3387,95.25110016,0,0.762301717,2.745769605,0.084695315,0.1,-1.14474243237903,-8.02906585837072,-0.335654018416491
KP0325_AC_WP20,WP20,WP,20,AA2,aa.aa.159,1300,57.51811385,0.073175882,0.680812109,1.931784922,0.047099768,0.1,-1.51652906078434,-8.22547398948427,-0.383008802768687
KP0326_AC_WP20,WP20,WP,20,AA2,aa.aa.208,2331,42.79508342,0,0.822826347,1.944089314,0.070991224,0.1,-1.77251466842969,-8.30683396964502,-0.275137099654976
KP0327_AC_WP20,WP20,WP,20,AA2,aa.aa.159,4047,40.65048787,0.058054173,0.521207735,2.300644154,0.096191563,0.1,-1.2774830998634,-8.19655068166203,-0.485966569635913
KP0328_LM_WP20,WP20,WP,20,AL1,al.84,2212,47.7285936,0.021484681,0.509407719,1.583369679,0.065765295,0.1,-1.84498366498948,-8.46893637788965,-0.643738830248964
KP0329_AC_WP20,WP20,WP,20,AA2,aa.aa.211,4746,69.52997106,0.04422495,0.578710994,1.817114606,0.096745034,0.1,-1.8782634101135,-8.63145168552815,-0.680795377375008
KP0330_LM_WP20,WP20,WP,20,AL1,al.70,8968,36.87684766,0.04064336,0.544265877,2.097379752,0.129048613,0.1,-1.50796308700722,-8.81626842953659,-0.845021610217482
KP0331_AC_WP20,WP20,WP,20,AA2,aa.aa.113,3292,112.1669774,0.11315563,0.53040244,2.035390864,0.084225709,0.1,-1.09083890885122,-8.78852278163062,-1.10603825102706
KP0332_AC_WP20,WP20,WP,20,AA2,aa.aa.113,3312,50.3873396,0,0.741759008,2.499401301,0.068506105,0.1,-1.08783236227601,-8.92302060474594,-1.01255935077848
KP0334_AC_WP20,WP20,WP,20,AA2,aa.aa.113,2274,78.30445556,0.23557989,0.634218453,2.732283392,0.059932307,0.1,-0.967357461265892,-8.96134918466692,-1.04844151625071
KP0335_AC_WP20,WP20,WP,20,AA2,aa.aa.185,525,89.28905413,0,0.823088785,1.891674519,0.043311154,0.1,-1.37999260770229,-9.1745266093241,-0.629783557136939
KP0336_AC_WP20,WP20,WP,20,AA2,aa.aa.185,1049,92.47072086,0,0.846297413,1.581803498,0.048816625,0.1,-1.44719455165479,-9.20188237295163,-0.63235811923428
KP0337_AC_WP20,WP20,WP,20,AA2,aa.aa.185,1082,101.1701915,0,0.790683974,1.998063396,0.043537488,0.1,-1.42229666801964,-9.30766812997533,-0.657018718132452
KP0340_AC_WP20,WP20,WP,20,AA2,aa.aa.290,6281,52.05090216,0.047213351,0.553689164,1.641595836,0.157455789,0.1,-1.04008904620466,-9.39876389900191,-1.01227387002626
KP0341_LM_WP20,WP20,WP,20,AL2,al.7,4533,76.65051739,0.077077482,0.471084377,1.475661587,0.114100817,0.1,-1.15361966387226,-9.30987293249689,-1.50207506599939
KP0342_LM_WP20,WP20,WP,20,AL2,al.7,20736,4.498901226,0.060549726,0.4172802,1.591256331,0.239162946,0.1,-1.02884926010223,-9.33543518008832,-1.54175781469879
KP0343_LM_WP20,WP20,WP,20,AL2,al.7,4560,77.96194837,0.030123155,0.447702985,1.662387639,0.108261889,0.1,-0.978419908934369,-9.43192503704119,-1.41660792013913
KP0345_LM_WP20,WP20,WP,20,AL2,al.7,20163,123.006114,0.007997632,0.474309863,2.10066092,0.199093188,0.1,-1.04145903743645,-9.83789255460956,-1.44365799631699
KP0346_AC_WP20,WP20,WP,20,AA2,aa.aa.225,2064,132.0967961,0.001188373,0.666450423,1.944869308,0.068671136,0.1,-0.790729652407347,-9.81361194236058,-1.41846236095353
KP0347_AC_WP20,WP20,WP,20,AA1,aa.aa.19,4651,122.0909898,0.016158271,0.573592425,1.678693665,0.125019598,0.1,-0.342806684339281,-9.80342172601508,-1.71130437222565
KP0348_LM_WP20,WP20,WP,20,AL2,al.1,25073,51.10849713,0.055628376,0.523943383,1.722499281,0.23662816,0.1,-0.500952659404622,-9.99395513242895,-1.72890722818425
KP0349_LM_WP20,WP20,WP,20,AA2,aa.aa.164,40997,41.86631503,0.006559215,0.527637165,1.937962229,0.273026254,0.1,-0.549467470374002,-10.2217819559383,-1.66102667303289
KP0350_LM_WP20,WP20,WP,20,AL2,al.44,76023,131.0518583,0.081967346,0.349459168,1.80779188,0.382630162,0.1,0.0308142439466644,-10.5791473771072,-1.8813332010005
KP0352_AC_WP20,WP20,WP,20,AA2,aa.aa.164,8839,82.05950838,0,0.728935974,2.583609068,0.11104871,0.1,-0.0900629133603485,-10.8211473411655,-1.31066973907916
KP0354_AC_WP20,WP20,WP,20,AA2,aa.aa.164,286,35.37997895,0.089270489,0.541096141,2.674970647,0.030967317,0.1,-0.398044316116005,-10.9150019949677,-1.36239212464213
KP0355_AC_WP20,WP20,WP,20,AA2,aa.aa.165,2774,98.99107397,0.001940567,0.676205671,2.256940334,0.073118932,0.1,-1.25378819144615,-10.8864369047689,-1.11343539705843
KP0360_AC_WP20,WP20,WP,20,AA2,aa.aa.201,829,61.95916349,0,0.617866106,1.78961615,0.056295063,0.1,-0.973786077464965,-11.7136527921017,-0.803673427124717
KP0362_AC_WP20,WP20,WP,20,AA2,aa.aa.201,700,63.10304887,0,0.822747397,1.575864916,0.051333062,0.1,-0.890418149355485,-11.8750367546863,-0.812786581742613
KP0363_AC_WP20,WP20,WP,20,AA2,aa.aa.201,3409,43.55837879,0.126766924,0.454548652,2.344432319,0.099460385,0.1,-0.986787316274929,-11.9119476417431,-0.944694338097885
KP0365_AC_WP20,WP20,WP,20,AA2,aa.aa.117,710,83.26453898,0.130062401,0.533327935,1.79277264,0.037198058,0.1,-0.586526532118356,-11.8778850114608,-0.646355921538492
KP0367_AC_WP20,WP20,WP,20,AA2,aa.aa.117,1112,95.26481516,0,0.693571495,2.448494869,0.055949553,0.1,-0.34611500023997,-11.967141921432,-0.517841565807271
KP0368_AC_WP20,WP20,WP,20,AA2,aa.aa.278,729,92.50046321,0,0.812158865,1.985013988,0.048004886,0.1,-0.279831925898032,-11.6288569042665,-0.767845515759352
KP0369_AC_WP20,WP20,WP,20,AA1,aa.aa.8,5126,51.01482874,0.042706873,0.46803912,1.772084556,0.125566158,0.1,-0.214590529491364,-11.8835400799894,-0.838168253618856
KP0372_AC_WP20,WP20,WP,20,AA2,aa.aa.186,17069,9.002283675,0,0.618483022,2.637641433,0.163286081,0.1,-0.956816418609325,-12.1909183125718,-0.82902661524314
KP0373_AC_WP20,WP20,WP,20,AA1,aa.aa.8,666,67.80031336,0.08938991,0.498974033,1.593842489,0.042335217,0.1,-0.319375275990942,-12.025697023332,-0.845900386789894
KP0374_AC_WP20,WP20,WP,20,AA2,aa.aa.130,10912,45.62630994,0,0.509884393,2.31019029,0.165208639,0.1,0.68606790354108,-10.3576650222108,-1.73251220082941
KP0375_LM_WP20,WP20,WP,20,AL2,al.4,7150,126.4513821,0.316622077,0.443613906,2.34317245,0.135602584,0.1,0.295426077394873,-9.54625155640218,-1.75230434901338
KP0377_LM_WP20,WP20,WP,20,AL1,al.82,20197,14.66923462,9.33e-05,0.545392887,2.08974007,0.198520415,0.1,0.595174662787411,-9.40309231270462,-1.50628039172888
KP0378_AC_WP20,WP20,WP,20,AH1,ah.75,229,45.54688753,0.029791726,0.772083461,2.038583609,0.025266722,0.1,0.384490600604068,-9.02101725176634,-1.50474872733115
KP0379_AC_WP20,WP20,WP,20,AA1,aa.aa.5,12,38.44145749,0,0.533835317,1.273622465,0.005621714,0.1,0.546979496151404,-8.99873061814462,-1.69092738564484
KP0380_LM_WP20,WP20,WP,20,AL2,al.51,3558,33.15436076,0.177605572,0.423717143,1.635875314,0.088943434,0.1,0.47726675505252,-8.76103627217364,-1.82772107331252
KP0382_AC_WP20,WP20,WP,20,AA2,aa.aa.141,473,72.78123444,0.308421511,0.56031835,2.144542652,0.041059972,0.1,0.39284637087302,-8.55912988801683,-1.45469512140688
KP0383_AC_WP20,WP20,WP,20,AA2,aa.aa.141,2065,114.2290555,1.022376042,0.531653078,1.632241678,0.092074805,0.1,0.444916587315755,-8.51719836865189,-1.79225653738198
KP0384_AC_WP20,WP20,WP,20,AA2,aa.aa.159,13872,50.52040089,0.222123902,0.569566005,1.590722463,0.208410808,0.1,-0.959500178474363,-8.09564520724322,-0.983729998313713
KP0385_AC_WP20,WP20,WP,20,AA2,aa.aa.124,6400,57.97756322,0.015004441,0.70399205,1.177222762,0.159628158,0.1,-1.32920730766979,-2.77328541462941,-0.687697397973758
KP0386_AC_WP20,WP20,WP,20,AA2,aa.aa.124,145,75.6858062,0,0.691446508,1.254863396,0.02891163,0.1,-1.3562045826457,-2.76614157703882,-0.643819047925323
KP0388_AC_WP20,WP20,WP,20,AA2,aa.aa.124,210,121.2867545,0.024412365,0.582347502,1.469297934,0.035238071,0.1,-1.41326596124146,-2.9329671946534,-0.662610701890737
KP0389_AC_WP20,WP20,WP,20,AA2,aa.aa.124,287,99.45346356,0,0.886643578,1.339798009,0.039344464,0.1,-1.50646733930374,-3.11835335241554,-0.529968609820093
KP0390_AC_WP20,WP20,WP,20,AA2,aa.aa.124,41,45.39413316,0,0.610949783,1.519423383,0.011703848,0.1,-1.47140196395919,-3.15373835362853,-0.578227583217549
KP0392_AC_WP20,WP20,WP,20,AA1,aa.aa.4,1805,82.20600075,0.221310706,0.50584358,2.821896639,0.061720577,0.1,-0.551897625506717,-3.12845708342605,-1.65908841916124
KP0393_AC_WP20,WP20,WP,20,AA1,aa.aa.4,169,89.06327301,0,0.555534957,2.645777374,0.022032258,0.1,-0.587195161795773,-3.19735623208187,-1.64176329982773
KP0394_AC_WP20,WP20,WP,20,AA1,aa.aa.4,1522,97.5607086,0,0.694401807,2.101419079,0.053877794,0.1,-0.628638690895036,-3.11892281839495,-1.56916540147867
KP0395_AC_WP20,WP20,WP,20,AA1,aa.aa.4,122,98.02316928,0,0.858061534,2.415867435,0.019780927,0.1,-0.639641392416931,-3.21221052360258,-1.56528065026661
KP0396_AC_WP20,WP20,WP,20,AA1,aa.aa.4,172,39.30791819,0,0.703340471,2.25803608,0.020102184,0.1,-0.695397754679003,-3.23788757731421,-1.59989646938757
KP0399_LM_WP20,WP20,WP,20,AA1,aa.aa.20,2589,51.23508699,0.341822771,0.426119247,1.588141464,0.081467845,0.1,-1.30111471528272,-3.84101497274408,-1.97251661233437
KP0400_LM_WP20,WP20,WP,20,AL1,al.89,114393,29.32322055,0.196422863,0.372004036,2.051860486,0.409959813,0.1,-1.42074526200465,-4.18415163302116,-1.7812429609419
KP0405_AC_WP20,WP20,WP,20,AA2,aa.aa.284,666,85.94787436,0,0.626618867,1.771352415,0.036244401,0.1,-1.19617434809105,-4.87116717396635,-1.69733369640176
KP0407_AC_CA05,CA05,CA,5,AA2,aa.aa.107,22309,39.8885596,0.004488177,0.605093018,2.519445117,0.17316567,0.1,-3.20819051041186,-19.6782373768343,0.0390376408045781
KP0408_AC_CA05,CA05,CA,5,AA2,aa.aa.306,17997,113.0898415,0,0.745199362,1.855970105,0.192859475,0.1,-0.262355629209015,-18.0670818719493,-0.588438256397629
KP0409_AC_CA05,CA05,CA,5,AA2,aa.aa.253,767,109.4229415,0,0.741599779,1.567749602,0.038422794,0.1,-1.44007798861411,-10.806274773472,-0.531707529116221
KP0413_HU_CA05,CA05,CA,5,AH1,ah.81,615,4.59906885,0,0.452970864,1.525419552,0.04144743,0.1,-0.966761790415231,-14.6298681771665,-0.570505806411003
KP0414_HU_CA05,CA05,CA,5,AH1,ah.63,108,97.84623817,0.171334528,0.488908152,1.401538189,0.01598585,0.1,-0.859462917324674,-14.5776720162995,-0.604916479192345
KP0417_HU_CA05,CA05,CA,5,AH1,ah.39,73,15.3958314,0,0.899314226,1.432647348,0.012800059,0.1,-0.164447268549808,-13.0791616287241,-0.521422842803363
KP0418_HU_CA05,CA05,CA,5,AH1,ah.57,121,56.73375369,0.007759938,0.656912668,1.703001148,0.015623073,0.1,-0.107741756566724,-13.0121871130508,-0.576217419708564
KP0424_AC_CA05,CA05,CA,5,AA2,aa.aa.279,1183,47.11873215,0,0.80297373,1.624527817,0.053911536,0.1,-1.28764680326166,-9.14292033446987,-0.701758449669963
KP0426_HU_CA05,CA05,CA,5,admixed,ah.62,303,69.99788408,0,0.754636187,1.73943792,0.027047408,0.1,0.258513034391248,-10.6715506719561,-0.778502547838766
KP0432_HU_CA05,CA05,CA,5,admixed,ah.90,138,52.25465877,0.101826293,0.50492348,2.321670128,0.017281002,0.1,-0.775690055327007,-4.58934866566655,-0.980404812659039
KP0434_HU_CA05,CA05,CA,5,AH1,ah.82,364,58.86086057,1.018024524,0.475671221,1.96583799,0.028186064,0.1,-0.563054664368652,-5.44749506861042,-0.891467349544415
KP0435_HU_CA05,CA05,CA,5,AH1,ah.60,1007,80.49483221,0.76789401,0.478656184,1.984889312,0.043066601,0.1,-0.124425577375258,-5.67161004446752,-0.838542164069357
KP0436_HU_CA05,CA05,CA,5,AH3,ah.105,93,65.16174038,0.076383897,0.653383738,1.80291776,0.015250496,0.1,-1.12196302297724,4.19539193207465,-0.941652997541856
KP0439_HU_CA05,CA05,CA,5,AH1,ah.52,196,4.334470268,0,0.399501054,1.871717783,0.024221622,0.1,-0.544329766314449,0.732886485744856,-1.26874204501964
KP0441_AC_CA05,CA05,CA,5,AA2,aa.aa.266,389,101.4278908,0,0.531983201,1.679239676,0.031691676,0.1,0.356725649626747,-1.2302692562501,-1.21715602057346
KP0442_HU_CA05,CA05,CA,5,AH1,ah.39,242,31.38820462,0,0.82059436,1.509339731,0.022961929,0.1,-0.095219473648171,2.40783833863579,-1.19875975100312
KP0450_AC_WP20,WP20,WP,20,AA2,aa.aa.217,5811,43.10929556,0.040705435,0.413517911,1.801117614,0.125069273,0.1,-0.943657865198668,-4.962344533706,-1.56608371399414
KP0454_AC_WP20,WP20,WP,20,AA2,aa.aa.273,19916,85.19682745,0.002528611,0.699898491,3.095002431,0.160904927,0.1,-1.73801448138138,-5.90743738356075,-1.47528256966878
KP0459_LM_WP20,WP20,WP,20,AL2,al.47,10991,17.64929503,0.115336716,0.502818404,1.544230846,0.160480317,0.1,-1.50007124057509,-7.21182264610651,-1.71373209996532
KP0461_AC_WP20,WP20,WP,20,AA2,aa.aa.127,373,50.83382023,0.041071597,0.68062886,1.961708934,0.026968434,0.1,-1.36463637032529,-7.59380183600377,-0.979816961918368
KP0462_AC_WP20,WP20,WP,20,AA2,aa.aa.127,992,35.13789357,0.011196396,0.488549482,2.054919988,0.061730118,0.1,-1.28171808926313,-7.63726863511575,-0.959540626623912
KP0463_AC_WP20,WP20,WP,20,AA1,aa.aa.6,823,48.02878188,0.002140359,0.816182671,1.978264823,0.049244283,0.1,-1.46109239402317,-7.70921196410702,-0.71878184858458
KP0464_AC_WP20,WP20,WP,20,AA2,aa.aa.197,6458,44.22435785,0.361921769,0.436138948,1.940325097,0.121609829,0.1,-1.44804377771383,-7.86858413254266,-0.72694716384134
KP0467_AC_WP20,WP20,WP,20,AA2,aa.aa.181,6169,27.3904578,0,0.789644726,3.092294701,0.100126868,0.1,-0.872488682357113,-6.65209676052343,-0.951188852433634
KP0468_AC_WP20,WP20,WP,20,AA2,aa.aa.181,1707,81.56771891,0.20017653,0.530532805,2.687135282,0.056622137,0.1,-0.911061312510415,-6.85413997844355,-1.11029018032337
KP0470_AC_WP20,WP20,WP,20,AA2,aa.aa.125,20227,71.61050776,0.064109641,0.537967966,2.53222188,0.187083056,0.1,-0.137718403156246,-6.47890228527744,-1.46730179899805
KP0471_AC_WP20,WP20,WP,20,AA2,aa.aa.182,11195,87.12373714,0.146794988,0.529813957,1.9907969,0.137093326,0.1,-0.000150969661847618,-6.25161925496456,-1.7270284973485
KP0473_LM_WP20,WP20,WP,20,AL1,al.73,89,93.94251232,0.047294501,0.348742677,2.852389986,0.0188433,0.1,-0.440115167338887,-4.74063290928316,-1.58369117374918
KP0474_AC_WP20,WP20,WP,20,AH1,ah.40,26,107.8565734,0.062473462,0.640749454,2.725928066,0.009403585,0.1,-0.461484064128457,-4.77019037514963,-1.52036140362574
KP0475_AC_WP20,WP20,WP,20,AA2,aa.aa.173,1533,81.20236005,0.204024767,0.659799259,2.672362544,0.049916775,0.1,0.152082694932932,-3.47024467419827,-1.77125633898477
KP0477_AC_WP20,WP20,WP,20,AA2,aa.aa.173,5443,104.7324748,0,0.73656727,3.238068848,0.084283834,0.1,0.201930476534758,-3.29518686193626,-1.72828071138158
KP0479_AC_WP20,WP20,WP,20,AA2,aa.aa.226,10052,23.35045202,0,0.509219623,2.411847851,0.142795916,0.1,0.540649807377908,-2.94567379772312,-1.83834998789394
KP0481_AC_WP20,WP20,WP,20,AA2,aa.aa.124,1156,67.0183725,0,0.636148142,1.871277506,0.066819294,0.1,0.352248962678086,-2.63264119568379,-2.10247778624193
KP0482_LM_WP20,WP20,WP,20,AL2,al.10,14382,107.900897,0.075492729,0.474984504,1.825522442,0.18914365,0.1,-0.100678514174841,-2.48501456016881,-2.0831743799743
KP0484_AC_WP20,WP20,WP,20,AA2,aa.aa.194,2060,59.1934898,0.308179763,0.392634902,1.401188321,0.08522142,0.1,-0.156375647806129,-2.07696680454018,-1.64606666470504
KP0485_AC_WP20,WP20,WP,20,AA2,aa.aa.212,2111,72.67869098,0,0.746918294,2.639448616,0.070256649,0.1,-0.836950998148259,2.01282360818242,-0.991718340569531
KP0486_AC_WP20,WP20,WP,20,AA1,aa.aa.13,4606,12.45887107,0,0.642658048,2.356062035,0.082353907,0.1,-0.731958551564801,1.84146040146379,-1.03935376409323
KP0487_AC_WP20,WP20,WP,20,AA2,aa.aa.161,1486,87.39284038,0,0.590202207,2.34627282,0.052663693,0.1,-1.09333074386612,1.78296147394626,-1.11496490208167
KP0488_AC_WP20,WP20,WP,20,AA2,aa.aa.161,595,103.6470346,0,0.692538999,2.830053537,0.049312758,0.1,-1.15771351948172,1.55357177974016,-1.15786110801151
KP0489_AC_WP20,WP20,WP,20,AA2,aa.aa.204,392,81.13850752,0,0.563367955,2.030165331,0.044249919,0.1,-0.930197209401634,1.34158290514492,-1.25927196222793
KP0490_AC_WP20,WP20,WP,20,AA2,aa.aa.187,717,85.20802747,0.006409973,0.773821593,3.10746941,0.036550112,0.1,-0.915445107341524,1.02910795964716,-1.34644606575201
KP0491_AC_WP20,WP20,WP,20,AA2,aa.aa.160,441,102.3475532,0,0.522304644,1.581314692,0.046890769,0.1,-1.07181526188828,1.04593883654882,-1.39227694223493
KP0492_AC_WP20,WP20,WP,20,AA2,aa.aa.160,10239,92.31311285,0.01423838,0.607104232,2.811861911,0.119964167,0.1,-1.20186728276488,0.871001489252806,-1.34007970520536
KP0493_AC_WP20,WP20,WP,20,AA2,aa.aa.160,383,75.76881453,0,0.66776025,3.008627589,0.033804956,0.1,-1.26266114819025,1.00354256218551,-1.33283371932719
KP0494_AC_WP20,WP20,WP,20,AA2,aa.aa.176,7639,103.9444953,0,0.685884828,2.374727795,0.100156727,0.1,-1.37189484838918,1.23470907194477,-1.52987302502749
KP0495_AC_WP20,WP20,WP,20,AA2,aa.aa.176,842,75.92022619,0,0.786533441,2.102214326,0.047840205,0.1,-1.22847856314129,1.30909557137655,-1.4595001547109
KP0499_AC_WP20,WP20,WP,20,AA2,aa.aa.160,897,86.20318748,0,0.765320603,2.661010385,0.035741149,0.1,-1.2704888494526,0.777111527393357,-1.27605459112519
KP0501_AC_WP20,WP20,WP,20,AA2,aa.aa.160,1420,82.12731259,0,0.611947473,2.150767246,0.063772773,0.1,-1.33849493249524,0.604570482071038,-1.24769185781587
KP0505_AC_WP20,WP20,WP,20,AA2,aa.aa.280,12662,38.69185131,0,0.665553754,2.357981892,0.145431859,0.1,-1.57133497832159,0.568591668932204,-1.31319587061664
KP0508_AC_WP20,WP20,WP,20,AA2,aa.aa.177,2018,33.12354109,0.007414839,0.502875121,2.143730865,0.073499008,0.1,-1.08235267099898,0.414975479984875,-1.45704443250744
KP0510_AC_WP20,WP20,WP,20,AA2,aa.aa.184,473,50.01622873,0,0.626422938,3.233884852,0.033360982,0.1,-0.629792092406845,-0.0835837170387655,-1.10131638607811
KP0512_AC_WP20,WP20,WP,20,AA2,aa.aa.184,585,107.0072449,0,0.742852503,2.474493234,0.041087147,0.1,-0.733652075837216,-0.210603148335075,-1.06595903822397
KP0513_AC_WP20,WP20,WP,20,AA2,aa.aa.184,63,68.86720766,0,0.494247552,1.482967168,0.016552957,0.1,-0.814504450948038,-0.253902266231599,-1.20996442037844
KP0515_AC_WP20,WP20,WP,20,AA2,aa.aa.129,2210,44.86904404,1.01487118,0.4796654,1.682274905,0.078737784,0.1,-0.855054782030145,-0.185636415684,-1.55149857855803
KP0516_AC_WP20,WP20,WP,20,AA2,aa.aa.129,849,82.79458124,0,0.632903872,2.006471081,0.047835997,0.1,-0.93995007023547,-0.234151866946354,-1.25941946765051
KP0521_AC_WP20,WP20,WP,20,AA2,aa.aa.175,3477,43.43247499,0,0.760263557,2.287912705,0.07821021,0.1,-1.53994183317951,-0.045475931308267,-1.13545333908424
KP0522_AC_WP20,WP20,WP,20,AA2,aa.aa.175,6129,124.7706355,0.011843058,0.706394391,2.732302393,0.09488896,0.1,-1.65285127248797,-0.46652960173479,-1.06364795119857
KP0523_AC_WP20,WP20,WP,20,AA2,aa.aa.142,2824,19.1200406,0.057045536,0.522198033,2.330019979,0.077808842,0.1,-1.61755452328382,-0.605039986058017,-1.19470776049556
KP0524_AC_WP20,WP20,WP,20,AA2,aa.aa.142,1599,43.96425731,0,0.775917654,2.056722787,0.054805363,0.1,-1.52215730757553,-0.651022695051581,-1.10525901854532
KP0526_AC_WP20,WP20,WP,20,AA2,aa.aa.162,3599,69.32862128,0.244599087,0.624880669,3.38239762,0.066340771,0.1,-1.3216309324437,-0.820215459626279,-0.988598863754095
KP0528_AC_WP20,WP20,WP,20,AA2,aa.aa.179,4112,78.30697033,0.059549221,0.665061699,2.861105925,0.079365199,0.1,-0.854645020866743,-0.64628996374401,-1.13578427988565
KP0529_LM_WP20,WP20,WP,20,admixed,93,312,19.51650556,0.070777006,0.425153094,1.495086941,0.039572574,0.1,-0.590282044412584,-0.985665405911674,-1.71784499538322
KP0530_AC_WP20,WP20,WP,20,AA2,aa.aa.179,358,87.34949149,0.104736261,0.629841485,3.397020422,0.025567452,0.1,-0.868927171430827,-0.706498851787411,-1.11058618497446
KP0532_AC_WP20,WP20,WP,20,AA2,aa.aa.162,9845,110.6706589,0,0.655259629,2.408921416,0.107389114,0.1,-1.28926609056494,-0.989712059239176,-0.964612983513186
KP0533_AC_WP20,WP20,WP,20,AA2,aa.aa.183,167,16.41121332,0,0.668306961,1.415733194,0.021640382,0.1,-1.05419998469655,-1.43964590252214,-0.915093226574312
KP0535_AC_WP20,WP20,WP,20,AA2,aa.aa.112,3912,29.00113648,0.068234723,0.471669418,1.756905931,0.084816322,0.1,-1.15596369219276,-1.58910567915617,-0.985194549661951
KP0536_AC_WP20,WP20,WP,20,AA2,aa.aa.241,7338,64.43299562,0.002319034,0.762893859,2.117420973,0.107977732,0.1,-1.48491576617617,-1.07527775833546,-1.17900856210524
KP0537_AC_WP20,WP20,WP,20,AA2,aa.aa.163,374,27.08427237,0,0.549558013,2.15714164,0.026961915,0.1,-1.41923343692007,-1.22202343813754,-1.17794195616451
KP0539_AC_WP20,WP20,WP,20,AA2,aa.aa.178,1717,93.55149456,0,0.781787105,3.007358306,0.066862937,0.1,-0.376632486460848,-2.35083398856215,-0.706273505442459
KP0540_AC_WP20,WP20,WP,20,AH1,ah.86,48,79.40336833,0.099649892,0.550007215,2.634643343,0.014346113,0.1,-0.248519408512214,-2.1481778994862,-0.850480159578002
KP0545_AC_WP20,WP20,WP,20,AA2,aa.aa.202,5637,107.9525186,0.460460671,0.481888064,2.165121383,0.095312584,0.1,-0.0126601643048632,-1.54312842698093,-1.30868553083104
KP0547_LM_WP20,WP20,WP,20,AL1,al.86,6589,52.06490472,0.214269015,0.535893575,1.777170343,0.123766436,0.1,-0.149199859375043,-1.43412533699211,-1.34297081325521
KP0548_LM_WP20,WP20,WP,20,AL1,al.75,22283,85.28572007,0.15775881,0.469769716,1.427841849,0.224747319,0.1,-0.545636127997635,-1.56751985319596,-1.59248731406208
KP0549_AC_WP20,WP20,WP,20,AA2,aa.aa.202,1695,30.19839089,0.398157435,0.410924955,2.051039552,0.062400678,0.1,-0.00523626198535545,-1.3761589799463,-1.32740767355763
KP0551_LM_WP20,WP20,WP,20,AL2,al.16,3614,7.087714066,0.296962149,0.337349317,1.292031494,0.096304213,0.1,0.231799609677905,-1.03207815704504,-1.7080784220083
KP0552_AC_WP20,WP20,WP,20,AH1,ah.65,3905,27.83190347,0,0.692024817,1,0.155734056,0.1,-0.0121321318459636,-0.679830041461052,-1.27260856900513
KP0554_AC_WP20,WP20,WP,20,AA2,aa.aa.209,7309,19.77821706,0.000140082,0.648713939,2.588927391,0.111378898,0.1,0.499452953234391,-0.0149882165826268,-1.5554949640113
KP0557_AC_WP20,WP20,WP,20,AL2,al.12,4150,49.26982241,0.632432266,0.425455943,1.376699502,0.089357327,0.1,0.667822273584842,1.08426280749372,-1.83870639116022
KP0558_LM_WP20,WP20,WP,20,AL2,al.48,17637,130.8275432,0.000812992,0.57983979,1.648214114,0.20877568,0.1,-0.225490562126763,1.37724489809449,-1.90529633825332
KP0559_AC_WP20,WP20,WP,20,AA1,aa.aa.16,2727,38.94449759,0.115867423,0.428888083,1.535223302,0.077039444,0.1,0.785159442443922,1.32441749666109,-1.84045272514122
KP0563_AC_WP20,WP20,WP,20,AA1,aa.aa.17,128,119.7805507,0.68098324,0.540790863,2.947756259,0.020147801,0.1,-2.59324903250091,7.27977595357812,-0.616744787934108
KP0568_AC_WP20,WP20,WP,20,AA2,aa.aa.137,644,70.40548652,0,0.604640193,2.484794996,0.045830184,0.1,-2.04781679129318,5.66376996961462,-0.983496338416711
KP0569_AC_WP20,WP20,WP,20,AA1,aa.aa.15,2967,26.62318023,0.008624764,0.528251676,2.62394436,0.064940489,0.1,-2.09477682552814,5.59906880951298,-1.08555216453323
KP0570_LM_WP20,WP20,WP,20,AL2,al.58,7506,32.3419859,0.000811159,0.425071151,1.575612718,0.139762695,0.1,-2.22397611246294,5.53305701345294,-1.28489907923544
KP0571_AC_WP20,WP20,WP,20,AA2,aa.aa.152,577,57.03611777,0.24238885,0.638174338,1.891457409,0.035877902,0.1,-2.43998491552989,4.93597314967622,-0.820691926565853
KP0572_AC_WP20,WP20,WP,20,AA2,aa.aa.153,1226,59.78948317,0,0.563840034,2.002664543,0.049217962,0.1,-1.7757273294891,4.69604670271442,-1.4452005916517
KP0575_AC_WP20,WP20,WP,20,AA1,aa.aa.14,5918,57.60681548,0,0.638012006,2.787101351,0.130679417,0.1,-1.16400092947407,2.65004841560268,-1.53574983262014
KP0579_AC_WP20,WP20,WP,20,AA2,aa.aa.210,1050,32.72284598,0.660943796,0.446499991,1.486663827,0.049469723,0.1,-1.33806167926104,2.26184874165262,-1.64328456805043
KP0581_AC_WP20,WP20,WP,20,AA1,aa.aa.9,532,94.07280215,0.308502587,0.513155731,1,0.048167724,0.1,-1.16927474407367,2.03655491115123,-1.73067050830831
KP0582_AC_WP20,WP20,WP,20,admixed,ah.88,30,121.9905451,0.043148539,0.725897255,2.083628288,0.009521634,0.1,-0.417547893217837,3.46867655899809,-1.21426351022628
KP0583_LM_WP20,WP20,WP,20,AA2,aa.aa.46,6160,114.0680344,0.301037547,0.490985276,1.843022907,0.132605128,0.1,-0.335803498357228,3.81683945788003,-1.59320499503665
KP0584_AC_WP20,WP20,WP,20,AA1,aa.aa.10,1399,86.46316835,0.061903327,0.557308861,2.189534454,0.063295344,0.1,-0.218652921706661,4.30395940082863,-1.75513499741022
KP0585_LM_WP20,WP20,WP,20,AL2,al.21,6477,119.5072674,0.000552927,0.76478015,1.69455252,0.134678833,0.1,-0.985152144350989,4.70756451642862,-1.56383441057393
KP0588_LM_WP20,WP20,WP,20,AL1,al.71,12237,101.8249376,0.328147174,0.494059535,1.890683452,0.186130665,0.1,-1.24042378089106,5.68981755262724,-0.967308028776584
KP0590_AC_WP20,WP20,WP,20,AA1,aa.aa.7,740,55.81365978,0.009260512,0.755455686,2.600972886,0.039657299,0.1,-2.27037023082877,7.02666727634623,-0.394364635078823
KP0591_AC_WP20,WP20,WP,20,AA1,aa.aa.7,235,52.81281848,0.204854333,0.49410018,2.412015838,0.032127635,0.1,-2.26323364458722,7.11208271032539,-0.526087139104035
KP0613_LM_SB20,SB20,SB,20,AL2,al.35,15915,67.35741862,0.009420605,0.592912259,2.299504264,0.154201696,0.1,0.180156564213797,-0.37032820877669,-1.62920080086942
KP0614_LM_SB20,SB20,SB,20,AL2,al.40,7912,120.0945538,0.480304155,0.364440692,2.149290594,0.112856415,0.1,0.212119244412301,1.04282693022681,-1.83100274926367
KP0616_LM_SB20,SB20,SB,20,AL2,al.18,3748,27.92908033,0.031995051,0.276672074,1.38205244,0.076378022,0.1,0.630276295935182,1.36226803275784,-1.6727934378473
KP0617_LM_SB20,SB20,SB,20,AL2,al.9,19934,36.69364405,0.002735025,0.573650653,2.49170548,0.178762502,0.1,-0.550779964543281,0.743204484265485,-2.17908527364302
KP0618_LM_SB20,SB20,SB,20,AL1,al.68,7487,99.94629522,0.354586282,0.552160565,2.414130675,0.109613359,0.1,0.616555390615592,1.78622466110509,-0.960512263781549
KP0620_LM_SB20,SB20,SB,20,AL2,al.30,10418,32.31174325,0.905183762,0.500873646,1.463055877,0.135146664,0.1,0.822051176326615,1.89184625814606,-1.02485861356677
KP0626_AC_SB20,SB20,SB,20,AA2,aa.aa.68,8638,26.94279021,0.015661612,0.673432317,2.043491816,0.12053656,0.1,1.0307972791563,2.0413329153734,-0.51926253171075
KP0629_LM_SB20,SB20,SB,20,AL2,al.55,5091,35.23791982,0.477471094,0.480086512,2.374494741,0.097634388,0.1,0.495330437409062,2.64897953574368,-0.855160781084464
KP0631_LM_SB20,SB20,SB,20,admixed,91,11053,14.12181821,0.325889709,0.251972057,1.517083483,0.14461323,0.1,0.354049538241818,2.95424420808765,-1.36590562081199
KP0636_AC_SB20,SB20,SB,20,AA2,aa.aa.333,1608,24.95663808,0,0.829093549,1.988463159,0.058943036,0.1,1.60656630814775,-6.84388915976574,-0.0893851199785705
KP0637_LM_SB20,SB20,SB,20,AL1,al.64,18361,43.90283976,0.001121549,0.621602249,1.885782823,0.148324258,0.1,0.602783515542779,-5.60627623384449,-1.27129713103836
KP0638_AC_SB20,SB20,SB,20,AA2,aa.aa.328,9666,71.41065978,0,0.506107593,1.841819614,0.126373101,0.1,1.86375833765683,-6.552437759747,-0.263631303660252
KP0639_LM_SB20,SB20,SB,20,AH1,ah.69,53408,128.8076793,0.340421314,0.427979436,2.136499819,0.292263626,0.1,0.629103778067655,-5.29547112948297,-1.1510368967688
KP0640_AC_SB20,SB20,SB,20,AA2,aa.aa.97,13705,45.95703501,0.081169842,0.48327496,2.591899059,0.129908484,0.1,2.17166070298143,-6.80037629609116,-0.280883647770457
KP0643_AC_SB20,SB20,SB,20,AA2,aa.aa.316,4810,4.002877778,0.007996379,0.621352741,1.736849536,0.076874079,0.1,0.1448608205911,-4.93788745398099,-1.53596495901965
KP0646_AC_SB20,SB20,SB,20,AA2,aa.aa.307,785,96.14495998,0,0.904506447,2.190474638,0.041002717,0.1,1.52299934910979,-5.92016128598039,-0.457568073908445
KP0647_AC_SB20,SB20,SB,20,AA2,aa.aa.86,1629,56.29868005,0,0.696483692,1.948209276,0.078099892,0.1,-0.332949228317773,-3.04950267835177,-1.35557076963794
KP0648_AC_SB20,SB20,SB,20,AA2,aa.aa.323,2835,45.03323376,0.131194611,0.61282359,2.465294498,0.056384982,0.1,1.62331710641229,-5.76537119286349,-0.521697077136244
KP0649_AC_SB20,SB20,SB,20,AA2,aa.aa.293,6503,7.727757806,0.12767941,0.520843117,2.169892184,0.107216378,0.1,0.236798263257576,-2.59801756037557,-1.3057483686566
KP0650_LM_SB20,SB20,SB,20,AL2,al.17,21942,32.72393264,0,0.608197129,2.583960367,0.155167491,0.1,1.93065229677546,-4.72885635824042,-0.200160738508593
KP0652_AC_SB20,SB20,SB,20,AA2,aa.aa.331,894,2.783224163,1.097851364,0.463735867,2.009944971,0.038368313,0.1,1.36881160487367,-4.28719461278394,-0.531122816903313
KP0654_AC_SB20,SB20,SB,20,AA2,aa.aa.325,11623,112.0289839,0.000887116,0.611062725,1.620417303,0.115891396,0.1,1.12378097632687,-4.00926309408741,-0.597080655960805
KP0657_LM_SB20,SB20,SB,20,AL2,al.6,3817,10.16950866,0.064811171,0.394044096,1.121193947,0.093492307,0.1,2.1075490185618,-11.2083023924721,-0.127563791295332
KP0658_AC_SB20,SB20,SB,20,AA2,aa.aa.95,4907,28.2858329,4.56e-07,0.575536191,1.75338185,0.069824519,0.1,1.68446914378986,-3.94899224501578,-0.560258456001293
KP0659_LM_SB20,SB20,SB,20,AL2,al.6,304,53.34483334,0.814467164,0.336116698,1.649578612,0.024859436,0.1,1.80093235848324,-11.1361396533512,-0.197158861336912
KP0660_AC_SB20,SB20,SB,20,AA2,aa.aa.95,257,123.7778833,0,0.824486652,1.622827265,0.026157851,0.1,1.79175655655347,-4.2372345584627,-0.41657620452135
KP0661_AC_SB20,SB20,SB,20,AA2,aa.aa.302,181,2.510961985,0,0.58926979,1.943306063,0.02251305,0.1,1.42213025988189,-10.4837492182636,-0.711568099756096
KP0662_AC_SB20,SB20,SB,20,AA2,aa.aa.326,10678,130.7728562,0.00644118,0.607623607,2.407594196,0.107260214,0.1,1.42240172815954,-3.1200581557095,0.123918427785589
KP0664_LM_SB20,SB20,SB,20,AL1,al.76,14662,27.91692424,0.060551528,0.485666722,2.349245435,0.160329114,0.1,0.810307026389616,-2.96267250081277,-1.136910111606
KP0665_AC_SB20,SB20,SB,20,AA2,aa.aa.317,5961,21.22152463,0,0.526642552,1.88530512,0.106708495,0.1,1.688233003372,-9.71362699066117,-0.103796621504445
KP0666_LM_SB20,SB20,SB,20,AL1,al.72,26361,11.28316778,0,0.675973326,2.336743641,0.213111277,0.1,0.84368861474813,-2.61418545689378,-1.04709017538895
KP0668_AC_SB20,SB20,SB,20,AA2,aa.aa.303,3768,12.50711651,0.002191082,0.416126269,2.079198442,0.093659147,0.1,0.913544708347814,-2.18761327226597,-0.922995636217806
KP0670_LM_SB20,SB20,SB,20,admixed,90,644,112.8658378,0.118328998,0.537281662,2.011537739,0.04169503,0.1,0.948385835150415,-1.98520358970739,-1.03749688456587
KP0676_LM_SB20,SB20,SB,20,AL1,al.66,37911,130.1585913,0.06699212,0.527535078,4.075729529,0.229061011,0.1,2.97236283486977,-10.8501168330434,0.408952122433016
KP0678_AC_SB20,SB20,SB,20,AA1,aa.aa.33,1512,41.83120164,0.025408101,0.475645384,2.56227101,0.054304452,0.1,2.45558399425861,-10.6337919340104,-0.0164157349945284
KP0679_AC_SB20,SB20,SB,20,AA2,aa.aa.37,1212,88.23398914,0.17832511,0.576386252,2.344238422,0.041571257,0.1,3.57986793166594,-14.6133791027509,1.34035398079941
KP0680_LM_SB20,SB20,SB,20,AL2,al.22,18367,34.6402519,0.10015238,0.466478196,2.209512392,0.16880613,0.1,2.18165565171375,-9.97553069803546,-0.193676614074234
KP0681_AC_SB20,SB20,SB,20,AA2,aa.aa.37,1264,123.8763296,0,0.736595014,2.324311999,0.052708686,0.1,3.40881469587871,-14.5318550050356,1.17816964778082
KP0682_LM_SB20,SB20,SB,20,AL2,al.2,8410,111.9022795,0.2178138,0.523127851,2.613096269,0.116044919,0.1,2.5393856964149,-10.1036523203306,0.144115624227171
KP0686_AC_SB20,SB20,SB,20,AA2,aa.aa.304,415,31.067878,0,0.884811651,1.957955624,0.034077483,0.1,2.69780732533267,-8.09185482101081,0.482277942778136
KP0688_AC_SB20,SB20,SB,20,AA2,aa.aa.43,10289,25.26036087,0,0.593693624,2.125397679,0.119798944,0.1,2.00339883539116,-7.98614430042085,0.16747346339606
KP0690_AC_SB20,SB20,SB,20,AA1,aa.aa.30,21977,29.79091481,0.051688734,0.522808713,2.854431295,0.184231337,0.1,1.64450784068698,-7.68835933690364,-6.17856389559096e-05
KP0691_AC_SB20,SB20,SB,20,AA2,aa.aa.96,273,62.05978763,0.626501933,0.439130729,2.311145322,0.035400946,0.1,2.68131001609332,-13.7696170039452,0.789668490643029
KP0693_AC_SB20,SB20,SB,20,AA2,aa.aa.96,11369,22.08139969,0.20793727,0.546586532,2.606006392,0.130112251,0.1,2.61330126836999,-13.7606536748055,0.505782558125137
KP0694_LM_SB20,SB20,SB,20,AL2,al.31,38996,38.70159381,0.015440804,0.435412351,2.272365073,0.227420023,0.1,1.30094468519172,-8.99006419356224,-1.11998007713453
KP0696_AC_SB20,SB20,SB,20,AA1,aa.aa.21,450,31.59083756,0.074967334,0.510919004,1.244002669,0.032738353,0.1,1.31436439022782,-8.5878840836985,-0.372643561383748
KP0698_AC_SB20,SB20,SB,20,AA2,aa.aa.44,27665,46.06975492,0.052145069,0.579575149,2.07818421,0.209178232,0.1,1.51773199650577,-7.8233796886334,-0.275498391544408
KP0699_AC_SB20,SB20,SB,20,AA2,aa.aa.96,752,98.91506433,0,0.505434049,1.738992797,0.040081728,0.1,2.83592330393593,-13.3919676560679,0.560897517756221
KP0703_AC_SB20,SB20,SB,20,AA2,aa.aa.49,5721,4.656784379,0.002320326,0.640498107,2.502719685,0.080678989,0.1,3.13777713423037,-13.0225655699656,0.642171205784153
KP0704_AC_SB20,SB20,SB,20,AA2,aa.aa.82,16513,11.47352844,0.104366633,0.535980632,1.964080065,0.138820851,0.1,2.43555264005574,-15.4044282248773,0.46026201691023
KP0706_LM_SB20,SB20,SB,20,AL2,al.25,12781,95.37613008,0.14066435,0.400811791,2.475590938,0.132564145,0.1,2.66022659830855,-14.8066521882965,0.302804120715478
KP0707_LM_SB20,SB20,SB,20,AL2,al.53,26278,3.65167243,0.356525822,0.250139262,2.315787895,0.187590649,0.1,3.45793270397865,-12.8461400893628,0.636935179663132
KP0708_AC_SB20,SB20,SB,20,AA2,aa.aa.296,2572,58.97555851,0.237336255,0.472468959,1.490205923,0.071586877,0.1,2.30224868550167,-14.9541740999362,0.323021478991469
KP0709_AC_SB20,SB20,SB,20,AA2,aa.aa.49,2632,42.38297626,0,0.630131835,2.507213469,0.064302982,0.1,3.43665543529177,-12.7049799437104,0.909433834674718
KP0712_AC_SB20,SB20,SB,20,AA2,aa.aa.236,13109,40.21261794,0.110299201,0.54361288,1.914230802,0.191436851,0.1,2.4662282802035,-14.1875710667361,0.452363227158928
KP0714_AC_SB20,SB20,SB,20,AA2,aa.aa.332,7751,102.3541855,0.138080277,0.509288792,2.584707015,0.092946832,0.1,1.88781798003729,-13.8254859680824,-0.0619398080467908
KP0716_LM_SB20,SB20,SB,20,AL1,al.87,40847,97.02852044,0.641729061,0.463930385,1.85316502,0.250020459,0.1,2.3324389631591,-12.6568144553092,0.30207395445426
KP0717_AC_SB20,SB20,SB,20,AA2,aa.aa.312,6867,17.13378986,0.000338681,0.772322027,1.499524201,0.11816257,0.1,2.6564356208124,-21.4401391654476,1.5448443654708
KP0718_LM_SB20,SB20,SB,20,AL2,al.23,5641,45.53164319,0.005248361,0.511981751,2.102882892,0.101149956,0.1,2.07090585229259,-12.1414186024007,-0.288250624151463
KP0720_AC_SB20,SB20,SB,20,AA2,aa.aa.87,3359,27.54642613,0,0.716046969,2.035099693,0.078106204,0.1,3.35799734307193,-21.4187691285635,1.79772897958335
KP0724_AC_SB20,SB20,SB,20,AA2,aa.aa.315,5981,123.8601012,0,0.664486037,3.137038143,0.093689435,0.1,3.47642111679824,-20.506755558932,1.5388353800765
KP0727_AC_SB20,SB20,SB,20,AA2,aa.aa.64,504,5.62563956,0.229525568,0.566967861,1.985782604,0.027645079,0.1,2.23921793764704,-19.9166709348275,0.717652583263914
KP0730_AC_SB20,SB20,SB,20,AA2,aa.aa.286,340,91.68663247,0.091668815,0.595294485,2.380441002,0.028180931,0.1,3.10520528018,-20.1746576409138,1.16950821323007
KP0731_LM_SB20,SB20,SB,20,AL1,al.62,16210,14.78701628,0.153747998,0.328751662,1.665293217,0.168651341,0.1,2.30821979269115,-17.5972942915361,-0.0582431855547034
KP0732_LM_SB20,SB20,SB,20,AL2,al.13,893,47.40532985,0.003058024,0.352561717,1.953905901,0.042090163,0.1,3.315607882565,-19.8342834489687,1.2648469658696
KP0734_AC_SB20,SB20,SB,20,AA2,aa.aa.297,4253,14.69087236,0.073747401,0.519663028,2.371479719,0.086124117,0.1,3.29344638994878,-19.4098559004021,1.65314822930126
KP0739_HU_WP10,WP10,WP,10,AH1,ah.74,97,10.42429984,0,0.568269528,1.132493228,0.017785244,0.1,1.62837438655165,0.884877955165772,-0.918785835611872
KP0740_HU_WP10,WP10,WP,10,AH1,ah.40,29,104.3343645,0.09100834,0.478532838,2.159959542,0.01080288,0.1,0.730498363907641,1.18710089398061,-1.15797096710083
KP0741_AC_WP10,WP10,WP,10,AA2,aa.aa.151,1219,19.66261183,0.03167464,0.526990811,1.255130102,0.076315803,0.1,1.93741027922038,0.52153933270816,-1.18176841271725
KP0742_AC_WP10,WP10,WP,10,AA2,aa.aa.188,1828,41.31794466,0,0.704046615,2.085273958,0.0648439,0.1,0.865312436585526,-0.0566292814035774,-1.48409035933383
KP0743_AC_WP10,WP10,WP,10,AA2,aa.aa.151,9123,85.59226683,0.246165868,0.459678468,2.666685163,0.136942687,0.1,1.62706146876499,0.337567707038047,-1.06989703853919
KP0744_HU_WP10,WP10,WP,10,AH3,ah.114,95,16.8812676,0.049714923,0.748829094,1.33213108,0.016700343,0.1,0.0981754273030218,0.0276731447716921,-1.60416854524242
KP0746_AC_WP10,WP10,WP,10,AA2,aa.aa.143,2385,8.167321288,0.145288243,0.467547354,1.689697583,0.089531898,0.1,0.327421918835474,-0.166005038628754,-1.86155313766047
KP0748_AC_WP10,WP10,WP,10,AA2,aa.aa.138,212,107.0688906,0.000481172,0.590321313,2.051002405,0.029264881,0.1,0.673455849467734,-1.42746138288169,-1.30301080553606
KP0751_AC_WP10,WP10,WP,10,AA2,aa.aa.223,952,24.91492805,0,0.687665881,1.522273271,0.04027083,0.1,2.02557285242578,-0.685595269738697,-1.49593695052393
KP0757_AC_WP10,WP10,WP,10,AA2,aa.aa.205,611,53.38971253,0.172050558,0.61998286,2.484823301,0.050894114,0.1,2.16305214792504,-2.55106645749544,-0.35836339738539
KP0758_AC_WP10,WP10,WP,10,AA2,aa.aa.120,4972,43.02181885,0.068506872,0.514412816,1.680067204,0.099150161,0.1,-0.310821608623895,-3.22738202947407,-0.74767036402083
KP0760_AC_WP10,WP10,WP,10,AA2,aa.aa.220,9390,40.55921698,0,0.448916043,2.559953611,0.132110171,0.1,-0.34887450603217,-3.44302484177293,-0.456126427694291
KP0764_HU_WP10,WP10,WP,10,AH1,ah.43,829,22.61519012,0.128063567,0.472887485,2.278666943,0.041575644,0.1,-0.699946273499091,-3.37473654634378,-0.745386881585188
KP0765_AC_WP10,WP10,WP,10,AL2,al.45,1656,56.77590348,0.753490905,0.462267955,1.610869023,0.062092478,0.1,0.237569777645862,-3.77573158226958,-0.0830637383329149
KP0767_AC_WP10,WP10,WP,10,AA2,aa.aa.271,3984,37.73470335,0.231069012,0.464801939,2.020468091,0.090301751,0.1,0.0623980185548054,-4.01356021990894,0.0498904907578172
KP0768_HU_WP10,WP10,WP,10,AH3,ah.111,331,35.72657266,0.540217494,0.489186492,2.118434071,0.027002647,0.1,-0.752340498143576,-3.67949798079659,-0.615319393796544
KP0769_AC_WP10,WP10,WP,10,AA1,aa.aa.23,79818,27.80208193,0,0.592410464,3.101846667,0.305259977,0.1,-0.0110599213564489,-4.05571320766549,0.276409840047592
KP0770_AC_WP10,WP10,WP,10,AH3,ah.113,72,118.0779567,0.392888992,0.495269006,2.155485425,0.015907475,0.1,-0.40499441408506,-3.86790348565465,0.103215712656758
KP0771_AC_WP10,WP10,WP,10,AA2,aa.aa.213,1281,21.79049916,0.48447304,0.47826948,2.124175963,0.061941154,0.1,0.0776650405628724,-4.45812421368004,-0.157317296765258
KP0774_AC_WP10,WP10,WP,10,AH2,ah.13,48,94.43689237,0.457197149,0.419923342,2.445981613,0.020919073,0.1,-0.911371739258872,-3.99806772617422,-0.516345595667251
KP0777_AC_WP10,WP10,WP,10,AA2,aa.aa.287,3929,126.706391,0.093345454,0.584547526,2.537529692,0.08174375,0.1,1.45701670453671,-3.12770792139138,-0.927643684551257
KP0779_AC_WP10,WP10,WP,10,AA2,aa.aa.237,2180,81.69313532,0,0.809737352,1.963234858,0.085007502,0.1,1.65339038959717,-3.45784732375676,-0.950020562933543
KP0782_AC_WP10,WP10,WP,10,AA2,aa.aa.135,7001,97.3323131,0,0.69084675,2.507012325,0.097368487,0.1,0.497431367702039,5.23121052844529,-1.79379046033325
KP0783_HU_WP10,WP10,WP,10,AH2,ah.4,330,79.99402365,0.017068362,0.562361735,2.076383925,0.029778566,0.1,0.0347989555891679,-3.51782414820938,-0.109926049669103
KP0785_AC_WP10,WP10,WP,10,admixed,ah.97,248,33.37312652,0.941386875,0.509265652,2.069398109,0.023108565,0.1,-0.200497723204239,-3.8140530888779,0.178913201052065
KP0786_HU_WP10,WP10,WP,10,admixed,ah.103,137,9.8781172,0,0.646278195,1.873784194,0.016239312,0.1,0.113957786506996,5.63180604340303,-2.20063019948958
KP0787_AC_WP10,WP10,WP,10,AA2,aa.aa.234,25528,106.1411617,0.000922253,0.625575456,2.204443486,0.225392343,0.1,0.777403736362856,6.03513836171457,-2.09831249831395
KP0788_AC_WP10,WP10,WP,10,AA2,aa.aa.135,175,36.39601541,0,0.689984652,1.79121054,0.023093145,0.1,0.389567162355562,5.33696771975967,-1.88117489022739
KP0789_HU_WP10,WP10,WP,10,AH1,ah.41,82,23.28070065,1.411687149,0.460014913,2.088566136,0.01430309,0.1,0.677412157588205,5.83711476668386,-2.03569980639365
KP0790_AC_WP10,WP10,WP,10,AA2,aa.aa.191,1480,65.15960475,0,0.53910529,2.103082623,0.054243875,0.1,0.323823315119757,5.57448233903483,-2.09667506310428
KP0792_AC_WP10,WP10,WP,10,AA2,aa.aa.191,2982,93.59281311,0.031183462,0.592306872,2.941128655,0.077749148,0.1,-0.169651564595142,5.10299493786536,-1.85967054104217
KP0793_AC_WP10,WP10,WP,10,AA2,aa.aa.157,1961,108.4499019,0.509169224,0.470053809,1.81655547,0.073076653,0.1,1.26474161314886,5.45976029214088,-2.31542315804869
KP0794_AC_WP10,WP10,WP,10,AA2,aa.aa.135,472,118.5329482,0,0.592769928,2.375851573,0.031369595,0.1,0.24462078491987,5.06966983555228,-1.90083237639606
KP0795_LM_WP10,WP10,WP,10,AL2,al.11,9246,31.08085162,0.098483282,0.374807749,1.701288479,0.130734505,0.1,1.43062204082776,5.07547519158229,-2.39271595243073
KP0797_AC_WP10,WP10,WP,10,AA2,aa.aa.206,1432,43.78916585,0.018901194,0.492223629,1.652236036,0.071796183,0.1,1.26218456291158,5.18290317850488,-2.28136613462511
KP0799_AC_WP10,WP10,WP,10,AA2,aa.aa.116,6739,79.79038527,0.030810957,0.551717671,1.759652956,0.113525538,0.1,1.06297997919452,5.1262501340299,-1.98450110923811
KP0800_AC_WP10,WP10,WP,10,AA2,aa.aa.135,1384,43.23064746,0.000428709,0.61555172,2.627374468,0.05234944,0.1,0.352956520709856,4.94303430028861,-1.75753008790243
KP0801_AC_WP10,WP10,WP,10,AA2,aa.aa.92,1096,18.57934467,0.823424174,0.457204798,2.017309358,0.060015132,0.1,0.868775602450655,4.95290656837095,-1.88882864973178
KP0802_AC_WP10,WP10,WP,10,AA2,aa.aa.150,649,87.29380666,0.866077911,0.462703251,3.076528633,0.039597321,0.1,0.558639148969831,4.75086893761929,-1.88614192025296
KP0803_HU_WP10,WP10,WP,10,admixed,ah.85,306,49.72658873,0.008874792,0.486574686,1.972283642,0.028802237,0.1,1.47246950124496,4.95321497944539,-2.29065760270803
KP0804_AC_WP10,WP10,WP,10,AA2,aa.aa.135,2636,103.9865953,0.200993854,0.529822638,2.67842467,0.068053588,0.1,0.554962490944482,4.67322054941803,-1.8730734098457
KP0805_HU_WP10,WP10,WP,10,AH1,ah.91,962,119.6233308,0.401545264,0.456965248,1.886581606,0.04235364,0.1,1.29014040882726,4.55428000586851,-1.93324082167842
KP0808_AC_WP10,WP10,WP,10,AA2,aa.aa.109,8464,97.71418276,0.002441996,0.601464776,2.611079831,0.096862638,0.1,0.171244051259245,4.49369009059117,-1.9241987429261
KP0810_AC_WP10,WP10,WP,10,AA2,aa.aa.150,938,50.5285213,0.066376233,0.496115781,2.270020994,0.045798079,0.1,0.535745318664891,4.32312472712436,-2.02749158188146
KP0811_AC_WP10,WP10,WP,10,AA2,aa.aa.198,660,14.2990364,0.301062694,0.516876484,1.670544778,0.041588186,0.1,0.980146493108966,4.24213782733251,-1.9208291540527
KP0812_AC_WP10,WP10,WP,10,AA2,aa.aa.115,3788,97.30720383,6.39e-05,0.535008986,3.106501853,0.092513491,0.1,0.687934556149253,4.14671681718286,-1.90961228493066
KP0815_AC_WP10,WP10,WP,10,AA2,aa.aa.229,16530,30.92799938,0.098723531,0.378022882,1.360820084,0.209986737,0.1,1.72422747598837,4.23235781598642,-2.04886154452032
KP0816_AC_WP10,WP10,WP,10,AA2,aa.aa.115,2107,37.1590155,0.744524323,0.465778937,2.725760352,0.073793562,0.1,0.721801618436741,4.17200734476009,-2.25849582865551
KP0823_AC_WP10,WP10,WP,10,AA2,aa.aa.140,8190,47.60472153,0,0.631287393,1.923911436,0.104907587,0.1,1.3142655503272,10.2458459275379,-2.76772054124139
KP0824_AC_WP10,WP10,WP,10,AA2,aa.aa.144,13053,31.25323791,0.371773402,0.481647204,2.352339882,0.180007805,0.1,0.462054678870823,11.7384281383955,-3.15981206210423
KP0831_HU_WP10,WP10,WP,10,AH1,ah.87,313,97.47874839,0.969444819,0.497975276,3.034545074,0.031041346,0.1,2.23813381503155,9.72492305871907,-2.68921824614487
KP0833_AC_WP10,WP10,WP,10,AA2,aa.aa.128,1743,39.44550749,0.06150011,0.539805652,3.080176102,0.045533483,0.1,2.18352010482988,9.73346747909432,-2.77070232030428
KP0835_AC_WP10,WP10,WP,10,AA2,aa.aa.128,3519,90.06884692,0.16362446,0.548006116,3.273922203,0.108192256,0.1,2.04681147913315,9.67433790804338,-2.96891132836867
KP0837_AC_WP10,WP10,WP,10,AA2,aa.aa.309,10947,45.35904604,0.713137574,0.7091672,1.391025124,0.175862577,0.1,2.1531871000145,9.22584616575305,-2.41778302050979
KP0845_AC_WP10,WP10,WP,10,AH1,ah.76,226,124.2604738,0.046133667,0.489526975,1.568781971,0.029421457,0.1,2.19288191923876,9.31814573772301,-2.00885078827116
KP0851_AC_WP10,WP10,WP,10,AL1,al.79,2639,98.32693668,0.023383169,0.523106376,2.57990873,0.072714088,0.1,1.69556102698047,8.62539687891064,-2.89891647394784
KP0857_AC_WP10,WP10,WP,10,AA2,aa.aa.242,35163,20.61097789,0.001163876,0.566794624,2.898150887,0.18667931,0.1,1.14077240641838,7.96773737974459,-2.44195173769988
KP0859_HU_WP10,WP10,WP,10,AH1,ah.46,347,112.028639,0.197625688,0.449366164,3.919067824,0.030187473,0.1,1.41540148200926,7.71200604681444,-2.13206814070913
KP0861_AC_WP10,WP10,WP,10,AA2,aa.aa.132,1601,108.9293967,0.005249967,0.462283645,3.050831874,0.061415036,0.1,1.42400799776851,7.65949268682797,-2.30099061937622
KP0879_AC_WP10,WP10,WP,10,AA2,aa.aa.148,2751,88.10052937,0,0.643433389,2.60317622,0.073647837,0.1,1.40005807658974,15.3387182428882,-3.75624391580823
KP0881_AC_WP10,WP10,WP,10,AA2,aa.aa.243,5596,16.68775917,0,0.72331956,2.508009216,0.092989537,0.1,1.35698846599617,14.7765479678305,-3.63376226864703
KP0883_AC_WP10,WP10,WP,10,AA2,aa.aa.166,8538,84.32856342,0.034904597,0.546405596,2.994536692,0.132002789,0.1,1.1310565302745,14.6289698751699,-3.39820015304849
KP0885_AC_WP10,WP10,WP,10,AA2,aa.aa.114,5450,71.83725228,0.010800602,0.569253104,2.312354379,0.097746786,0.1,0.883738112733166,14.4268058896328,-3.10331925490664
KP0887_AC_WP10,WP10,WP,10,AA2,aa.aa.114,7955,61.36823729,0.310628466,0.352058871,2.338944502,0.100533022,0.1,1.05698039293189,14.1997371770828,-3.5116442281248
KP0893_LM_WP10,WP10,WP,10,AL2,al.34,3483,96.83595169,0.006211346,0.505125313,1.367900999,0.1180499,0.1,1.38962044914815,12.6452181821463,-2.8637784434849
KP0895_AC_WP10,WP10,WP,10,AA2,aa.aa.239,32261,47.52845408,0.225451658,0.467948849,1.748256993,0.281533196,0.1,1.47036920606841,12.7498192069561,-2.92220040564701
KP0903_HU_WP10,WP10,WP,10,AH3,ah.108,274,33.69065301,0,0.681136467,1.640687392,0.023439329,0.1,0.456510051253135,12.9749062872413,-2.14329375440772
KP0950_AC_WP05,WP05,WP,5,AA2,aa.aa.281,10675,22.39711282,0.00116582,0.610432309,1.74229604,0.112416371,0.1,1.8005588324928,-11.0498838630042,-1.3329829853615
KP0954_HU_WP05,WP05,WP,5,AH3,ah.113,14,44.46696939,0.002043177,0.478710703,1.680224176,0.005557964,0.1,1.32896834117074,-11.6268475560087,-1.18899478675234
KP0956_HU_WP05,WP05,WP,5,admixed,ah.116,83,2.233749494,0,0.954145596,1.258837648,0.012239997,0.1,1.35811526728732,-11.7152784802952,-1.13412314849604
KP0958_HU_WP05,WP05,WP,5,AH3,ah.112,44,35.81469868,8.28e-05,0.35677761,1,0.010768505,0.1,1.41219583802206,-11.798510684653,-1.15019814139889
KP0962_AC_WP05,WP05,WP,5,AA2,aa.aa.230,5203,58.2929597,1.058404687,0.386535488,2.014991446,0.111212873,0.1,1.27023501489288,-12.3436488769052,-1.35199648596025
KP0963_HU_WP05,WP05,WP,5,AH1,ah.47,193,131.3709306,0,0.551922008,1.832139601,0.020197963,0.1,1.72589618910466,-12.6968160003003,-1.47990350811674
KP0965_AC_WP05,WP05,WP,5,AA2,aa.aa.122,74,86.70165655,0.052717121,0.544838929,2.780519051,0.012757732,0.1,2.0860218062542,-11.2183082740075,-1.25743820186313
KP0966_AC_WP05,WP05,WP,5,AA2,aa.aa.123,1805,23.59963485,0.002436617,0.391779336,2.17884487,0.053565578,0.1,2.25898679891379,-11.2465529828066,-1.34983879524928
KP0970_HU_WP05,WP05,WP,5,AH1,ah.79,103,37.87809926,0.153518045,0.480330508,1.89736786,0.015010789,0.1,0.807345914297976,-8.04333580588279,-1.57057573296427
KP0971_HU_WP05,WP05,WP,5,admixed,ah.104,159,14.43291193,0,0.468861122,1.475309148,0.018233408,0.1,0.653322880946265,-8.04164231484984,-1.52718104633247
KP0972_HU_WP05,WP05,WP,5,AH2,ah.16,150,44.58298428,0.005095955,0.553268043,1.480729667,0.018869295,0.1,0.62217910313346,-8.28533642892856,-1.55812784773794
KP0973_HU_WP05,WP05,WP,5,AH2,ah.17,222,61.03419041,0.00124061,0.52188566,1.748395791,0.022754524,0.1,0.657808797765655,-5.99974301384071,-1.65126925738417
KP0974_AC_WP05,WP05,WP,5,AA2,aa.aa.233,3841,6.931857905,0,0.739975795,1.601362175,0.087274938,0.1,-0.112872564345025,-3.3176939338106,-1.24003883737943
KP0977_AC_WP05,WP05,WP,5,AA2,aa.aa.149,138,37.53485171,0,0.749737288,1.627984503,0.016717264,0.1,-0.376664824147136,-3.56809679443094,-1.43476956887502
KP0978_AC_WP05,WP05,WP,5,AA2,aa.aa.272,5473,40.03345541,0,0.475108662,1.582029244,0.085486622,0.1,0.923926114665409,-0.551040023295104,-1.51960569024623
KP0979_HU_WP05,WP05,WP,5,AH2,ah.10,99,37.96170334,0,0.490019406,1.998965002,0.014101384,0.1,-1.68564305779978,5.77430361194856,-1.07828120209271
KP0980_HU_WP05,WP05,WP,5,AH2,ah.23,56,22.3705616,0,0.76028303,1.514679501,0.010425249,0.1,-0.912561471754469,3.19153788728154,-1.10696958956477
KP0981_AC_WP05,WP05,WP,5,AA2,aa.aa.196,3953,76.65467074,0.363457092,0.581436906,1.88485012,0.094319953,0.1,-0.719610465679743,3.18393058792843,-1.19337034069474
KP0982_AC_WP05,WP05,WP,5,AA2,aa.aa.216,11620,90.5222464,0,0.629103821,2.230846479,0.118924748,0.1,-0.45836441506861,3.79297441482483,-1.21268833146562
KP0983_AC_WP05,WP05,WP,5,AA2,aa.aa.80,1318,37.05926628,0.757004219,0.470282381,1.385575077,0.064631147,0.1,-1.05697502953856,6.68365618642666,-0.935530063148178
KP0984_HU_WP05,WP05,WP,5,AH3,ah.121,170,58.80834091,0.20816741,0.544149248,1.381610521,0.019629966,0.1,-1.095622542594,6.98133313104136,-0.970390068568265
KP0986_HU_WP05,WP05,WP,5,AH2,ah.19,105,116.7269603,0.056608626,0.592635922,1.779741914,0.015568365,0.1,-0.570054060187438,8.84523237261939,-1.03426690621973
KP0987_HU_WP05,WP05,WP,5,AH2,ah.14,51,114.2298871,0.156400822,0.686263101,1.373824896,0.009737762,0.1,-0.359060931500132,9.96539800906582,-0.957071303355914
