X,x,y,z
KP0950_AC_WP05,1.8005588324928,-11.0498838630042,-1.3329829853615
KP0952_HU_WP05,1.38514390149229,-11.5632652872502,-1.26092772321061
KP0954_HU_WP05,1.32896834117074,-11.6268475560087,-1.18899478675234
KP0955_HU_WP05,1.35206728390586,-11.6483942376872,-1.1694756561752
KP0956_HU_WP05,1.35811526728732,-11.7152784802952,-1.13412314849604
KP0957_HU_WP05,1.27955258641501,-11.6448124851074,-1.19869846676408
KP0958_HU_WP05,1.41219583802206,-11.798510684653,-1.15019814139889
KP0959_HU_WP20,1.53899433055507,-12.0070657120428,-1.24968664714324
KP0960_HU_WP05,1.74009382187792,-12.0171887546093,-1.22871677066607
KP0961_HU_WP05,1.33055148640256,-12.3434672265912,-1.39761742049258
KP0962_AC_WP05,1.27023501489288,-12.3436488769052,-1.35199648596025
KP0963_HU_WP05,1.72589618910466,-12.6968160003003,-1.47990350811674
KP0964_HU_WP05,2.02805968656398,-11.4357940865558,-1.26194538447341
KP0965_AC_WP05,2.0860218062542,-11.2183082740075,-1.25743820186313
KP0966_AC_WP05,2.25898679891379,-11.2465529828066,-1.34983879524928
KP0968_HU_WP05,1.69702391713149,-8.76896895392079,-1.50340850614046
KP0969_HU_WP05,0.223819431602996,-6.98975673610185,-1.61476656240483
KP0970_HU_WP05,0.807345914297976,-8.04333580588279,-1.57057573296427
KP0971_HU_WP05,0.653322880946265,-8.04164231484984,-1.52718104633247
KP0972_HU_WP05,0.62217910313346,-8.28533642892856,-1.55812784773794
KP0973_HU_WP05,0.657808797765655,-5.99974301384071,-1.65126925738417
KP0974_AC_WP05,-0.112872564345025,-3.3176939338106,-1.24003883737943
KP0975_AC_WP05,-0.448617462684874,-3.45015486903244,-1.46149955087165
KP0976_AC_WP05,-0.449179430339236,-3.66739372667964,-1.48863441924343
KP0977_AC_WP05,-0.376664824147136,-3.56809679443094,-1.43476956887502
KP0978_AC_WP05,0.923926114665409,-0.551040023295104,-1.51960569024623
KP0979_HU_WP05,-1.68564305779978,5.77430361194856,-1.07828120209271
KP0980_HU_WP05,-0.912561471754469,3.19153788728154,-1.10696958956477
KP0981_AC_WP05,-0.719610465679743,3.18393058792843,-1.19337034069474
KP0982_AC_WP05,-0.45836441506861,3.79297441482483,-1.21268833146562
KP0983_AC_WP05,-1.05697502953856,6.68365618642666,-0.935530063148178
KP0984_HU_WP05,-1.095622542594,6.98133313104136,-0.970390068568265
KP0985_HU_WP05,-1.0983827454744,7.01082535331886,-1.07178235485568
KP0986_HU_WP05,-0.570054060187438,8.84523237261939,-1.03426690621973
KP0987_HU_WP05,-0.359060931500132,9.96539800906582,-0.957071303355914
KP0988_AC_WP05,0.301683947719886,-3.37435510316088,-1.2631527512929
KP0989_AC_WP05,0.864919203879027,-0.923081439744272,-1.45140125800324
KP0739_HU_WP10,1.62837438655165,0.884877955165772,-0.918785835611872
KP0740_HU_WP10,0.730498363907641,1.18710089398061,-1.15797096710083
KP0741_AC_WP10,1.88518111099006,0.451186653687923,-1.1447122427117
KP0742_AC_WP10,0.865312436585526,-0.0566292814035774,-1.48409035933383
KP0743_AC_WP10,1.62706146876499,0.337567707038047,-1.06989703853919
KP0744_HU_WP10,0.0981754273030218,0.0276731447716921,-1.60416854524242
KP0745_AC_WP10,1.76689397160533,0.276795131354518,-1.42560604346801
KP0746_AC_WP10,0.327421918835474,-0.166005038628754,-1.86155313766047
KP0747_AC_WP10,1.91289734017444,-0.136000452738633,-1.6855166538666
KP0748_AC_WP10,0.673455849467734,-1.42746138288169,-1.30301080553606
KP0749_AC_WP10,1.50691712186414,-0.586526434141461,-1.19924651310669
KP0750_AC_WP10,0.316427474431064,-1.60814992156034,-0.968868594675874
KP0751_AC_WP10,2.02557285242578,-0.685595269738697,-1.49593695052393
KP0752_AC_WP10,0.357482835631321,-1.62106988200392,-1.16240205052279
KP0753_AC_WP10,2.28967128042356,-1.83752756612148,-1.44538753519176
KP0754_LM_WP10,-0.274283537862553,-3.53580842469665,-1.84619397949838
KP0755_AC_WP10,2.1716702094419,-2.24412852271792,-0.530347407833646
KP0756_AC_WP10,-0.0494753240430014,-3.10933056646661,-1.269009495008
KP0757_AC_WP10,2.16305214792504,-2.55106645749544,-0.35836339738539
KP0758_AC_WP10,-0.310821608623895,-3.22738202947407,-0.74767036402083
KP0759_AC_WP10,1.69210132482062,-2.73593961468921,-0.836612133731111
KP0760_AC_WP10,-0.34887450603217,-3.44302484177293,-0.456126427694291
KP0761_AC_WP10,0.395060948278301,-3.66601332915417,-0.313767538219303
KP0762_AC_WP10,-0.4082413577387,-3.62997405696231,-0.0876074682048242
KP0763_LM_WP10,0.840125945407179,-4.59279779742242,-1.19403422028749
KP0764_HU_WP10,-0.699946273499091,-3.37473654634378,-0.745386881585188
KP0765_AC_WP10,0.237569777645862,-3.77573158226958,-0.0830637383329149
KP0766_AC_WP10,-0.524505048387301,-3.88240437119012,-0.31283893455173
KP0767_AC_WP10,0.0623980185548054,-4.01356021990894,0.0498904907578172
KP0768_HU_WP10,-0.752340498143576,-3.67949798079659,-0.615319393796544
KP0769_AC_WP10,-0.0110599213564489,-4.05571320766549,0.276409840047592
KP0770_AC_WP10,-0.40499441408506,-3.86790348565465,0.103215712656758
KP0771_AC_WP10,0.0776650405628724,-4.45812421368004,-0.157317296765258
KP0772_AC_WP10,-0.778533793267572,-4.07842244634252,-0.228596743034884
KP0773_AC_WP10,0.362602615850298,-4.9785250202375,-0.260828114482689
KP0774_AC_WP10,-0.911371739258872,-3.99806772617422,-0.516345595667251
KP0775_HU_WP10,0.259547482152054,-4.3677816976246,-0.263996141890573
KP0777_AC_WP10,1.45701670453671,-3.12770792139138,-0.927643684551257
KP0778_AC_WP10,0.403178725412327,5.93316165909941,-2.06663458298856
KP0779_AC_WP10,1.65339038959717,-3.45784732375676,-0.950020562933543
KP0780_AC_WP10,0.542993605965522,5.70093260314131,-2.09695899828842
KP0781_AC_WP10,1.20168105560844,-3.39042754011596,-1.17901960405301
KP0782_AC_WP10,0.497431367702039,5.23121052844529,-1.79379046033325
KP0783_HU_WP10,0.0347989555891679,-3.51782414820938,-0.109926049669103
KP0784_AC_WP10,0.485991880533595,5.47859225064482,-2.02379862809937
KP0785_AC_WP10,-0.200497723204239,-3.8140530888779,0.178913201052065
KP0786_HU_WP10,0.113957786506996,5.63180604340303,-2.20063019948958
KP0787_AC_WP10,0.777403736362856,6.03513836171457,-2.09831249831395
KP0788_AC_WP10,0.389567162355562,5.33696771975967,-1.88117489022739
KP0789_HU_WP10,0.677412157588205,5.83711476668386,-2.03569980639365
KP0790_AC_WP10,0.323823315119757,5.57448233903483,-2.09667506310428
KP0791_AC_WP10,1.22121251846817,5.52429140764127,-2.03132674077404
KP0792_AC_WP10,-0.169651564595142,5.10299493786536,-1.85967054104217
KP0793_AC_WP10,1.26474161314886,5.45976029214088,-2.31542315804869
KP0794_AC_WP10,0.24462078491987,5.06966983555228,-1.90083237639606
KP0795_LM_WP10,1.43062204082776,5.07547519158229,-2.39271595243073
KP0797_AC_WP10,1.26218456291158,5.18290317850488,-2.28136613462511
KP0799_AC_WP10,1.06297997919452,5.1262501340299,-1.98450110923811
KP0800_AC_WP10,0.352956520709856,4.94303430028861,-1.75753008790243
KP0801_AC_WP10,0.868775602450655,4.95290656837095,-1.88882864973178
KP0802_AC_WP10,0.558639148969831,4.75086893761929,-1.88614192025296
KP0803_HU_WP10,1.47246950124496,4.95321497944539,-2.29065760270803
KP0804_AC_WP10,0.554962490944482,4.67322054941803,-1.8730734098457
KP0805_HU_WP10,1.29014040882726,4.55428000586851,-1.93324082167842
KP0806_AC_WP10,0.352730829457483,4.56754139553051,-1.93619441684609
KP0807_AC_WP10,1.08950313889135,4.45500001653822,-1.71981760931697
KP0808_AC_WP10,0.171244051259245,4.49369009059117,-1.9241987429261
KP0809_AC_WP10,1.53786173349783,4.52691909959074,-1.80317103652275
KP0810_AC_WP10,0.535745318664891,4.32312472712436,-2.02749158188146
KP0811_AC_WP10,0.980146493108966,4.24213782733251,-1.9208291540527
KP0812_AC_WP10,0.687934556149253,4.14671681718286,-1.90961228493066
KP0813_AC_WP10,1.38043083038455,4.01283218878669,-2.00270208231386
KP0815_AC_WP10,1.72422747598837,4.23235781598642,-2.04886154452032
KP0816_AC_WP10,0.721801618436741,4.17200734476009,-2.25849582865551
KP0817_AC_WP10,1.29447726395648,2.45345290725802,-1.71624450878869
KP0819_AC_WP10,1.593694199975,2.39030943329981,-2.09914963261523
KP0820_AC_WP10,0.916146384411233,2.41809934313953,-1.52804931327094
KP0823_AC_WP10,1.3142655503272,10.2458459275379,-2.76772054124139
KP0824_AC_WP10,0.462054678870823,11.7384281383955,-3.15981206210423
KP0825_AC_WP10,2.24422307145047,9.8314563692158,-3.02857324043868
KP0831_HU_WP10,2.23813381503155,9.72492305871907,-2.68921824614487
KP0833_AC_WP10,2.18352010482988,9.73346747909432,-2.77070232030428
KP0835_AC_WP10,2.04681147913315,9.67433790804338,-2.96891132836867
KP0837_AC_WP10,2.1531871000145,9.22584616575305,-2.41778302050979
KP0845_AC_WP10,2.19288191923876,9.31814573772301,-2.00885078827116
KP0849_AC_WP10,2.09315306387162,8.94610458786502,-2.89817214813154
KP0851_AC_WP10,1.69556102698047,8.62539687891064,-2.89891647394784
KP0853_AC_WP10,1.66228437091516,8.53425209151971,-2.81637026782942
KP0855_AC_WP10,1.41400654469463,8.27319599879624,-2.59408363496285
KP0857_AC_WP10,1.14077240641838,7.96773737974459,-2.44195173769988
KP0859_HU_WP10,1.41540148200926,7.71200604681444,-2.13206814070913
KP0861_AC_WP10,1.42400799776851,7.65949268682797,-2.30099061937622
KP0863_AC_WP10,1.0731184031722,7.4517766436911,-2.4142105104914
KP0879_AC_WP10,1.40005807658974,15.3387182428882,-3.75624391580823
KP0881_AC_WP10,1.35698846599617,14.7765479678305,-3.63376226864703
KP0883_AC_WP10,1.1310565302745,14.6289698751699,-3.39820015304849
KP0885_AC_WP10,0.883738112733166,14.4268058896328,-3.10331925490664
KP0887_AC_WP10,1.05698039293189,14.1997371770828,-3.5116442281248
KP0889_LM_WP10,1.28983064795143,12.9856122788143,-3.2788069763311
KP0891_AC_WP10,1.3072850518443,13.1408088104432,-3.36650567483227
KP0893_LM_WP10,1.38962044914815,12.6452181821463,-2.8637784434849
KP0895_AC_WP10,1.47036920606841,12.7498192069561,-2.92220040564701
KP0899_HU_WP10,0.717341231522745,12.7408469690816,-2.08600931915288
KP0903_HU_WP10,0.456510051253135,12.9749062872413,-2.14329375440772
KP0287_LM_WP20,-0.428616758837154,-12.4603782837032,-1.64722395808004
KP0288_LM_WP20,-0.349342651154643,-12.5738408092848,-1.81014857551634
KP0289_AC_WP20,-0.374238075419636,-12.743168740739,-1.70139149713129
KP0290_LM_WP20,-0.611203880239272,-12.9352797154562,-1.7803905600427
KP0291_AC_WP20,-0.339159521401105,-13.1006963046021,-1.7337527013261
KP0292_AC_WP20,-0.17376989386885,-13.124543090193,-1.41403480808359
KP0293_LM_WP20,0.67520138225962,-13.7392804300496,-2.01391102893833
KP0294_AC_WP20,0.481231916661684,-14.503197210237,-1.86607761531936
KP0295_AC_WP20,0.677648277192944,-14.5505667621971,-1.61477742915967
KP0296_AC_WP20,0.663469619853577,-14.8987334490681,-1.4943547266642
KP0297_AC_WP20,0.552363749945407,-14.928938492353,-1.51482151195635
KP0298_AC_WP20,0.389697851211125,-14.9243163184124,-1.74751118999892
KP0299_AC_WP20,0.642211539352307,-15.0246928105925,-1.54215977524498
KP0300_AC_WP20,0.596930728261232,-15.0760358966776,-1.60550270469763
KP0301_AC_WP20,0.321733799783625,-15.0565920376098,-1.68723204791437
KP0302_AC_WP20,0.452451013706905,-15.2216728486179,-1.85548293266555
KP0303_AC_WP20,0.320654884011907,-15.2443296047417,-1.69231982597479
KP0304_AC_WP20,0.389072357197985,-15.296248978968,-1.66362430619757
KP0305_AC_WP20,-0.89611090647311,-17.3415446920054,-0.422097635126159
KP0306_LM_WP20,0.665080175786675,-17.6608625352305,-1.66075395214906
KP0309_AC_WP20,1.12773547260251,-16.0308786727907,-1.5586135705468
KP0310_AC_WP20,1.20097495526735,-15.8467911388401,-1.33625370559507
KP0311_AC_WP20,1.21158975540811,-15.635025303378,-1.39010989311149
KP0312_AC_WP20,1.30118626670782,-15.7388996689957,-1.3973540587672
KP0313_AC_WP20,1.42110981428066,-15.7370306969556,-1.39915023985705
KP0315_AC_WP20,0.925696864746001,-14.3355865488621,-1.84756320195454
KP0316_AC_WP20,0.86050753452699,-14.316499877986,-1.9022221885098
KP0317_AC_WP20,0.808667194406927,-14.3794140252285,-1.95887279505229
KP0318_LM_WP20,0.596139652364366,-13.9649623843261,-2.11123777504845
KP0319_LM_WP20,0.918030461465147,-13.1838159147754,-2.14855420028255
KP0320_LM_WP20,0.911158221878648,-13.0490986132134,-2.15701489751759
KP0321_LM_WP20,0.906475604812749,-12.8590968654048,-1.78620775465129
KP0322_LM_WP20,0.08548546209004,-12.3401607098977,-1.91808014751695
KP0323_AC_WP20,-1.07700717221375,-8.06676761218726,-0.373331241802532
KP0324_AC_WP20,-1.14474243237903,-8.02906585837072,-0.335654018416491
KP0325_AC_WP20,-1.51652906078434,-8.22547398948427,-0.383008802768687
KP0326_AC_WP20,-1.77251466842969,-8.30683396964502,-0.275137099654976
KP0327_AC_WP20,-1.2774830998634,-8.19655068166203,-0.485966569635913
KP0328_LM_WP20,-1.84498366498948,-8.46893637788965,-0.643738830248964
KP0329_AC_WP20,-1.8782634101135,-8.63145168552815,-0.680795377375008
KP0330_LM_WP20,-1.50796308700722,-8.81626842953659,-0.845021610217482
KP0331_AC_WP20,-1.09083890885122,-8.78852278163062,-1.10603825102706
KP0332_AC_WP20,-1.08783236227601,-8.92302060474594,-1.01255935077848
KP0333_AC_WP20,-1.04713757225511,-8.97815816393359,-0.961624098727083
KP0334_AC_WP20,-0.967357461265892,-8.96134918466692,-1.04844151625071
KP0335_AC_WP20,-1.37999260770229,-9.1745266093241,-0.629783557136939
KP0336_AC_WP20,-1.44719455165479,-9.20188237295163,-0.63235811923428
KP0337_AC_WP20,-1.42229666801964,-9.30766812997533,-0.657018718132452
KP0338_AC_WP20,-1.19853192578186,-9.41636554734963,-0.694655820269007
KP0339_AC_WP20,-1.16865587748059,-9.40427788767054,-0.985037175549757
KP0340_AC_WP20,-1.04008904620466,-9.39876389900191,-1.01227387002626
KP0341_LM_WP20,-1.15361966387226,-9.30987293249689,-1.50207506599939
KP0342_LM_WP20,-1.02884926010223,-9.33543518008832,-1.54175781469879
KP0343_LM_WP20,-0.978419908934369,-9.43192503704119,-1.41660792013913
KP0344_LM_WP20,-0.593558846427077,-9.47149531765632,-1.55866071591653
KP0345_LM_WP20,-1.04145903743645,-9.83789255460956,-1.44365799631699
KP0346_AC_WP20,-0.790729652407347,-9.81361194236058,-1.41846236095353
KP0347_AC_WP20,-0.342806684339281,-9.80342172601508,-1.71130437222565
KP0348_LM_WP20,-0.500952659404622,-9.99395513242895,-1.72890722818425
KP0349_LM_WP20,-0.549467470374002,-10.2217819559383,-1.66102667303289
KP0350_LM_WP20,0.0308142439466644,-10.5791473771072,-1.8813332010005
KP0351_AC_WP20,-0.340319852344463,-10.8186843277225,-1.27943641634343
KP0352_AC_WP20,-0.0900629133603485,-10.8211473411655,-1.31066973907916
KP0353_AC_WP20,-0.307266615919526,-10.9808257703848,-1.23862379153854
KP0354_AC_WP20,-0.398044316116005,-10.9150019949677,-1.36239212464213
KP0355_AC_WP20,-1.25378819144615,-10.8864369047689,-1.11343539705843
KP0356_AC_WP20,-0.664926092357824,-11.3235660039834,-0.802585103759602
KP0357_AC_WP20,-1.02313830770487,-11.5417754208053,-0.84434546951938
KP0358_AC_WP20,-0.439685173758529,-11.5153064525157,-0.851466308102071
KP0359_AC_WP20,-0.838208068996143,-11.659844194529,-0.754100111463262
KP0360_AC_WP20,-0.973786077464965,-11.7136527921017,-0.803673427124717
KP0361_AC_WP20,-0.983106203400557,-11.7728694384844,-0.822365146950442
KP0362_AC_WP20,-0.890418149355485,-11.8750367546863,-0.812786581742613
KP0363_AC_WP20,-0.986787316274929,-11.9119476417431,-0.944694338097885
KP0364_AC_WP20,-0.493579501309785,-12.1061034887002,-0.509463550839717
KP0365_AC_WP20,-0.586526532118356,-11.8778850114608,-0.646355921538492
KP0366_AC_WP20,-0.570043835388235,-12.064412523919,-0.707006054670792
KP0367_AC_WP20,-0.34611500023997,-11.967141921432,-0.517841565807271
KP0368_AC_WP20,-0.279831925898032,-11.6288569042665,-0.767845515759352
KP0369_AC_WP20,-0.214590529491364,-11.8835400799894,-0.838168253618856
KP0370_AC_WP20,-0.402934859180722,-12.3088178010563,-1.10752542676549
KP0371_AC_WP20,-0.781386619898755,-12.2630379520474,-0.935494255745753
KP0372_AC_WP20,-0.956816418609325,-12.1909183125718,-0.82902661524314
KP0373_AC_WP20,-0.319375275990942,-12.025697023332,-0.845900386789894
KP0374_AC_WP20,0.68606790354108,-10.3576650222108,-1.73251220082941
KP0375_LM_WP20,0.295426077394873,-9.54625155640218,-1.75230434901338
KP0376_LM_WP20,0.25473558429,-9.28922074805518,-1.81619407470694
KP0377_LM_WP20,0.595174662787411,-9.40309231270462,-1.50628039172888
KP0378_AC_WP20,0.384490600604068,-9.02101725176634,-1.50474872733115
KP0379_AC_WP20,0.546979496151404,-8.99873061814462,-1.69092738564484
KP0380_LM_WP20,0.47726675505252,-8.76103627217364,-1.82772107331252
KP0381_AC_WP20,0.355735667817641,-8.68832676096821,-1.62781962177237
KP0382_AC_WP20,0.39284637087302,-8.55912988801683,-1.45469512140688
KP0383_AC_WP20,0.444916587315755,-8.51719836865189,-1.79225653738198
KP0384_AC_WP20,-0.959500178474363,-8.09564520724322,-0.983729998313713
KP0385_AC_WP20,-1.32920730766979,-2.77328541462941,-0.687697397973758
KP0386_AC_WP20,-1.3562045826457,-2.76614157703882,-0.643819047925323
KP0387_AC_WP20,-1.40633234463185,-2.78421850481651,-0.610997309574749
KP0388_AC_WP20,-1.41326596124146,-2.9329671946534,-0.662610701890737
KP0389_AC_WP20,-1.50646733930374,-3.11835335241554,-0.529968609820093
KP0390_AC_WP20,-1.47140196395919,-3.15373835362853,-0.578227583217549
KP0391_LM_WP20,-0.800492904989398,-3.2757350103579,-1.63478904565517
KP0392_AC_WP20,-0.551897625506717,-3.12845708342605,-1.65908841916124
KP0393_AC_WP20,-0.587195161795773,-3.19735623208187,-1.64176329982773
KP0394_AC_WP20,-0.628638690895036,-3.11892281839495,-1.56916540147867
KP0395_AC_WP20,-0.639641392416931,-3.21221052360258,-1.56528065026661
KP0396_AC_WP20,-0.695397754679003,-3.23788757731421,-1.59989646938757
KP0397_AC_WP20,-0.650235807005043,-3.26439431384831,-1.6005608082264
KP0399_LM_WP20,-1.30111471528272,-3.84101497274408,-1.97251661233437
KP0400_LM_WP20,-1.42074526200465,-4.18415163302116,-1.7812429609419
KP0401_AC_WP20,-1.85925372925267,-4.44579508522303,-1.5142932807328
KP0402_AC_WP20,-1.85244914969604,-4.47115799801352,-1.58848982779512
KP0403_LM_WP20,-1.87791893803714,-4.47453225103884,-1.670791523337
KP0404_AC_WP20,-1.54879552943099,-4.69793341625893,-1.84016935548314
KP0405_AC_WP20,-1.19617434809105,-4.87116717396635,-1.69733369640176
KP0450_AC_WP20,-0.943657865198668,-4.962344533706,-1.56608371399414
KP0451_LM_WP20,-1.89235887763795,-5.06778832363897,-1.60869563067524
KP0454_AC_WP20,-1.73801448138138,-5.90743738356075,-1.47528256966878
KP0455_AC_WP20,-1.37577374302387,-6.39629189310308,-1.10432232218447
KP0456_AC_WP20,-1.3198019432878,-6.59356246650063,-1.47917781929815
KP0457_AC_WP20,-1.3029213659779,-6.6168558415023,-1.74204810014172
KP0458_LM_WP20,-1.55635105854713,-6.89826596960333,-1.70543987799711
KP0459_LM_WP20,-1.50007124057509,-7.21182264610651,-1.71373209996532
KP0460_LM_WP20,-1.64523421037774,-7.17351770719295,-1.57713331786095
KP0461_AC_WP20,-1.36463637032529,-7.59380183600377,-0.979816961918368
KP0462_AC_WP20,-1.28171808926313,-7.63726863511575,-0.959540626623912
KP0463_AC_WP20,-1.46109239402317,-7.70921196410702,-0.71878184858458
KP0464_AC_WP20,-1.44804377771383,-7.86858413254266,-0.72694716384134
KP0465_AC_WP20,-1.27340865026589,-7.95660757449664,-0.681695890473419
KP0466_AC_WP20,-1.28444362487795,-7.88226087727368,-0.78645549412841
KP0467_AC_WP20,-0.872488682357113,-6.65209676052343,-0.951188852433634
KP0468_AC_WP20,-0.911061312510415,-6.85413997844355,-1.11029018032337
KP0470_AC_WP20,-0.137718403156246,-6.47890228527744,-1.46730179899805
KP0471_AC_WP20,-0.000150969661847618,-6.25161925496456,-1.7270284973485
KP0472_LM_WP20,-0.530635710335295,-4.81932847605984,-1.8142089247293
KP0473_LM_WP20,-0.440115167338887,-4.74063290928316,-1.58369117374918
KP0474_AC_WP20,-0.461484064128457,-4.77019037514963,-1.52036140362574
KP0475_AC_WP20,0.152082694932932,-3.47024467419827,-1.77125633898477
KP0476_AC_WP20,0.274564469372655,-3.40658709297958,-1.66147491061127
KP0477_AC_WP20,0.201930476534758,-3.29518686193626,-1.72828071138158
KP0478_AC_WP20,0.275226710202663,-3.24355862872048,-1.70206694022556
KP0479_AC_WP20,0.540649807377908,-2.94567379772312,-1.83834998789394
KP0480_AC_WP20,0.46857622609743,-2.64769448799494,-2.05068608119873
KP0481_AC_WP20,0.352248962678086,-2.63264119568379,-2.10247778624193
KP0482_LM_WP20,-0.100678514174841,-2.48501456016881,-2.0831743799743
KP0483_AC_WP20,-0.166899794293614,-2.19149533271714,-1.313351855366
KP0484_AC_WP20,-0.156375647806129,-2.07696680454018,-1.64606666470504
KP0485_AC_WP20,-0.836950998148259,2.01282360818242,-0.991718340569531
KP0486_AC_WP20,-0.731958551564801,1.84146040146379,-1.03935376409323
KP0487_AC_WP20,-1.09333074386612,1.78296147394626,-1.11496490208167
KP0488_AC_WP20,-1.15771351948172,1.55357177974016,-1.15786110801151
KP0489_AC_WP20,-0.930197209401634,1.34158290514492,-1.25927196222793
KP0490_AC_WP20,-0.915445107341524,1.02910795964716,-1.34644606575201
KP0491_AC_WP20,-1.07181526188828,1.04593883654882,-1.39227694223493
KP0492_AC_WP20,-1.20186728276488,0.871001489252806,-1.34007970520536
KP0493_AC_WP20,-1.26266114819025,1.00354256218551,-1.33283371932719
KP0494_AC_WP20,-1.37189484838918,1.23470907194477,-1.52987302502749
KP0495_AC_WP20,-1.22847856314129,1.30909557137655,-1.4595001547109
KP0499_AC_WP20,-1.2704888494526,0.777111527393357,-1.27605459112519
KP0500_AC_WP20,-1.25701349996687,0.795386548492738,-1.30194420499288
KP0501_AC_WP20,-1.33849493249524,0.604570482071038,-1.24769185781587
KP0502_AC_WP20,-1.42314266991119,0.541309959912641,-1.27019695067121
KP0503_AC_WP20,-1.24631282190223,0.509106977614768,-1.26638953209177
KP0504_AC_WP20,-1.49194349138097,0.504258162199631,-1.18224702576806
KP0505_AC_WP20,-1.57133497832159,0.568591668932204,-1.31319587061664
KP0506_AC_WP20,-1.44966654068251,0.350427218323664,-1.20707022076128
KP0507_AC_WP20,-1.29477135840574,0.402797063073362,-1.22600225795508
KP0508_AC_WP20,-1.08235267099898,0.414975479984875,-1.45704443250744
KP0509_AC_WP20,-0.636144814779113,-0.151042291803526,-1.04509489947213
KP0510_AC_WP20,-0.629792092406845,-0.0835837170387655,-1.10131638607811
KP0511_AC_WP20,-0.628119070648503,-0.189463558290598,-1.04716199763407
KP0512_AC_WP20,-0.733652075837216,-0.210603148335075,-1.06595903822397
KP0513_AC_WP20,-0.814504450948038,-0.253902266231599,-1.20996442037844
KP0514_AC_WP20,-0.892635637612692,-0.141740730605008,-1.32986657690421
KP0515_AC_WP20,-0.855054782030145,-0.185636415684,-1.55149857855803
KP0516_AC_WP20,-0.93995007023547,-0.234151866946354,-1.25941946765051
KP0517_AC_WP20,-0.893279316627037,-0.326208938631272,-1.32300072109625
KP0518_LM_WP20,-1.08817750276784,-0.453399652242828,-1.30965089380926
KP0519_AC_WP20,-1.40986118563193,-0.0753630266924664,-1.11222777276629
KP0520_AC_WP20,-1.41951735110237,-0.263287819055108,-1.05244062448466
KP0521_AC_WP20,-1.53994183317951,-0.045475931308267,-1.13545333908424
KP0522_AC_WP20,-1.65285127248797,-0.46652960173479,-1.06364795119857
KP0523_AC_WP20,-1.61755452328382,-0.605039986058017,-1.19470776049556
KP0524_AC_WP20,-1.52215730757553,-0.651022695051581,-1.10525901854532
KP0525_AC_WP20,-1.61064258649077,-0.764206060568283,-1.1233389144909
KP0526_AC_WP20,-1.3216309324437,-0.820215459626279,-0.988598863754095
KP0527_LM_WP20,-0.867990504461491,-0.744495449845734,-1.32148245454648
KP0528_AC_WP20,-0.854645020866743,-0.64628996374401,-1.13578427988565
KP0529_LM_WP20,-0.590282044412584,-0.985665405911674,-1.71784499538322
KP0530_AC_WP20,-0.868927171430827,-0.706498851787411,-1.11058618497446
KP0531_AC_WP20,-1.20992523454367,-0.859752160185741,-0.963000439659339
KP0532_AC_WP20,-1.28926609056494,-0.989712059239176,-0.964612983513186
KP0533_AC_WP20,-1.05419998469655,-1.43964590252214,-0.915093226574312
KP0534_AC_WP20,-0.967367794871927,-1.58560144708058,-0.853531678064136
KP0535_AC_WP20,-1.15596369219276,-1.58910567915617,-0.985194549661951
KP0536_AC_WP20,-1.48491576617617,-1.07527775833546,-1.17900856210524
KP0537_AC_WP20,-1.41923343692007,-1.22202343813754,-1.17794195616451
KP0538_AC_WP20,-1.41302371526568,-1.49390654708693,-0.951135987014136
KP0539_AC_WP20,-0.376632486460848,-2.35083398856215,-0.706273505442459
KP0540_AC_WP20,-0.248519408512214,-2.1481778994862,-0.850480159578002
KP0541_AC_WP20,-0.27121645742532,-2.12222517744806,-0.770473726373586
KP0542_LM_WP20,-0.430136197409672,-1.88205877524424,-1.43022061744247
KP0543_AC_WP20_d,0.0333805919911195,-1.68491311621793,-1.32616744401205
KP0544_AC_WP20,-0.0884159408061876,-1.68987871190503,-1.3889140950778
KP0545_AC_WP20,-0.0126601643048632,-1.54312842698093,-1.30868553083104
KP0547_LM_WP20,-0.149199859375043,-1.43412533699211,-1.34297081325521
KP0548_LM_WP20,-0.545636127997635,-1.56751985319596,-1.59248731406208
KP0549_AC_WP20,-0.00523626198535545,-1.3761589799463,-1.32740767355763
KP0549_AC_WP20_2,-0.00242963945761418,-1.00143640098632,-1.37468192426767
KP0550_LM_WP20,-0.0912463007442889,-1.10054554996415,-1.66159850588387
KP0551_LM_WP20,0.231799609677905,-1.03207815704504,-1.7080784220083
KP0552_AC_WP20,-0.0121321318459636,-0.679830041461052,-1.27260856900513
KP0553_AC_WP20,-0.405835520350623,-0.238220407491995,-1.32947144370087
KP0554_AC_WP20,0.499452953234391,-0.0149882165826268,-1.5554949640113
KP0555_AC_WP20,0.900176213269315,0.902067838219229,-1.42115119287606
KP0556_AC_WP20,1.13712581956542,0.764710848590985,-1.1383148010377
KP0557_AC_WP20,0.667822273584842,1.08426280749372,-1.83870639116022
KP0558_LM_WP20,-0.225490562126763,1.37724489809449,-1.90529633825332
KP0559_AC_WP20,0.785159442443922,1.32441749666109,-1.84045272514122
KP0560_AC_WP20,0.894255190521861,1.45698080031697,-1.82577105991719
KP0561_AC_WP20,-2.75063195391078,7.38123992263644,-0.646807051380907
KP0562_LM_WP20,-2.32046691215429,7.13548210927664,-0.803866428045997
KP0563_AC_WP20,-2.59324903250091,7.27977595357812,-0.616744787934108
KP0564_LM_WP20,-2.60460845184554,7.28794555928702,-0.687899015890349
KP0565_AC_WP20,-1.99654475675464,6.83609180195532,-1.07928805691155
KP0566_LM_WP20,-2.96147017630299,6.27903894185462,-0.831550818598141
KP0567_LM_WP20,-2.65139178501251,6.29920766487142,-0.805632685696426
KP0568_AC_WP20,-2.04781679129318,5.66376996961462,-0.983496338416711
KP0569_AC_WP20,-2.09477682552814,5.59906880951298,-1.08555216453323
KP0570_LM_WP20,-2.22397611246294,5.53305701345294,-1.28489907923544
KP0571_AC_WP20,-2.43998491552989,4.93597314967622,-0.820691926565853
KP0572_AC_WP20,-1.7757273294891,4.69604670271442,-1.4452005916517
KP0573_LM_WP20,-1.69175536178516,4.72220335091078,-1.53155219709982
KP0574_AC_WP20,-1.2505952977761,4.83352705305676,-1.5934017613399
KP0575_AC_WP20,-1.16400092947407,2.65004841560268,-1.53574983262014
KP0576_AC_WP20,-1.11544002550112,2.40771809464889,-1.57592660739251
KP0577_AC_WP20,-1.2759331228433,2.42924141539568,-1.47889344204374
KP0578_AC_WP20,-1.30468913476996,2.32966805731366,-1.53673799719153
KP0579_AC_WP20,-1.33806167926104,2.26184874165262,-1.64328456805043
KP0580_AC_WP20,-1.31255376890709,2.10999609622476,-1.53760117927545
KP0581_AC_WP20,-1.16927474407367,2.03655491115123,-1.73067050830831
KP0582_AC_WP20,-0.417547893217837,3.46867655899809,-1.21426351022628
KP0583_LM_WP20,-0.335803498357228,3.81683945788003,-1.59320499503665
KP0584_AC_WP20,-0.218652921706661,4.30395940082863,-1.75513499741022
KP0585_LM_WP20,-0.985152144350989,4.70756451642862,-1.56383441057393
KP0586_LM_WP20,-0.63552042411365,5.28458776310218,-1.89954697872065
KP0588_LM_WP20,-1.24042378089106,5.68981755262724,-0.967308028776584
KP0589_AC_WP20,-1.865002446857,6.25746625111421,-0.449670597676143
KP0590_AC_WP20,-2.27037023082877,7.02666727634623,-0.394364635078823
KP0591_AC_WP20,-2.26323364458722,7.11208271032539,-0.526087139104035
KP0051_AC_SB10,0.119885803106497,7.74534934405923,-1.69019183357702
KP0052_AC_SB10,0.0786982330751377,7.89129505892264,-1.82958964668798
KP0053_AC_SB10,-0.143401449325699,7.80131888515905,-1.74923014871352
KP0054_AC_SB10,-0.180129623584231,7.67211265108571,-1.68104038728439
KP0056_AC_SB10,-0.23634173236735,7.77663550188223,-1.85586588987349
KP0057_AC_SB10,-0.391530557919803,7.82076910895432,-1.88596167112688
KP0058_AC_SB10,0.105400713681096,6.91978786239197,-1.59635571703668
KP0059_AC_SB10,0.0786451580312489,6.88026818145194,-1.80639715639795
KP0061_AC_SB10,-0.447869374853038,6.66762575000404,-1.57609177884882
KP0062_AC_SB10,-0.5470370995263,6.64420826331243,-1.66880906366824
KP0064_AC_SB10,0.525931307563687,5.70548472249252,-1.61822634296779
KP0065_AC_SB10,0.618743860051322,5.424492132487,-1.72819371129057
KP0066_AC_SB10,0.527752052185194,5.28920149916346,-1.93668518626175
KP0067_LM_SB10,0.719859832992426,5.22000832374723,-1.80896422123185
KP0068_AC_SB10,0.837515560443271,5.44876938953888,-1.916481231051
KP0069_AC_SB10,0.774647543974711,5.70129474174327,-1.80890841922968
KP0070_AC_SB10,1.14421879417715,5.43796008394354,-2.2136062421693
KP0071_AC_SB10,1.38549908886275,5.55119744897925,-2.04859180111673
KP0072_AC_SB10,1.27587156924763,5.68038294455374,-1.87432419226699
KP0073_HU_SB10,1.38390960918955,6.02134119811652,-1.56775852139452
KP0074_AC_SB10,0.734657257763811,5.98246706220189,-1.6158841926359
KP0076_AC_SB10,0.724379669001078,6.08168620016972,-1.70832759816218
KP0077_AC_SB10,0.651873966071922,6.10961396095052,-1.62270798388223
KP0078_AC_SB10,0.960909934678501,6.27795419122283,-1.49665520581264
KP0079_LM_SB10,0.781074892696887,6.41240624617926,-1.42858156581097
KP0082_AC_SB10,0.832651831702633,6.96392916681262,-1.33992008654471
KP0083_AC_SB10,0.692254914347848,6.999038088509,-1.41981254795151
KP0084_AC_SB10,0.678284132339256,6.94420164811861,-1.57722407142126
KP0085_AC_SB10,0.593223226881412,6.70037731029816,-1.57788674087476
KP0086_LM_SB10,0.457108604897011,6.70268361437652,-1.621271259155
KP0087_AC_SB10,0.524331915966661,7.0049470242834,-1.61984585952866
KP0088_AC_SB10,0.162431992002475,6.9440360769339,-1.52189955611648
KP0089_AC_SB10,0.816738107447303,7.47313900776213,-1.40775531800009
KP0090_AC_SB10,0.635025592358112,7.38523188503904,-1.48827496458285
KP0091_HU_SB10,0.628978409311667,7.34192305843393,-1.61208203965839
KP0092_HU_SB10,0.875312243398897,7.57844140691108,-1.44084992513168
KP0093_HU_SB10,0.850093455473612,7.57700365582047,-1.51465427394799
KP0094_HU_SB10,0.818157959488579,7.61252773102643,-1.53721836016428
KP0095_AC_SB10,0.722744136249157,7.64408157553002,-1.53615657625314
KP0098_AC_SB10,0.534232076391161,7.65340626969408,-1.38797947165097
KP0099_AC_SB10,-1.6029779347626,10.6057595885983,-1.7726392192499
KP0100_AC_SB10,-0.783566109416362,10.7011732596329,-1.88913004889387
KP0101_AC_SB10,-1.23638996028426,9.74654578252309,-1.44799520722494
KP0102_AC_SB10,-0.467825821013722,9.16299926440477,-1.64734122505474
KP0103_AC_SB10,-0.333008800225261,9.06463413629596,-1.79512422972102
KP0104_AC_SB10,-0.524520186113342,8.91095475450481,-1.62205251086137
KP0105_AC_SB10,-0.730977514374107,8.93904781169042,-1.65566793209853
KP0107_AC_SB10,0.224773513307064,8.45423529337372,-2.0088134277926
KP0108_AC_SB10,0.126335511655955,8.58642707701247,-2.1188327845383
KP0109_LM_SB10,0.113491928224359,8.52818363379407,-2.27909815751236
KP0112_AC_SB10,0.125694129505821,8.95460016296047,-2.05618981010388
KP0113_LM_SB10,0.104347436115039,10.2245126945284,-2.52792102838568
KP0116_AC_SB10,-0.769926575082129,11.4792344382024,-2.1159610917723
KP0117_AC_SB10,-0.933231849352816,17.4555359068601,-2.23364691448931
KP0119_AC_SB10,-1.93983882961936,16.8645286312624,-1.69298210329248
KP0121_AC_SB10,-1.03147379610864,17.1902462060986,-2.0991919349682
KP0122_AC_SB10,-2.12176829849397,15.0128025702235,-1.62435765626169
KP0123_AC_SB10,-0.400486595598456,15.3060609605219,-1.9126579945512
KP0124_AC_SB10,-0.925953598098584,15.3920008989559,-1.92479025186169
KP0125_AC_SB10,-1.044431816703,15.4558614798209,-2.05508939629207
KP0126_AC_SB10,-0.46616828551399,17.2604130434063,-2.2115003473767
KP0127_AC_SB10,-0.657776884293641,17.544042009317,-2.18651313778315
KP0128_LM_SB10,-0.605798534563957,17.4045317208916,-2.42524088878573
KP0129_AC_SB10,-0.09976186237642,17.1310809959296,-2.48601988445417
KP0613_LM_SB20,0.180156564213797,-0.37032820877669,-1.62920080086942
KP0614_LM_SB20,0.212119244412301,1.04282693022681,-1.83100274926367
KP0615_AC_SB20,-0.404322772087984,0.364079572944393,-2.06461445101989
KP0616_LM_SB20,0.630276295935182,1.36226803275784,-1.6727934378473
KP0617_LM_SB20,-0.550779964543281,0.743204484265485,-2.17908527364302
KP0618_LM_SB20,0.616555390615592,1.78622466110509,-0.960512263781549
KP0619_AC_SB20,-0.422482864803886,0.946386420093312,-2.04267152843358
KP0620_LM_SB20,0.822051176326615,1.89184625814606,-1.02485861356677
KP0621_LM_SB20,-0.155291384783975,1.06034855767928,-1.98386581968977
KP0623_LM_SB20,-0.458562360371294,1.58122507175003,-2.30309579592052
KP0624_AC_SB20,0.920248602630977,2.00013667441762,-0.619458347216582
KP0626_AC_SB20,1.0307972791563,2.0413329153734,-0.51926253171075
KP0628_AC_SB20,1.21636586021325,2.22093846529825,-0.480905262935815
KP0629_LM_SB20,0.495330437409062,2.64897953574368,-0.855160781084464
KP0630_AC_SB20,0.85149595243463,2.34048347978159,-0.617560350238722
KP0631_LM_SB20,0.354049538241818,2.95424420808765,-1.36590562081199
KP0632_AC_SB20,1.05676877131433,2.16504198361819,-0.419396277503799
KP0633_AC_SB20,1.3313679325025,-6.61823897156583,-0.459101334602272
KP0635_AC_SB20,0.877420867601852,-6.44439934933559,-0.951397694072392
KP0636_AC_SB20,1.60656630814775,-6.84388915976574,-0.0893851199785705
KP0637_LM_SB20,0.602783515542779,-5.60627623384449,-1.27129713103836
KP0638_AC_SB20,1.86375833765683,-6.552437759747,-0.263631303660252
KP0639_LM_SB20,0.629103778067655,-5.29547112948297,-1.1510368967688
KP0640_AC_SB20,2.17166070298143,-6.80037629609116,-0.280883647770457
KP0641_LM_SB20,0.468921679963641,-5.18164857579833,-1.37851639592544
KP0642_AC_SB20,1.86356224150397,-6.27612571750181,-0.263235390777664
KP0643_AC_SB20,0.1448608205911,-4.93788745398099,-1.53596495901965
KP0644_AC_SB20,1.78416302394044,-6.13563956201886,-0.495212646298432
KP0646_AC_SB20,1.52299934910979,-5.92016128598039,-0.457568073908445
KP0647_AC_SB20,-0.332949228317773,-3.04950267835177,-1.35557076963794
KP0648_AC_SB20,1.62331710641229,-5.76537119286349,-0.521697077136244
KP0649_AC_SB20,0.236798263257576,-2.59801756037557,-1.3057483686566
KP0650_LM_SB20,1.93065229677546,-4.72885635824042,-0.200160738508593
KP0651_AC_SB20,0.0142516791460818,-2.46992044687791,-1.38747557234384
KP0652_AC_SB20,1.36881160487367,-4.28719461278394,-0.531122816903313
KP0654_AC_SB20,1.12378097632687,-4.00926309408741,-0.597080655960805
KP0655_LM_SB20,-0.744677354071638,-2.32062748164353,-2.03120144653312
KP0656_AC_SB20,1.3747318986727,-4.07442756230964,-0.51118782068163
KP0657_LM_SB20,2.1075490185618,-11.2083023924721,-0.127563791295332
KP0658_AC_SB20,1.68446914378986,-3.94899224501578,-0.560258456001293
KP0659_LM_SB20,1.80093235848324,-11.1361396533512,-0.197158861336912
KP0660_AC_SB20,1.79175655655347,-4.2372345584627,-0.41657620452135
KP0661_AC_SB20,1.42213025988189,-10.4837492182636,-0.711568099756096
KP0662_AC_SB20,1.42240172815954,-3.1200581557095,0.123918427785589
KP0663_AC_SB20,1.54115078218118,-10.1848084430374,-0.345030571422584
KP0664_LM_SB20,0.810307026389616,-2.96267250081277,-1.136910111606
KP0665_AC_SB20,1.688233003372,-9.71362699066117,-0.103796621504445
KP0666_LM_SB20,0.84368861474813,-2.61418545689378,-1.04709017538895
KP0668_AC_SB20,0.913544708347814,-2.18761327226597,-0.922995636217806
KP0670_LM_SB20,0.948385835150415,-1.98520358970739,-1.03749688456587
KP0672_AC_SB20,0.351335558672693,-2.05369241918742,-1.03469184480348
KP0674_AC_SB20,0.430946622843621,-1.87641734530496,-0.99676754532682
KP0676_LM_SB20,2.97236283486977,-10.8501168330434,0.408952122433016
KP0678_AC_SB20,2.45558399425861,-10.6337919340104,-0.0164157349945284
KP0679_AC_SB20,3.57986793166594,-14.6133791027509,1.34035398079941
KP0680_LM_SB20,2.18165565171375,-9.97553069803546,-0.193676614074234
KP0681_AC_SB20,3.40881469587871,-14.5318550050356,1.17816964778082
KP0682_LM_SB20,2.5393856964149,-10.1036523203306,0.144115624227171
KP0683_AC_SB20,3.67308822107942,-14.2364686701269,1.18141005996454
KP0684_LM_SB20,2.10596699898978,-10.9005004431879,-0.119351191176595
KP0685_AC_SB20,2.66399223671816,-14.4146592447425,0.619264433676683
KP0686_AC_SB20,2.69780732533267,-8.09185482101081,0.482277942778136
KP0687_AC_SB20,2.92484398073214,-14.291968367003,0.670001459795352
KP0688_AC_SB20,2.00339883539116,-7.98614430042085,0.16747346339606
KP0689_AC_SB20,2.69882310934762,-13.9435619576848,0.710233444909922
KP0690_AC_SB20,1.64450784068698,-7.68835933690364,-6.17856389559096e-05
KP0691_AC_SB20,2.68131001609332,-13.7696170039452,0.789668490643029
KP0692_AC_SB20,1.71220839850097,-8.48893428908371,-0.0931606770303151
KP0693_AC_SB20,2.61330126836999,-13.7606536748055,0.505782558125137
KP0694_LM_SB20,1.30094468519172,-8.99006419356224,-1.11998007713453
KP0695_AC_SB20,2.83977572213595,-13.6815979450876,0.741903025022825
KP0696_AC_SB20,1.31436439022782,-8.5878840836985,-0.372643561383748
KP0697_AC_SB20,2.90330926978553,-13.487226370316,0.642929994215367
KP0698_AC_SB20,1.51773199650577,-7.8233796886334,-0.275498391544408
KP0699_AC_SB20,2.83592330393593,-13.3919676560679,0.560897517756221
KP0700_LM_SB20,1.40704757358723,-7.77344658239469,-0.685139609512838
KP0702_AC_SB20,2.22800242538151,-15.8697195632059,0.532566593957755
KP0703_AC_SB20,3.13777713423037,-13.0225655699656,0.642171205784153
KP0704_AC_SB20,2.43555264005574,-15.4044282248773,0.46026201691023
KP0706_LM_SB20,2.66022659830855,-14.8066521882965,0.302804120715478
KP0707_LM_SB20,3.45793270397865,-12.8461400893628,0.636935179663132
KP0708_AC_SB20,2.30224868550167,-14.9541740999362,0.323021478991469
KP0709_AC_SB20,3.43665543529177,-12.7049799437104,0.909433834674718
KP0710_AC_SB20,2.47200634761638,-14.5953784578439,0.297920603332424
KP0711_AC_SB20,3.41854402285741,-12.3074029511555,1.10074074325658
KP0712_AC_SB20,2.4662282802035,-14.1875710667361,0.452363227158928
KP0714_AC_SB20,1.88781798003729,-13.8254859680824,-0.0619398080467908
KP0715_LM_SB20,2.32449741810487,-12.2130095708822,-0.215613352060533
KP0716_LM_SB20,2.3324389631591,-12.6568144553092,0.30207395445426
KP0717_AC_SB20,2.6564356208124,-21.4401391654476,1.5448443654708
KP0718_LM_SB20,2.07090585229259,-12.1414186024007,-0.288250624151463
KP0719_AC_SB20,2.59906099132217,-20.7676826823754,1.46032827658836
KP0720_AC_SB20,3.35799734307193,-21.4187691285635,1.79772897958335
KP0721_AC_SB20,2.8717719869315,-20.8658725707474,1.61884372455017
KP0722_AC_SB20,3.02909436779278,-20.6549422776422,1.60544317656624
KP0723_AC_SB20,2.79442379822636,-20.3308868971275,1.17827285723321
KP0724_AC_SB20,3.47642111679824,-20.506755558932,1.5388353800765
KP0725_LM_SB20,2.24778123331883,-20.2847589037666,0.549109248443957
KP0726_AC_SB20,3.04660263823034,-20.4282972030861,1.19720980205378
KP0727_AC_SB20,2.23921793764704,-19.9166709348275,0.717652583263914
KP0728_AC_SB20,3.51811353770721,-20.0898746856363,1.56163274985706
KP0729_LM_SB20,2.32682505142756,-17.8866897295797,0.232296738706007
KP0730_AC_SB20,3.10520528018,-20.1746576409138,1.16950821323007
KP0731_LM_SB20,2.30821979269115,-17.5972942915361,-0.0582431855547034
KP0732_LM_SB20,3.315607882565,-19.8342834489687,1.2648469658696
KP0733_LM_SB20,1.94448158741793,-17.6936304250911,-0.0811357924573101
KP0734_AC_SB20,3.29344638994878,-19.4098559004021,1.65314822930126
KP0736_AC_SB20,3.4866064886519,-18.8010909638984,1.78077915176652
KP0130_AC_SB05,-2.6260786324199,-2.75032488203849,-1.46977703062335
KP0132_HU_SB05,-2.29098352930738,-5.33713984027008,-1.55181341417078
KP0133_HU_SB05,-2.18561247184243,-5.37640712179102,-1.70320336127413
KP0134_HU_SB05,-2.17543193776576,-5.32311763967307,-1.82920738179593
KP0135_HU_SB05,2.1609959829458,5.19520669325358,-0.495499651159649
KP0137_HU_SB05,4.06809803449766,7.14964352248287,-0.361755344281526
KP0138_HU_SB05,4.08667725851545,7.07476248947765,-0.382604373369581
KP0139_HU_SB05,4.20878068384282,6.46748503998727,-0.45316326957064
KP0140_HU_SB05,4.23504865742296,6.53153487909505,-0.461583163152034
