,X,outcrop_prop,z,environment_rugosity_sqrt,colony_elevation_corr,overhang_prop_2,area_sqrt,Clusters,Individual,colony_points,area,colony_rugosity_sqrt,colony_rugosity,site,environment_rugosity
1,3,0.539804679330641,-1.82958964668798,1.56571417129468,61.9554084473218,0.832445044544538,0.126571070806097,AA2,KP0052_AC_SB10,3323,0.0160202359650021,1.08547540195273,1.17825684824444,SB10,2.45146086619299
2,4,0.556741071506086,-1.74923014871352,1.50116394748593,62.9579760166927,0,0.0615414188170139,AA2,KP0053_AC_SB10,475,0.00378734623001112,1.36976101428577,1.87624523625717,SB10,2.25349319723155
3,5,0.62957570559056,-1.68104038728439,1.43917832647789,59.0148623588466,0.0329042936279213,0.04216225888219,AA2,KP0054_AC_SB10,259,0.00177765607404881,1.41989924992671,2.01611387994243,SB10,2.07123425540371
4,7,0.511586180495721,-1.85586588987349,1.45962711888565,76.2366602506637,0.0858302712859701,0.0353533901059636,AA2,KP0056_AC_SB10,179,0.00124986219198445,1.08947309834732,1.18695163202251,SB10,2.13051132618643
5,8,0.465354019234736,-1.88596167112688,1.42747121878146,56.4685975811402,0.00396799000225506,0.134499124219269,AA2,KP0057_AC_SB10,2790,0.0180900144157505,1.46868468908126,2.15703471594171,SB10,2.03767408044942
6,9,0.523242682296417,-1.59635571703668,1.50124904855295,28.7279653841689,0.042436056026413,0.127231512898589,AA2,KP0058_AC_SB10,3560,0.0161878578744639,1.18178366507064,1.39661263102779,SB10,2.25374870578113
7,10,0.405227609485278,-1.80639715639795,1.42089170018031,78.7005942342421,0.0059734476703624,0.04105810668814,AA2,KP0059_AC_SB10,195,0.00168576812481469,1.40389376862277,1.97091771357784,SB10,2.0189332236413
8,12,0.664029307614481,-1.57609177884882,1.42247657899773,65.8756330044527,0,0.209731450988785,AA2,KP0061_AC_SB10,5657,0.0439872815338611,1.46020517031721,2.13219913942111,SB10,2.02343961779708
9,13,0.577539620495924,-1.66880906366824,1.41908979887087,37.6936893430469,0.026302929746781,0.159798640695643,AA2,KP0062_AC_SB10,3337,0.0255356055681753,1.35422303076139,1.83392001704457,SB10,2.01381585725936
10,15,0.56289947565331,-1.61822634296779,1.50727703057904,35.5750219648479,0.00606137263680401,0.124056376881984,AA2,KP0064_AC_SB10,2784,0.0153899846450849,1.25821257218859,1.58309887681342,SB10,2.27188404691115
11,16,0.652731289738173,-1.72819371129057,1.56150995992234,56.7715732922272,0,0.0756634121152086,AA2,KP0065_AC_SB10,759,0.0057249519329159,1.19333826481797,1.42405621427877,SB10,2.43831335493667
12,17,0.592523237354039,-1.80890841922968,1.55458058683674,57.086481657234,0.0086338431354409,0.443876382022687,AA2,KP0069_AC_SB10,40252,0.197026242517551,1.22935944158362,1.5113246366108,SB10,2.41672080096967
13,18,0.539870108004503,-2.2136062421693,1.51855449628569,72.8945730094542,0.897910001466128,0.133240773268528,AA2,KP0070_AC_SB10,2612,0.0177531036611954,1,1,SB10,2.30600775818949
14,19,0.523186064831443,-1.87432419226699,1.49093303850186,29.8836070455347,0.0784470866137128,0.0647211865840077,AA2,KP0072_AC_SB10,1306,0.00418883199284194,1.19336727794261,1.42412546006415,SB10,2.22288132529639
15,619,0.560979164714075,-1.56775852139452,1.43796751126734,38.9366838912543,0,0.0338682464091158,AH1,KP0073_HU_SB10,161,0.00114705811482858,1.08326937495911,1.1734725387243,SB10,2.06775056346038
16,20,0.453068036973718,-1.6158841926359,1.55668905588432,61.5010536200124,0,0.0717297995666364,AA2,KP0074_AC_SB10,1022,0.00514516414586982,1.27912121012788,1.63615107019902,SB10,2.42328081671001
17,21,0.398182677403197,-1.62270798388223,1.52276734553194,63.6573528671884,0.297770478207871,0.0419554226822969,AA2,KP0077_AC_SB10,541,0.0017602574924502,1,1,SB10,2.31882038861839
18,22,0.490174119963284,-1.49665520581264,1.53838126253738,47.3614189046729,0.764702293878655,0.0568814330144258,AA2,KP0078_AC_SB10,584,0.00323549742177461,1.25045443916773,1.56363630443429,SB10,2.3666169089261
19,621,0.429232542726878,-1.57722407142126,1.49303643382113,24.0723940353081,0.554787438928127,0.0427598259112013,AH2,KP0084_AC_SB10,384,0.00182840271195624,1.10580985560764,1.222815436759,SB10,2.2291577927173
20,513,0.44751717301079,-1.621271259155,1.57819170017974,40.2437307947275,1,0.190868520446915,AL2,KP0086_LM_SB10,4794,0.0364307920975946,1.23496379919397,1.52513558531959,SB10,2.49068904251622
21,25,0.467446273746177,-1.52189955611648,1.52097385456402,83.8596484057675,0.040848103926985,0.177315406804948,AA2,KP0088_AC_SB10,5483,0.0314407534904041,1.3523177095025,1.82876318743409,SB10,2.31336146626732
22,26,0.479475613674689,-1.40775531800009,1.48208042336906,3.06644576723615,0.723340165779831,0.106560263273995,AA2,KP0089_AC_SB10,5868,0.0113550897090231,1.10926333332753,1.23046514266491,SB10,2.19656238133382
23,622,0.584287609941078,-1.48827496458285,1.53477059332202,3.56394900502435,0,0.0491195631628122,AH1,KP0090_AC_SB10,354,0.0024127314853055,1.27304729422014,1.62064941332122,SB10,2.35552077412603
24,27,0.467589513189017,-1.53615657625314,1.58346140137917,37.2758874725553,0.564186411494713,0.0520197080249976,AA2,KP0095_AC_SB10,378,0.002706050023006,1.09982982565033,1.20962564539004,SB10,2.50735000965767
25,626,0.527049393310335,-1.38797947165097,1.52615870136903,36.6779968495188,0.247548481376128,0.0668979357020441,AH1,KP0098_AC_SB10,635,0.00447533380119482,1.12008728628328,1.25459552889343,SB10,2.32916038176441
26,627,0.398873441222072,-1.7726392192499,1.4416029132972,66.8929526923054,0.655525652600983,0.020216235632765,AH1,KP0099_AC_SB10,161,0.000408696183159477,1,1,SB10,2.07821895962697
27,28,0.648244825793487,-1.88913004889387,1.4999226881803,89.9078294518996,0,0.0573892919610458,AA2,KP0100_AC_SB10,630,0.00329353083179015,1.32971443593243,1.7681404811271,SB10,2.24976807051802
28,29,0.811689154388046,-1.44799520722494,1.37338784987701,81.5290018622406,0,0.136848668642117,AA2,KP0101_AC_SB10,3022,0.01872755810912,1.37290582597283,1.88487040699013,SB10,1.88619418618979
29,30,0.718613368917251,-1.64734122505474,1.45808159763436,65.6730587516997,0,0.214615943471755,AA2,KP0102_AC_SB10,15036,0.0460600031922714,1.32903575025614,1.76633602545891,SB10,2.12600194535995
30,31,0.643341792493693,-1.79512422972102,1.54835839352223,80.7203099627396,0.414069533665469,0.0814282262874929,AA2,KP0103_AC_SB10,1325,0.00663055603632714,1.2107278861644,1.46586201433613,SB10,2.39741371479073
31,32,0.783866115936178,-1.62205251086137,1.50923834340324,65.0050581683842,0,0.103347419482032,AA2,KP0104_AC_SB10,1774,0.010680689113595,1.5325731434746,2.34878044009961,SB10,2.27780037719856
32,33,0.736011111127654,-1.65566793209853,1.49313410182193,71.6364441714671,0.0179673224069247,0.0559758017936046,AA2,KP0105_AC_SB10,950,0.00313329038643691,1.02475719669049,1.05012731216896,SB10,2.22944944602357
33,34,0.482516159564963,-2.27909815751236,1.41697334835482,24.7113156772829,0.800539353379114,0.158627302999548,AA2,KP0109_LM_SB10,4067,0.0251626212569104,1.15626835722944,1.33695651393006,SB10,2.00781346994788
34,35,0.509018130095845,-2.05618981010388,1.48091199055456,29.2006607164988,0.249089279079333,0.0683085848910715,AA2,KP0112_AC_SB10,1254,0.00466606276982072,1.20373902667936,1.44898764435096,SB10,2.19310032376828
35,37,0.435920343710532,-2.1159610917723,1.21389621828508,53.6469304424457,0,0.14769727047463,AA2,KP0116_AC_SB10,3076,0.021814483705656,1.51816180138933,2.30481525519771,SB10,1.47354402876682
36,38,0.587230589360881,-2.23364691448931,1.43392590755951,43.5532245542372,0.310364027605899,0.096300894833013,AA2,KP0117_AC_SB10,1753,0.00927386234563902,1.11475361710275,1.24267562684367,SB10,2.05614350837036
37,40,0.495860486467546,-1.69298210329248,1.43850449756268,9.18243542501555,0.0104681343422214,0.210506016566165,AA2,KP0119_AC_SB10,6341,0.0443127830105547,1.03014414994053,1.06119696965669,SB10,2.06929518950805
38,42,0.613526212391184,-2.0991919349682,1.36562707944055,70.5857750052677,0,0.0689294279339028,AA2,KP0121_AC_SB10,702,0.0047512660352951,1.4569925898805,2.12282740696668,SB10,1.86493732010132
39,43,0.460407089427925,-1.62435765626169,1.42774798950241,89.0136101693998,0.247807436566593,0.10465587249049,AA2,KP0122_AC_SB10,1499,0.0109528516467458,1.35603108009874,1.83882029019376,SB10,2.03846432152816
40,44,0.782201942983913,-1.9126579945512,1.49744879370981,12.6310046226566,0,0.2555069726813,AA2,KP0123_AC_SB10,10086,0.0652838130887627,1.44241980326782,2.08057488885917,SB10,2.24235288978297
41,45,0.494286794503275,-2.05508939629207,1.37227672364209,33.6888886504286,0,0.0589212846843837,AA2,KP0125_AC_SB10,610,0.00347171778885819,1.32326970127536,1.75104270231339,SB10,1.88314340624987
42,46,0.673319900439356,-2.18651313778315,1.44019898280714,3.96795311926013,0,0.159509995678628,AA2,KP0127_AC_SB10,5553,0.0254434387213958,1.24203134100021,1.54264185202679,SB10,2.07417311007872
43,47,0.528183907393803,-2.48601988445417,1.32310202506406,68.2995539491594,0,0.0945649947092174,AA2,KP0129_AC_SB10,1657,0.00894253822435432,1.20505846617138,1.45216590689131,SB10,1.75059896872861
44,630,0.39407366775592,-1.46977703062335,1.32887293734737,62.9259842542281,1,0.0475906318838203,AH2,KP0130_AC_SB05,469,0.00226486824310129,1.10357035501273,1.21786752846293,SB05,1.76590328361423
45,631,0.686895445417803,-1.55181341417078,1.23986790487577,18.5366023138185,0.008262709456953,0.0469478866496529,AH2,KP0132_HU_SB05,405,0.00220410406086866,1.37976665065049,1.90375601024729,SB05,1.53727242154104
46,632,0.256363885309719,-1.82920738179593,1.15428221483782,60.9767207047906,0.0413198272035806,0.0233883131387091,AH1,KP0134_HU_SB05,109,0.000547013191474311,1.21520307651148,1.47671851716297,SB05,1.3323674314909
47,633,0.524870223535796,-0.495499651159649,1.22842527360077,57.6092652919504,0.0017270105274514,0.0576571451854118,AH2,KP0135_HU_SB05,681,0.00332434639093166,1.06148466469563,1.126749693384,SB05,1.50902865282113
48,634,0.34645708646553,-0.361755344281526,1.19721195426158,89.045305996168,0.135201392329844,0.0339877557950791,AH3,KP0137_HU_SB05,250,0.00115516754398593,1.10916886957458,1.23025558123336,SB05,1.43331646342683
49,635,0.297365846332925,-0.382604373369581,1.22126156044384,86.0060185514673,0,0.0129083351766838,AH3,KP0138_HU_SB05,45,0.000166625117033613,1.01548639957253,1.03121262771678,SB05,1.49147979901772
50,636,0.231943113430608,-0.45316326957064,1.12309607857918,87.3807086133739,0.0502575038145866,0.017184020580029,AH2,KP0139_HU_SB05,107,0.00029529056329486,1,1,SB05,1.26134480171993
51,637,0.187974379420693,-0.461583163152034,1.13058401128245,73.5171631366187,0.0784377112989879,0.0220351836641716,AH2,KP0140_HU_SB05,199,0.000485549319113775,1.02471549247204,1.05004184051221,SB05,1.2782202065675
52,136,0.443891168607457,-1.70139149713129,1.47962215595414,20.4577767375528,0.0360223405442011,0.156793212698006,AA2,KP0289_AC_WP20,2665,0.0245841115481621,1.31760417784696,1.73608076947976,WP20,2.18928172439038
53,526,0.492134710729552,-1.7803905600427,1.33004279782172,23.4607509830087,0,0.195450641783495,AL2,KP0290_LM_WP20,3616,0.0382009533735801,1.12696838670011,1.27005774462146,WP20,1.76901384403744
54,137,0.464821866963839,-1.7337527013261,1.50092129775483,72.788073002765,0.269311947215897,0.0309532060231171,AA2,KP0291_AC_WP20,465,0.000958100963109534,1.05957760670615,1.12270470463313,WP20,2.25276474205405
55,138,0.765149185022475,-1.41403480808359,1.25697813066282,84.8947359549378,0,0.090991339577802,AA2,KP0292_AC_WP20,875,0.00827942387816287,1.44113188554129,2.0768611115238,WP20,1.57999402096459
56,527,0.533911870390453,-2.01391102893833,1.36911521400889,56.0453134127658,0.00563523785009904,0.388267138686593,AL2,KP0293_LM_WP20,21260,0.150751370983874,1.1417329946265,1.30355423101879,WP20,1.87447646923061
57,139,0.48342049712145,-1.86607761531936,1.5615866526648,74.3500230642616,0.676681838675734,0.119443743655596,AA2,KP0294_AC_WP20,1632,0.0142668078984638,1,1,WP20,2.43855287378086
58,140,0.508275235406897,-1.4943547266642,1.3148164796069,31.7991495228564,0,0.0440909977867954,AA2,KP0296_AC_WP20,345,0.00194401608583519,1.2515943896917,1.56648851630774,WP20,1.72874237504588
59,141,0.4959161119529,-1.54215977524498,1.4229238011369,57.0767208537535,0,0.0681551812111403,AA2,KP0299_AC_WP20,741,0.00464512872592337,1.24226166369487,1.54321404108594,WP20,2.02471214384187
60,142,0.519239494339281,-1.60550270469763,1.57046535411881,74.3533519052708,0.280277643838995,0.0754619113336353,AA2,KP0300_AC_WP20,1072,0.00569450006212544,1.23068450876765,1.51458436012067,WP20,2.46636142848753
61,143,0.435196523465757,-1.68723204791437,1.53486665126173,50.7811448215161,0,0.0401718952973108,AA2,KP0301_AC_WP20,339,0.0016137811717781,1.19964292172848,1.43914313965325,WP20,2.35581563715541
62,144,0.426326395559456,-1.69231982597479,1.58572406654252,72.5379890731316,0.00786864240906879,0.0683763518468588,AA2,KP0303_AC_WP20,1517,0.00467532549188544,1.24038646434129,1.53855858092109,WP20,2.51452081521216
63,145,0.432905834691622,-1.66362430619757,1.542251211786,71.4115777565848,0,0.203034622679237,AA2,KP0304_AC_WP20,8854,0.0412230580065,1.378583057946,1.90049124765573,WP20,2.37853880025539
64,146,0.838997248808151,-0.422097635126159,1.36882260337685,86.4149407682496,0,0.136316000184991,AA2,KP0305_AC_WP20,3173,0.0185820519064346,1.30600251731446,1.7056425752317,WP20,1.87367531951537
65,147,0.746530652223064,-1.39010989311149,1.6044923371092,58.8065482192859,0,0.052552911314687,AA1,KP0311_AC_WP20,419,0.00276180848764936,1.24161413925036,1.54160567078642,WP20,2.57439565984214
66,149,0.503468881057663,-1.95887279505229,1.56500174084537,75.4735915549804,0,0.0324953935543565,AA2,KP0317_AC_WP20,232,0.00105595060225252,1.32532598561335,1.75648896814201,WP20,2.44923044884903
67,529,0.412271346907564,-2.11123777504845,1.3493989676613,49.7842146559484,0.0237693681685042,0.0715684026646103,AL2,KP0318_LM_WP20,586,0.0051220362599638,1.0850324594203,1.17729543799567,WP20,1.82087757392538
68,530,0.225032052500862,-2.14855420028255,1.27406255038092,49.1629056386876,0.900995262670296,0.139266321593346,AL2,KP0319_LM_WP20,2805,0.0193951083301413,1.0114182800841,1.02296693728829,WP20,1.62323538228313
69,531,0.39512020724566,-1.91808014751695,1.44746337124359,31.2060364306096,0.808189021050476,0.496232311015485,AL1,KP0322_LM_WP20,34379,0.246246506495769,1.10633312941692,1.22397299324543,WP20,2.09515021109186
70,150,0.848890654026933,-0.373331241802532,1.5912100863431,72.3784282635042,0,0.0143889498199482,AA2,KP0323_AC_WP20,34,0.000207041876920989,1.29771531052095,1.68406502716048,WP20,2.53194953888
71,151,0.764862821499106,-0.335654018416491,1.5610808851425,80.6510329862371,0,0.152433308678836,AA2,KP0324_AC_WP20,3388,0.0232359135947772,1.40626085301913,1.97756958673409,WP20,2.43697352995728
72,152,0.625181191524634,-0.383008802768687,1.5246683913211,56.4270924904008,0.0722389242300862,0.0828387247504949,AA2,KP0325_AC_WP20,1301,0.00686225431828826,1.10383891243679,1.21846034460964,WP20,2.32461370349368
73,153,0.70802049184837,-0.275137099654976,1.43121165735723,68.1406995537451,0,0.131892064227547,AA2,KP0326_AC_WP20,2332,0.0173955166062033,1.46502748224936,2.14630552374589,WP20,2.04836680815524
74,154,0.606152386048854,-0.485966569635913,1.5605987219854,80.6099308804439,0.0583443171727138,0.169395321753794,AA2,KP0327_AC_WP20,4048,0.0286947750320715,1.38539706427866,1.91932502571194,WP20,2.43546837106246
75,532,0.525432526279583,-0.643738830248964,1.51508655254993,44.070777966059,0.0215305698496956,0.121408715376043,AL1,KP0328_LM_WP20,2213,0.0147400761692611,1.14445473634276,1.30977664353738,WP20,2.29548726171763
76,155,0.571767627990171,-0.680795377375008,1.50848102524588,50.7900955429156,0.0443996637679687,0.161528355012321,AA2,KP0329_AC_WP20,4747,0.0260914094729863,1.0968443207447,1.2030674639499,WP20,2.27551500352685
77,533,0.597929720069397,-0.845021610217482,1.46162044159242,27.0753475467528,0.0419378689752078,0.239404730651213,AL1,KP0330_LM_WP20,8969,0.05731462505818,1.1569162080119,1.33845511236063,WP20,2.13633431528081
78,156,0.530852031864152,-1.10603825102706,1.41808928228948,15.0049960838462,0.113520880389754,0.139464610534316,AA2,KP0331_AC_WP20,3293,0.0194503775914884,1.13704630728596,1.29287430491264,WP20,2.01097721254429
79,157,0.634551791074687,-1.01255935077848,1.41210063093161,75.2731636346661,0,0.14663677505633,AA2,KP0332_AC_WP20,3313,0.0215023437989208,1.32318111763261,1.75080827005948,WP20,1.99402819187745
80,158,0.619098215775045,-1.04844151625071,1.32192879810379,78.0152806242324,0.233761229242264,0.128407544307255,AA2,KP0334_AC_WP20,2275,0.0164884974350196,1.31209272256107,1.72158731259773,WP20,1.74749574725612
81,159,0.840422016784131,-0.629783557136939,1.29258324378094,76.9343069022773,0,0.0662074607766767,AA2,KP0335_AC_WP20,526,0.00438342786249519,1.5684085784294,2.45990546889092,WP20,1.67077144210325
82,160,0.842828938308656,-0.63235811923428,1.34768403905558,32.0255567266557,0,0.0764177892343231,AA2,KP0336_AC_WP20,1050,0.00583967851146143,1.12208053611759,1.25906472953395,WP20,1.81625226912515
83,161,0.824650200029267,-0.657018718132452,1.37913045308106,57.9722334323707,0,0.0857423698352643,AA2,KP0337_AC_WP20,1083,0.00735175398496724,1.27162965418286,1.61704197739722,WP20,1.90200080661558
84,162,0.582462442407107,-1.01227387002626,1.41979023089624,24.9457906655481,0.0583905111342468,0.220191535349923,AA2,KP0340_AC_WP20,6282,0.0484843122397563,1.07863840925869,1.16346081792811,WP20,2.0158042997484
85,534,0.399308486004551,-1.50207506599939,1.31346245063797,64.908748693855,0.734988870261664,0.165983233684941,AL2,KP0341_LM_WP20,4534,0.0275504338645098,1.00949164101367,1.01907337327647,WP20,1.72518360923591
86,535,0.401770423290992,-1.54175781469879,1.45536755785828,76.7366710336609,0.283274854234221,0.283821600626843,AL2,KP0342_LM_WP20,20737,0.0805547009823829,1.10830295368602,1.22833543714916,WP20,2.11809472846637
87,536,0.399505673664917,-1.41660792013913,1.40156479026515,36.1637409305694,0.27532413440992,0.154239529887085,AL2,KP0343_LM_WP20,4561,0.023789832579789,1.02737302379511,1.0554953300219,WP20,1.964383861311
88,537,0.382642921437176,-1.44365799631699,1.46944522435085,81.6791600033427,0.0147226103893567,0.399207096776626,AL2,KP0345_LM_WP20,20164,0.159366306116823,1.28975244487888,1.66346136907104,WP20,2.15926926736752
89,163,0.508905219638212,-1.41846236095353,1.35266214128503,58.1496547916937,0.0017073801732311,0.10990709313036,AA2,KP0346_AC_WP20,2065,0.0120795691203656,1.33258430368123,1.7757809264176,WP20,1.8296948684658
90,164,0.576332607449396,-1.71130437222565,1.30081282416795,50.2742157742231,0.0161711519959132,0.201035150060554,AA1,KP0347_AC_WP20,4652,0.0404151315598697,1.01636405315763,1.03299588855101,WP20,1.69211400351979
91,538,0.499995745481008,-1.72890722818425,1.35257380914397,61.6965679533428,0.0558501599698985,0.458015345619071,AL2,KP0348_LM_WP20,25074,0.209778056822557,1.13830971333333,1.295749003469,WP20,1.82945590918224
92,165,0.497993440176754,-1.66102667303289,1.408450755578,46.9813873479627,0.00544767432766185,0.573758878661146,AA2,KP0349_LM_WP20,40998,0.329199250842496,1.23443661767801,1.52383376306433,WP20,1.98373353088824
93,166,0.649815486299003,-1.31066973907916,1.55018641978568,87.6482420187406,0,0.245198825944893,AA2,KP0352_AC_WP20,8840,0.0601224642447539,1.52486571811024,2.32521545826786,WP20,2.40307793608796
94,167,0.57190565170176,-1.36239212464213,1.56198770922177,36.9121503999342,0.404324173161062,0.045453208893666,AA2,KP0354_AC_WP20,287,0.00206599419873124,1.16645754913936,1.36062321394421,WP20,2.43980560375987
95,168,0.838770734292471,-1.11343539705843,1.52233247536797,76.2024014390739,0.00193467532456199,0.142029122537461,AA2,KP0355_AC_WP20,2775,0.0201722716487612,1.30052220495394,1.69135800557826,WP20,2.31749616555997
96,169,0.650338743100816,-0.803673427124717,1.67149753162467,72.6873504569747,0,0.0796887299811026,AA2,KP0360_AC_WP20,830,0.00635029368600108,1.39586219138315,1.94843125733296,WP20,2.79390399822737
97,171,0.552308231396188,-0.812786581742613,1.65887022663583,75.2499747991256,0,0.0728074998935137,AA2,KP0362_AC_WP20,701,0.00530093204074399,1.27762300287759,1.63232053748194,WP20,2.75185042881881
98,172,0.476910104961291,-0.944694338097885,1.63031752866424,68.8435541683152,0.127780012311691,0.139095412935834,AA2,KP0363_AC_WP20,3410,0.0193475338997901,1.27915820990583,1.63624572596948,WP20,2.65793524426988
99,173,0.689991743533732,-0.646355921538492,1.6215424155547,86.3476526267337,0.124588246271121,0.0714227491198188,AA2,KP0365_AC_WP20,711,0.00510120909183258,1.32426836420057,1.75368670042244,WP20,2.62939980544298
100,174,0.876985112768154,-0.517841565807271,1.42639893181011,82.7058245062917,0,0.0894608113320423,AA2,KP0367_AC_WP20,1113,0.00800323676418727,1.50542382800645,2.2663009019296,WP20,2.03461391266901
101,175,0.585689840708023,-0.767845515759352,1.44660632921821,82.3678912052511,0,0.0757359562548614,AA2,KP0368_AC_WP20,730,0.00573593506983828,1.50097929728058,2.2529388508649,WP20,2.09266987173419
102,176,0.535015888092858,-0.838168253618856,1.53696542094296,44.8900218988053,0.0474793940559944,0.200091543591805,AA1,KP0369_AC_WP20,5127,0.0400366258169514,1.11285626128607,1.23844905828361,WP20,2.36226270517438
103,177,0.553355562943388,-0.82902661524314,1.60006617742403,77.2071552029736,0,0.371192499474671,AA2,KP0372_AC_WP20,17070,0.137783871666254,1.4902629171775,2.2208835623144,WP20,2.56021177213634
104,178,0.518671921342025,-0.845900386789894,1.62213327028761,52.8182228256412,0.10106449923592,0.0734406004030593,AA1,KP0373_AC_WP20,667,0.00539352178756184,1.12097926282506,1.25659450768381,WP20,2.63131634657398
105,179,0.512031278312116,-1.73251220082941,1.47678119942752,59.4914252394584,0,0.170562657491284,AA2,KP0374_AC_WP20,10913,0.0290916201304892,1.03081317116823,1.06257579385389,WP20,2.18088271098259
106,540,0.416080248116043,-1.75230434901338,1.47629596852844,20.3040916650771,0.455895103218467,0.221294060923413,AL2,KP0375_LM_WP20,7151,0.0489710613999751,1.09160956377824,1.19161143973211,WP20,2.17944978669333
107,541,0.507972440148052,-1.50628039172888,1.46986410371012,85.4992619577675,9.32801808848148e-05,0.399114613020668,AL1,KP0377_LM_WP20,20198,0.159292474326638,1.34544097627885,1.8102114206502,WP20,2.16050048337556
108,650,0.710902250638296,-1.50474872733115,1.2892470106766,47.345451669314,0.0296415334189764,0.04297142200595,AH1,KP0378_AC_WP20,230,0.00184654310921344,1.11892025735561,1.25198254232075,WP20,1.66215785453854
109,180,0.504651534044263,-1.69092738564484,1.43356352830372,32.0470203395052,0,0.00707700840266654,AA1,KP0379_AC_WP20,13,5.00840479314128e-05,1.47693332364263,2.18133204248606,WP20,2.0551043896826
110,542,0.313959572015271,-1.82772107331252,1.39667817652131,17.4756323119777,0.276570475757885,0.15192058539437,AL2,KP0380_LM_WP20,3559,0.023079864266568,1.01692808005346,1.03414272000121,WP20,1.95070992877088
111,181,0.593805337847795,-1.45469512140688,1.41719366914355,78.685003876667,0.531769266415683,0.0353073797206565,AA2,KP0382_AC_WP20,474,0.00124661106273863,1.01443618858962,1.02908078072024,WP20,2.00843789586056
112,182,0.383106541122531,-1.79225653738198,1.41868045835686,78.3051113578077,1,0.0547412380071145,AA2,KP0383_AC_WP20,2066,0.00299660313855155,1,1,WP20,2.01265424292363
113,183,0.541114751615606,-0.983729998313713,1.29477381517343,49.0390070399194,0.301445183147655,0.284337762981902,AA2,KP0384_AC_WP20,13873,0.0808479634575524,1.02376765539361,1.04810021223013,WP20,1.67643923245875
114,184,0.759980036807676,-0.687697397973758,1.49376238362489,27.2394622732927,0.047645204666174,0.122483105261583,AA2,KP0385_AC_WP20,6401,0.0150021110745201,1,1,WP20,2.23132605873271
115,185,0.743247374219234,-0.643819047925323,1.39897933012388,59.8271876074488,0,0.030557804844793,AA2,KP0386_AC_WP20,146,0.000933779436932455,1.09711368286345,1.20365843312621,WP20,1.95714316611386
116,186,0.742378932262524,-0.662610701890737,1.38741122424443,35.2497290822611,0.0238410780407044,0.0383423596967795,AA2,KP0388_AC_WP20,211,0.00147013654711722,1,1,WP20,1.92490990515943
117,187,0.959732468893125,-0.529968609820093,1.40570190228768,31.7700857675682,0,0.0429683578712015,AA2,KP0389_AC_WP20,288,0.00184627977814764,1.0348563184841,1.07092759990647,WP20,1.97599783809521
118,188,0.849363279360547,-0.578227583217549,1.40490490271934,39.508758442026,0,0.0157494838300896,AA2,KP0390_AC_WP20,42,0.000248046240914254,1.34775163153387,1.81643446030222,WP20,1.97375778568483
119,189,0.598739785780499,-1.65908841916124,1.24984008155544,87.8034951690512,0.222745097784866,0.103297422748661,AA1,KP0392_AC_WP20,1806,0.0106703575465157,1.27314302212267,1.62089315477964,WP20,1.5621002294625
120,190,0.669313555182677,-1.64176329982773,1.29448903285746,74.7379763153158,0,0.0394395612921485,AA1,KP0393_AC_WP20,170,0.00155547899491714,1.22858628967165,1.50942427116915,WP20,1.67570185618824
121,191,0.646662133345801,-1.56916540147867,1.24896932279796,19.9325007982512,0,0.0925521282645295,AA1,KP0394_AC_WP20,1523,0.00856589644629393,1.25977244219798,1.58702660612147,WP20,1.5599243692904
122,192,0.707992897662145,-1.56528065026661,1.21294207925368,47.3930319145109,0,0.0305326661697236,AA1,KP0395_AC_WP20,123,0.000932243703431782,1.24040623036362,1.53860761632488,WP20,1.47122848762424
123,193,0.631559830575699,-1.59989646938757,1.2693453889995,62.4394646680464,0,0.0343367186081569,AA1,KP0396_AC_WP20,173,0.00117901024477575,1.24500413659413,1.5500353001365,WP20,1.61123771657428
124,196,0.530583251155489,-1.69733369640176,1.35276472965052,85.0298304923605,0,0.0683942159236638,AA2,KP0405_AC_WP20,667,0.00467776877181274,1.3129742755545,1.72390144826786,WP20,1.82997241378645
125,204,0.471731967070263,-1.56608371399414,1.42321263141911,57.5305762539419,0.992263197022379,0.196190049812751,AA2,KP0450_AC_WP20,5812,0.0384905356455296,1.10644880664134,1.22422896171804,WP20,2.0255341942309
126,206,0.59059735217053,-1.47528256966878,1.5516039326136,63.1293115840655,0.00252181355656285,0.200437269049973,AA2,KP0454_AC_WP20,19917,0.0401750988242114,1.22858109013044,1.50941149502611,WP20,2.40747476370199
127,207,0.408214415834516,-1.74204810014172,1.43565503481189,61.2719421522001,0.761859150785945,0.0580080636600814,AA2,KP0457_AC_WP20,900,0.00336493544959205,1.03963436039065,1.08083960330488,WP20,2.06110537898073
128,544,0.405465659661764,-1.71373209996532,1.34884037016883,34.641761969894,0.462838015111936,0.250577867068346,AL2,KP0459_LM_WP20,10992,0.0627892674645217,1,1,WP20,1.81937034419718
129,208,0.610105869308278,-0.979816961918368,1.36823114786082,54.8975834992678,0.0558891972455784,0.0380708668693215,AA2,KP0461_AC_WP20,374,0.0014493909041816,1.10432887642283,1.21954226730132,WP20,1.87205647397653
130,209,0.515967474834811,-0.959540626623912,1.37710994919938,37.9886587456041,0.0110940534464404,0.0885402824269791,AA2,KP0462_AC_WP20,993,0.00783938161224923,1.27297356028908,1.62046168519504,WP20,1.89643181218392
131,210,0.519728404233131,-0.71878184858458,1.47303945283731,75.9217875645948,0.00213126091399636,0.0782593667337447,AA1,KP0463_AC_WP20,824,0.00612452848156675,1.3635607679759,1.85929796796302,WP20,2.16984522961524
132,211,0.490053223136052,-0.72694716384134,1.56145942511008,41.7512377795829,0.738076476355116,0.218171232485747,AA2,KP0464_AC_WP20,6459,0.0475986866843498,1.07675549963601,1.1594024059964,WP20,2.4381555362651
133,212,0.916240410824944,-0.951188852433634,1.41140885986361,81.1948215406784,0,0.19148222705198,AA2,KP0467_AC_WP20,6170,0.0366654432767859,1.81697924128033,3.30141356324363,WP20,1.9920749697015
134,213,0.724053745896654,-1.11029018032337,1.26184531931981,86.1477591406658,0.147149811557508,0.0965833795423337,AA2,KP0468_AC_WP20,1708,0.00932834920381848,1.23429961566018,1.52349554121886,WP20,1.59225360988932
135,214,0.682247246762241,-1.46730179899805,1.33959196015054,56.4717499370086,0.0628891888358914,0.402351748548195,AA2,KP0470_AC_WP20,20228,0.16188692955979,1.3790000897063,1.90164124740998,WP20,1.79450661969997
136,215,0.361940188671924,-1.7270284973485,1.53171231243035,51.3143058341714,0.146440909524941,0.273481542730618,AA2,KP0471_AC_WP20,11196,0.0747921542143188,1.20044758758713,1.44107441054375,WP20,2.34614260805073
137,545,0.526613438919038,-1.58369117374918,1.05256762360888,60.6534692216233,0.0498244883844098,0.0219735029755541,AL1,KP0473_LM_WP20,90,0.000482834833016683,1.07309300638975,1.1515286003626,WP20,1.10789860226965
138,673,0.530587357877229,-1.52036140362574,1.20147582854646,71.8346455715243,0.0613016834949652,0.0125041143957064,AH1,KP0474_AC_WP20,27,0.000156352876820913,1.09368526198674,1.196147452287,WP20,1.4435441665814
139,216,0.690222386807918,-1.77125633898477,1.45163483832483,85.0065877450921,0.206279294888232,0.0875176415473799,AA2,KP0475_AC_WP20,1534,0.00765933758201567,1.05455611965223,1.11208860949597,WP20,2.10724370383835
140,217,0.64829284986258,-1.72828071138158,1.52890212588175,82.0179135401028,0,0.158541843098349,AA2,KP0477_AC_WP20,5444,0.0251355160130215,1.30659760177891,1.7071972929744,WP20,2.33754171052572
141,218,0.522661742384051,-1.83834998789394,1.52419224042887,19.6482497830963,0,0.228448481780798,AA2,KP0479_AC_WP20,10053,0.0521887088279518,1.21422696655731,1.47434712631496,WP20,2.32316198578358
142,219,0.485077941776749,-2.10247778624193,1.49492430854994,79.3384479219286,0,0.0906159768362891,AA2,KP0481_AC_WP20,1157,0.00821125525799488,1.34132396250057,1.79914997237824,WP20,2.23479868829352
143,546,0.391528594724209,-2.0831743799743,1.42996363717838,49.3899930996862,0.125577597647352,0.352893518166995,AL2,KP0482_LM_WP20,14383,0.124533835164279,1.07678019250811,1.15945558297781,WP20,2.04479600365243
144,220,0.464771643429584,-1.64606666470504,1.22060394764686,65.8283793188019,1,0.109803241088497,AA2,KP0484_AC_WP20,2061,0.0120567517535387,1.01583203477241,1.03191472286986,WP20,1.48987399701111
145,221,0.887528654845622,-0.991718340569531,1.47242320986754,73.2768594660138,0,0.128908187382478,AA2,KP0485_AC_WP20,2112,0.0166173207742359,1.32033960096189,1.7432966618682,WP20,2.16803010895664
146,222,0.82221047071314,-1.03935376409323,1.43024162964827,9.15610562411557,0,0.184048267097718,AA1,KP0486_AC_WP20,4607,0.0338737646216729,1.41696530492408,2.00779067535859,WP20,2.04559111917895
147,223,0.714957335661722,-1.11496490208167,1.57400369771734,85.8515066686782,0,0.109908071462073,AA2,KP0487_AC_WP20,1487,0.0120797841725122,1.39247746994268,1.93899350429798,WP20,2.47748764042787
148,224,0.651876578770606,-1.15786110801151,1.52103665781161,70.602704875516,0,0.0674736959079227,AA2,KP0488_AC_WP20,596,0.00455269963947483,1.32914035522802,1.76661408389568,WP20,2.3135525144067
149,225,0.614896734836867,-1.25927196222793,1.48482607269607,79.9039122354989,0,0.0596226344844179,AA2,KP0489_AC_WP20,393,0.0035548585428625,1.34544921209611,1.81023358233004,WP20,2.20470846615804
150,226,0.664284480203071,-1.34644606575201,1.55830161727023,83.9433664656636,0.0108928730819267,0.0762909684551955,AA2,KP0490_AC_WP20,718,0.00582031186783163,1.35206532465502,1.82808064213447,WP20,2.42830393038701
151,227,0.673128424534553,-1.39227694223493,1.63090991650999,89.1218585923055,0,0.0550780447904251,AA2,KP0491_AC_WP20,442,0.00303359101793608,1.4015443697782,1.96432662045699,WP20,2.65986715577064
152,228,0.724797573328146,-1.34007970520536,1.57987189129326,69.9673010465767,0.0143152757309512,0.252287533929327,AA2,KP0492_AC_WP20,10240,0.0636489997761413,1.3794256161619,1.90281503052364,WP20,2.49599519289853
153,229,0.791583438637999,-1.33283371932719,1.60290906263505,78.4343860923004,0,0.0507122436646253,AA2,KP0493_AC_WP20,384,0.00257173165750033,1.44381902461181,2.08461337583099,WP20,2.56931746307759
154,230,0.430558119066968,-1.52987302502749,1.61282990385352,69.5122404657143,0,0.173558904076495,AA2,KP0494_AC_WP20,7640,0.0301226931842339,1.15169939658773,1.32641150010054,WP20,2.60122029876416
155,231,0.453197202087235,-1.4595001547109,1.65440435973413,86.9704563491932,0,0.0713729754615558,AA2,KP0495_AC_WP20,843,0.00509410162623585,1.24663373043954,1.5540956578696,WP20,2.73705378550731
156,232,0.806560254994966,-1.27605459112519,1.60380050717411,89.3642409894331,0,0.0816700709209727,AA2,KP0499_AC_WP20,898,0.0066700004842367,1.38336459465146,1.9136976017352,WP20,2.57217606681194
157,233,0.765600040672047,-1.30194420499288,1.58668686642005,86.8339073166892,0,0.00867503895829449,AA2,KP0500_AC_WP20,15,7.52563009279271e-05,1.48569440899483,2.20728787691849,WP20,2.51757521206989
158,234,0.782250161401631,-1.24769185781587,1.66446952877754,71.0768513494141,0,0.095802891778472,AA2,KP0501_AC_WP20,1421,0.00917819407311761,1.38728978039004,1.92457293477463,WP20,2.77045881222894
159,235,0.606977397283803,-1.31319587061664,1.50599928050686,79.743405099762,0,0.31298985582643,AA2,KP0505_AC_WP20,12663,0.0979626498502494,1.31284999672905,1.72357511391147,WP20,2.26803383288718
160,236,0.573300306448491,-1.45704443250744,1.66213485618833,38.5958342623866,0.00742034848322852,0.125054171718105,AA2,KP0508_AC_WP20,2019,0.0156385458641013,1.0999526961469,1.20989593376083,WP20,2.76269228015621
161,237,0.849563063212346,-1.10131638607811,1.50059312135391,45.5831392662814,0,0.0587330896174673,AA2,KP0510_AC_WP20,474,0.00344957581601345,1.28959761321632,1.66306200401323,WP20,2.25177971585467
162,238,0.908108068834486,-1.06595903822397,1.50395989536446,50.5062168495832,0,0.0671729820075439,AA2,KP0512_AC_WP20,586,0.00451220951178581,1.38245147833987,1.91117208996408,WP20,2.26189536686469
163,239,0.692707044312281,-1.20996442037844,1.55520596341244,64.4617763684004,0,0.0204432243479766,AA2,KP0513_AC_WP20,64,0.000417925421741702,1.33489619196028,1.78194784331005,WP20,2.41866558863362
164,240,0.420049259745711,-1.55149857855803,1.55731026679502,65.0075506467834,1,0.128226201877148,AA2,KP0515_AC_WP20,2211,0.0164419588478392,1.03537940275023,1.07201050763942,WP20,2.42521526706517
165,241,0.640409596238523,-1.25941946765051,1.46321148065783,88.925109097365,0,0.0770234179434875,AA2,KP0516_AC_WP20,850,0.00593260691169716,1.42843619021965,2.04042994952922,WP20,2.14098783712887
166,242,0.729400709907804,-1.13545333908424,1.31966501528397,87.7426105954359,0,0.16899119086965,AA2,KP0521_AC_WP20,3478,0.0285580225915426,1.41905159925099,2.0137074413368,WP20,1.74151575256445
167,243,0.783453458675491,-1.06364795119857,1.50540672421251,57.9452539533947,0.01280978651926,0.135475744764007,AA2,KP0522_AC_WP20,6130,0.0183536774193625,1.2113315180124,1.46732404653022,WP20,2.26624940530424
168,244,0.590414706248255,-1.19470776049556,1.52750046237553,56.6036168039397,0.0566103731742322,0.129079027522601,AA2,KP0523_AC_WP20,2825,0.0166613953461804,1.12715362046602,1.27047528412965,WP20,2.33325766255746
169,245,0.64775353629808,-1.10525901854532,1.6485878484346,67.2129673971623,0,0.09429686350231,AA2,KP0524_AC_WP20,1600,0.00889189846637327,1.14910639519422,1.32044550747626,WP20,2.71784189400621
170,246,0.717859719495518,-0.988598863754095,1.49724737872213,72.5425192566485,0.229177160873498,0.103948768794609,AA2,KP0526_AC_WP20,3600,0.0108053465339151,1,1,WP20,2.2417497130903
171,247,0.682246771773234,-1.13578427988565,1.4442980011194,78.7231836921589,0.0585479328224692,0.183959458333247,AA2,KP0528_AC_WP20,4113,0.0338410823102616,1.39650562856133,1.95022797060349,WP20,2.08599671603751
172,248,0.688555740754842,-1.11058618497446,1.37859361508571,89.5674047653714,0.104357900316215,0.0495410158802791,AA2,KP0530_AC_WP20,359,0.00245431225445007,1.34628119669543,1.81247306057568,WP20,1.90052035555509
173,249,0.685034688072846,-0.964612983513186,1.43427808982699,72.7531253530475,0,0.181780501770831,AA2,KP0532_AC_WP20,9846,0.0330441508240552,1.13966422323239,1.29883454171588,WP20,2.05715363895776
174,250,0.549280153389732,-0.915093226574312,1.50338983017988,57.0718463225256,0,0.0329082434991235,AA2,KP0533_AC_WP20,168,0.0010829524901976,1.29645568798791,1.6807973509162,WP20,2.26018098148828
175,251,0.542538601730819,-0.985194549661951,1.65417708062574,17.0274387751057,0.0763903570019517,0.169366693911142,AA2,KP0535_AC_WP20,3913,0.0286850770063906,1.2789360621181,1.63567745098614,WP20,2.7363018140675
176,252,0.631499096714795,-1.17900856210524,1.59346240758506,64.1474384353128,0.00228908713231815,0.154410719176506,AA2,KP0536_AC_WP20,7339,0.0238426701966059,1.09050694651211,1.18920540039117,WP20,2.53912244438678
177,253,0.564246031093437,-1.17794195616451,1.49794100480071,73.6443024479485,0,0.0309900969408237,AA2,KP0537_AC_WP20,375,0.00096038610840165,1.19914754407374,1.43795483245807,WP20,2.24382725386335
178,254,0.562247177461631,-0.951135987014136,1.50451904243838,75.9006438082847,0,0.094086746441368,AA2,KP0538_AC_WP20,4629,0.00885231585592228,1.05303014115046,1.10887247817136,WP20,2.26357754905971
179,255,0.758871181898577,-0.706273505442459,1.42242790868276,73.2513278481534,0,0.115435772320976,AA2,KP0539_AC_WP20,1718,0.0133254175313402,1.28989264652499,1.66382303955924,WP20,2.0233011553996
180,674,0.702732039427454,-0.850480159578002,1.4014407582735,71.886982841064,0.143753788844534,0.0141176059928858,AH1,KP0540_AC_WP20,49,0.000199306798970365,1.016444545204,1.03315951347496,WP20,1.96403619895019
181,257,0.550640191915524,-1.30868553083104,1.46630327787386,74.7699737204003,0.523451107419651,0.196640192058664,AA2,KP0545_AC_WP20,5638,0.0386673651328683,1.25148391076322,1.5662119788992,WP20,2.15004530270363
182,548,0.553940951070063,-1.34297081325521,1.52957730756284,34.5753752277078,0.217599749260464,0.151493160916365,AL1,KP0547_LM_WP20,6590,0.0229501778044315,1.22142628399064,1.49188216722318,WP20,2.33960673981118
183,549,0.519433862223611,-1.59248731406208,1.42052730652013,7.8570190647607,0.748705565680373,0.217649059241546,AL1,KP0548_LM_WP20,22284,0.0473711129887298,1,1,WP20,2.01789782856934
184,259,0.479364243190712,-1.32740767355763,1.5707509180845,39.2921176236437,0.536199871412629,0.107133535436215,AA2,KP0549_AC_WP20,1696,0.0114775944150627,1.02461998101353,1.04984610549217,WP20,2.46725844666331
185,550,0.420404410626908,-1.7080784220083,1.30572173776436,18.6890233498947,0.915836569750237,0.116108568675601,AL2,KP0551_LM_WP20,3615,0.0134811997198967,1,1,WP20,1.70490925647037
186,675,0.607213330772202,-1.27260856900513,1.35476708831991,45.4407917216148,0,0.171218950739427,AH1,KP0552_AC_WP20,3906,0.0293159290923103,1.47977206669309,2.18972536936513,WP20,1.8353938635948
187,260,0.669299630547068,-1.5554949640113,1.49169218507807,31.1728978092206,0.000140570081789849,0.247411330982409,AA2,KP0554_AC_WP20,7310,0.0612123666984871,1.4316652798955,2.04966547365826,WP20,2.22514557502298
188,551,0.407192578906607,-1.83870639116022,1.55612345742098,46.1913999541028,0.811000831806236,0.13272528457115,AL2,KP0557_AC_WP20,4151,0.0176160011644926,1.01165607302375,1.02344801008584,WP20,2.42152021473581
189,552,0.459008701409031,-1.90529633825332,1.35113414595705,31.0457279788602,0.407278398099165,0.38749573931199,AL2,KP0558_LM_WP20,17638,0.150152947984946,1.16126528755862,1.34853706808861,WP20,1.82556348037109
190,261,0.485974455784952,-1.84045272514122,1.47997394451468,56.9757475568807,0.777160275201731,0.141381538857675,AA1,KP0559_AC_WP20,2728,0.0199887395297642,1.13168408379704,1.28070886551954,WP20,2.19032287644234
191,262,0.558045801159731,-0.616744787934108,1.54894445138946,65.9748307593348,1,0.0297677687590804,AA1,KP0563_AC_WP20,129,0.000886120056894085,1.05849689614341,1.12041567914524,WP20,2.39922891349019
192,264,0.551157883162151,-0.983496338416711,1.56844163180172,71.3892403263893,0,0.0693071451944232,AA2,KP0568_AC_WP20,645,0.00480348037500086,1.35151926723791,1.82660432971531,WP20,2.46000915236883
193,265,0.539451029997838,-1.08555216453323,1.68671949842522,34.9732849846979,0.00943376556865112,0.128928011561831,AA1,KP0569_AC_WP20,2968,0.0166224321652876,1.25267131946795,1.56918543461757,WP20,2.84502266636782
194,553,0.379163302870204,-1.28489907923544,1.70991204618089,40.9901203304758,0.0462593929217141,0.226096278360642,AL2,KP0570_LM_WP20,7507,0.0511195270885328,1.04699175347914,1.09619173185331,WP20,2.92379920567453
195,266,0.859016311259488,-0.820691926565853,1.4365702530507,67.1312969108165,0.245281755998451,0.0589779848088904,AA2,KP0571_AC_WP20,578,0.0034784026921177,1.03442014086229,1.07002502782157,WP20,2.06373409195015
196,267,0.60361242686173,-1.4452005916517,1.5214103100288,53.1276664158951,0,0.0956825376267661,AA2,KP0572_AC_WP20,1227,0.0091551480066975,1.29760918900437,1.68378960738857,WP20,2.31468933146194
197,268,0.595378172550597,-1.53574983262014,1.40291081218646,75.8636574898459,0,0.203416722888429,AA1,KP0575_AC_WP20,5919,0.0413783631506679,1.35992015113048,1.84938281745074,WP20,1.96815874694969
198,270,0.558520132451893,-1.47889344204374,1.54125531641728,59.3168222281568,0,0.144939199318497,AA1,KP0577_AC_WP20,2819,0.0210073714990871,1.4722912093477,2.1676414051225,WP20,2.37546795038454
199,271,0.49803522083421,-1.64328456805043,1.48994750577911,26.7017475678984,0.779638412009899,0.0903367686746252,AA2,KP0579_AC_WP20,1051,0.00816073177457274,1.15322783544634,1.32993444044826,WP20,2.2199435699774
200,272,0.384549966465388,-1.73067050830831,1.32787076745447,89.3242904574349,1,0.0377881213766906,AA1,KP0581_AC_WP20,533,0.0014279421171795,1,1,WP20,1.76324077506012
201,676,0.913066841359279,-1.21426351022628,1.5208128697857,68.8538879099305,0.219139646203053,0.0138163803844704,AH1,KP0582_AC_WP20,31,0.000190892366928379,1.11850420185047,1.25105164955715,WP20,2.31287178490581
202,274,0.515159839652608,-1.75513499741022,1.65015873822911,66.9775441171366,0.0602190055655265,0.0788605792439928,AA1,KP0584_AC_WP20,1400,0.00621899095869807,1.23999191761482,1.53757995575009,WP20,2.72302386135389
203,554,0.7073866674133,-1.56383441057393,1.44811055805655,56.2264245368274,0.000551547669660437,0.230069581061975,AL2,KP0585_LM_WP20,6478,0.0529320121300326,1.33647650879667,1.78616945856534,WP20,2.09702418835485
204,555,0.533152785903833,-0.967308028776584,1.43798629210823,51.1315272582428,0.557127086266917,0.290158893331167,AL1,KP0588_LM_WP20,12238,0.0841921833791676,1,1,WP20,2.06780457629118
205,276,0.584908765046138,-0.526087139104035,1.57414375900842,65.5728070919714,0.238930005087982,0.0431801050586992,AA1,KP0591_AC_WP20,236,0.0018645214728803,1.14307220687254,1.30661407012446,WP20,2.47792857402514
206,559,0.493860345188309,-1.62920080086942,1.71604675014079,42.623468929977,0.00941699223180037,0.306619417155518,AL2,KP0613_LM_SB20,15916,0.0940154669767898,1.17124080918898,1.37180503310965,SB20,2.94481644866877
207,560,0.387430846074227,-1.83100274926367,1.59243996664158,47.9016527670398,0.567012075932241,0.180797942588991,AL2,KP0614_LM_SB20,7913,0.0326878960444121,1.089257956164,1.18648289506658,SB20,2.53586504735743
208,561,0.309828571307654,-1.6727934378473,1.40124909858752,15.1503159342507,0.86074279865221,0.12377464150042,AL2,KP0616_LM_SB20,3749,0.0153201618785576,1.06508441131666,1.13440480322975,SB20,1.96349903629233
209,562,0.45767154547796,-2.17908527364302,1.73097502381282,46.0885974298224,0.00206191517312968,0.318896962641774,AL2,KP0617_LM_SB20,19935,0.101695272782149,1.05808292346763,1.11953947293381,SB20,2.99627453306378
210,563,0.54796996093311,-0.960512263781549,1.61164588662154,60.273824839569,0.35370458996311,0.183103698644143,AL1,KP0618_LM_SB20,7488,0.033526964457165,1.07628891588783,1.15839783046301,SB20,2.59740246386412
211,564,0.44961721889627,-1.02485861356677,1.65716962680273,33.1044154223334,0.915173525397991,0.201503945068332,AL2,KP0620_LM_SB20,10419,0.0406038398781012,1.0345172116392,1.07022586117774,SB20,2.74621117199748
212,286,0.614753779071561,-0.51926253171075,1.6504877071072,19.5542697137769,0.0163439811843981,0.200378916094762,AA2,KP0626_AC_SB20,8639,0.0401517100153118,1.0276309976799,1.05602546739258,SB20,2.72410967131197
213,565,0.497272565905125,-0.855160781084464,1.88110159448179,49.8652005548803,0.776536744871018,0.157461277823821,AL2,KP0629_LM_SB20,5092,0.0247940540139104,1.15400701520055,1.33173219113209,SB20,3.53854320876194
214,566,0.434926351545474,-1.36590562081199,1.51618289103781,4.22079073443221,1,0.227031467135952,AL2,KP0631_LM_SB20,11054,0.0515432870699027,1.16901952143495,1.36660664149601,SB20,2.29881055907578
215,287,0.663132550849176,-0.0893851199785705,1.50788035947766,88.2288022457201,0,0.087385645100065,AA2,KP0636_AC_SB20,1609,0.00763625096955451,1.43046134889858,2.04621967069273,SB20,2.27370317849848
216,568,0.472572564304696,-1.27129713103836,1.72422394820979,48.7007729541741,0.402594046978278,0.236215165610819,AL1,KP0637_LM_SB20,18362,0.0557976044645467,1.07462345146854,1.15481556244616,SB20,2.97294822358015
217,288,0.516522927210326,-0.263631303660252,1.60167613094854,24.6584599028668,0.000726339762733192,0.20474221088541,AA2,KP0638_AC_SB20,9667,0.0419193729182456,1.18904511835155,1.41382829347566,SB20,2.56536642845028
218,289,0.380063101744152,-0.280883647770457,1.55256050044403,38.1332922375655,0.0829345683974623,0.254901197634944,AA2,KP0640_AC_SB20,13706,0.0649746205557289,1.17941541782671,1.39102072780736,SB20,2.410444107539
219,290,0.523817773420862,-1.53596495901965,1.6025179395932,31.7777045028387,0.00798896240594066,0.141360505765353,AA2,KP0643_AC_SB20,4811,0.0199827925902365,1.09009625308947,1.1883098409997,SB20,2.56806374671805
220,292,0.717433648080997,-0.457568073908445,1.5511836280058,49.8772035186136,0,0.0567338453404267,AA2,KP0646_AC_SB20,786,0.00321872920711145,1.37055296451689,1.87841542854605,SB20,2.40617064779324
221,293,0.549349910225535,-1.35557076963794,1.63299026991284,68.5972027737675,0,0.0950454126605046,AA2,KP0647_AC_SB20,1630,0.00903363046780562,1.10460953133613,1.22016221671862,SB20,2.66665722163002
222,294,0.630746358139202,-0.521697077136244,1.83093809788977,35.4764567840416,0.111809079453332,0.117352364638603,AA2,KP0648_AC_SB20,2836,0.0137715774862717,1.36234944533325,1.85599601119981,SB20,3.3523343183042
223,295,0.423952014499314,-1.3057483686566,1.71822937202799,23.9248562594962,0.128016539548895,0.195495783705538,AA2,KP0649_AC_SB20,6504,0.0382186014466425,1.06942856418777,1.14367745390073,SB20,2.95231217489971
224,296,0.633198011695984,-0.531122816903313,1.51618252021598,63.5160337657553,1,0.0383325274427603,AA2,KP0652_AC_SB20,895,0.00146938266014997,1,1,SB20,2.29880943460848
225,297,0.662887330949327,-0.597080655960805,1.58325874725113,17.1187787171997,0.00088538918120484,0.220996469248375,AA2,KP0654_AC_SB20,11624,0.0488394394202479,1.24686862147086,1.55468135920864,SB20,2.50670826074721
226,570,0.402259642246788,-0.127563791295332,1.3790548892192,39.1376162198618,0.917842122650359,0.139410731040768,AL2,KP0657_LM_SB20,3818,0.0194353519293213,1.04006897777862,1.08174347853746,SB20,1.90179238747937
227,298,0.600638200369715,-0.560258456001293,1.54701435873005,18.8277995845673,4.59476127852986e-07,0.0694751519848968,AA2,KP0658_AC_SB20,4908,0.00482679674332451,1,1,SB20,2.39325342611696
228,571,0.494586555920927,-0.197158861336912,1.4817190577507,49.4927948699914,0.819267213901646,0.0401095474262825,AL2,KP0659_LM_SB20,305,0.0016087757947412,1.05279996856955,1.10838777382004,SB20,2.19549136610162
229,299,0.54370208942364,-0.41657620452135,1.49407237615962,65.8270214558774,0,0.0302815262932701,AA2,KP0660_AC_SB20,258,0.000916970834650005,1.12552411026041,1.26680452277748,SB20,2.23225226520325
230,300,0.499098058401903,-0.711568099756096,1.51953395327883,58.5482342165386,0,0.0293723358439616,AA2,KP0661_AC_SB20,182,0.000862734112930471,1.29074226234697,1.66601558780857,SB20,2.3089834351672
231,301,0.519310406649253,0.123918427785589,1.480594641163,39.3353397023189,0.205352793711001,0.189145990547529,AA2,KP0662_AC_SB20,10679,0.035776205740206,1.05737642667299,1.11804490768375,SB20,2.19216049144059
232,572,0.457446393646339,-1.136910111606,1.53876880976109,48.6245148941994,0.0656670151827194,0.301296906175939,AL1,KP0664_LM_SB20,14663,0.0907798256711927,1.10664755780704,1.22466881720028,SB20,2.36780944989357
233,302,0.57611931135244,-0.103796621504445,1.71795488054848,13.1379098062156,0,0.194668992176057,AA2,KP0665_AC_SB20,5962,0.0378960165148419,1.06808759813934,1.14081111729907,SB20,2.95136897160034
234,573,0.425604573600377,-1.04709017538895,1.52371828209352,20.8812879913481,0,0.407229706718757,AL1,KP0666_LM_SB20,26362,0.165836034034245,1.1114643072707,1.23535290633675,SB20,2.32171740318603
235,304,0.402723893025865,-0.922995636217806,1.51772626539004,37.770325058581,0.00274870509345986,0.136283815119665,AA2,KP0668_AC_SB20,3769,0.0185732782635711,1.18304079341544,1.39958551888503,SB20,2.30349301665481
236,574,0.386962331178949,-1.03749688456587,1.48723124401687,61.1746149644773,0.122728874602874,0.0663761967382864,AL1,KP0670_LM_SB20,645,0.00440579949343971,1.00852491834206,1.01712251091686,SB20,2.21185677317996
237,576,0.502817416770104,0.408952122433016,1.87233830284607,39.9886193769018,0.0681073962230413,0.423175947707049,AL1,KP0676_LM_SB20,37912,0.179077882717759,1.08117105372836,1.16893084742008,SB20,3.50565072030451
238,307,0.479893100670912,-0.0164157349945284,1.84999912983932,57.0560261643924,0.0329854280198756,0.0915574573287867,AA1,KP0678_AC_SB20,1513,0.0083827679925126,1.18378659909632,1.40135071220004,SB20,3.42249678040623
239,308,0.563903357319788,1.34035398079941,1.78902893998948,87.7325929172876,0.167026479477245,0.075215625326021,AA2,KP0679_AC_SB20,1213,0.00565739029318438,1.29734736970749,1.68311019768694,SB20,3.20062454811989
240,578,0.465675503547973,-0.193676614074234,1.64956322175777,3.80782672971413,0.244947370966765,0.301987076278567,AL2,KP0680_LM_SB20,18368,0.0911961942392773,1.27374961557153,1.62243808316863,SB20,2.72105882257586
241,309,0.626721521414675,1.17816964778082,1.90005653118509,78.5869117495102,0,0.052219111469553,AA2,KP0681_AC_SB20,1265,0.0027268356026696,1.08481997367088,1.17683437527528,SB20,3.61021482169913
242,579,0.503373372107785,0.144115624227171,1.95101225200075,50.644497408923,0.225742373252402,0.202911864016133,AL2,KP0682_LM_SB20,8411,0.0411732245585015,1.06307059261375,1.13011908488016,SB20,3.80644880745703
243,310,0.4432367532581,0.482277942778136,1.51373953350222,74.4568158079588,0,0.0371896356676303,AA2,KP0686_AC_SB20,416,0.00138306900109108,1.27492584503525,1.62543591033885,SB20,2.29140737528752
244,311,0.722475195278985,0.16747346339606,1.64642060961306,22.8705712500056,0,0.189605438876257,AA2,KP0688_AC_SB20,10290,0.0359502224514579,1.10701582762114,1.22548404260371,SB20,2.71070082375864
245,312,0.638577383464,-6.17856389559096e-05,1.64853778277435,54.7162688922577,0.057116635230576,0.344835132547877,AA1,KP0690_AC_SB20,21978,0.118911268639312,1.25224610244835,1.56812030109709,SB20,2.71767682123457
246,313,0.577826961071512,0.789668490643029,1.53497698489719,81.1775775334115,0.653652542805315,0.0390372203353064,AA2,KP0691_AC_SB20,274,0.00152390457150726,1.33733562434726,1.78846657214828,SB20,2.35615434416406
247,314,0.461226134321331,0.505782558125137,1.69886372680716,31.7924665902512,0.213938823046806,0.250076328521111,AA2,KP0693_AC_SB20,11370,0.0625381700865986,1.12029405741835,1.25505877508687,SB20,2.8861379622611
248,580,0.483083880443812,-1.11998007713453,1.65969528916305,49.9679063259479,0.015814706817887,0.418624406844191,AL2,KP0694_LM_SB20,38997,0.175246394005651,1.09012899012038,1.18838121510087,SB20,2.75458845287002
249,315,0.504067196595445,-0.372643561383748,1.3522599451854,42.9911882446988,0.956788584543039,0.0477750202079494,AA1,KP0696_AC_SB20,451,0.00228245255586997,1.00015923996275,1.00031850528287,SB20,1.82860695935282
250,316,0.542392050796033,-0.275498391544408,1.63404238065161,49.4290980591414,0.052049880442321,0.36383704025211,AA2,KP0698_AC_SB20,27666,0.132377391859415,1.08056270945481,1.16761576906431,SB20,2.6700945017656
251,317,0.52959983517088,0.560897517756221,1.58628949946038,58.5295092836058,0,0.0505172262700402,AA2,KP0699_AC_SB20,753,0.00255199015001844,1.00340023139319,1.00681202435991,SB20,2.51631437609827
252,319,0.623952652374191,0.642171205784153,1.5575444710971,83.2506302387351,0.00163814008870484,0.138896321314131,AA2,KP0703_AC_SB20,5722,0.0192921880745984,1.3063186603013,1.70646844225138,SB20,2.42594477944515
253,320,0.458442684218829,0.46026201691023,1.70553434699486,47.1447747452162,0.100936334818253,0.300144913830432,AA2,KP0704_AC_SB20,16514,0.0900869692982772,1.2948463826073,1.6766271545512,SB20,2.90884740877918
254,581,0.387536758631803,0.302804120715478,1.61488000733016,62.5575592187153,0.361604536753934,0.261151841557149,AL2,KP0706_LM_SB20,12782,0.0682002843486903,1.15285273363014,1.32906942543849,SB20,2.60783743807465
255,582,0.448898740236475,0.636935179663132,1.70317177239179,39.3778985670098,0.388926473328129,0.304382840515722,AL2,KP0707_LM_SB20,26279,0.0926489136004194,1.08360624517836,1.17420249458955,SB20,2.90079408627219
256,321,0.463187357476468,0.323021478991469,1.60048188550299,68.9023525097531,0.24857592099644,0.117738935413513,AA2,KP0708_AC_SB20,2573,0.0138624569123074,1,1,SB20,2.56154226582321
257,322,0.562147069361072,0.909433834674718,1.74060542524683,23.1041912360371,0,0.122543445575304,AA2,KP0709_AC_SB20,2633,0.0150168960534676,1.13150852429395,1.28031154054987,SB20,3.0297072463987
258,323,0.762468748006486,1.10074074325658,1.69118454093935,78.7629233935798,0,0.0838570562316896,AA2,KP0711_AC_SB20,1076,0.00703200587984476,1.34237029481269,1.80195800839552,SB20,2.86010515151222
259,324,0.49722309386505,0.452363227158928,1.74908780481483,38.7530911579106,0.150702720275725,0.288391977179021,AA2,KP0712_AC_SB20,13110,0.0831699325012248,1.06038684700199,1.12442026529481,SB20,3.05930814895198
260,325,0.568226632599773,-0.0619398080467908,1.76555358557192,82.1715169290609,0.143258209249468,0.19385823989256,AA2,KP0714_AC_SB20,7752,0.0375810171742415,1.3334451488932,1.7780759651068,SB20,3.11717946352587
261,583,0.553209641403586,0.30207395445426,1.58000451679496,84.3384903576118,0.633560261011925,0.461150339273667,AL1,KP0716_LM_SB20,40848,0.212659635412219,1.07686443872637,1.15963701939346,SB20,2.49641427309246
262,326,0.567549784679986,1.5448443654708,1.88882828236606,12.6669759429609,0.000339170222807141,0.186349850640907,AA2,KP0717_AC_SB20,6868,0.0347262668338882,1.05118612003915,1.10499225896296,SB20,3.56767228026592
263,584,0.386430286543207,-0.288250624151463,1.66521817551557,52.7422988579616,0.00524349502895561,0.183448519467036,AL2,KP0718_LM_SB20,5642,0.0336533592946474,1.07819386243774,1.16250200499842,SB20,2.77295157206741
264,327,0.828230480440205,1.79772897958335,1.46552996882577,78.8565666824917,0,0.121591447517504,AA2,KP0720_AC_SB20,3360,0.0147844801094019,1.35657448880111,1.840294343666,SB20,2.14777808952646
265,328,0.708580889146591,1.5388353800765,1.56098136553205,67.0108917520384,0,0.153189630572756,AA2,KP0724_AC_SB20,5982,0.0234670629150174,1.39224762592242,1.9383534518866,SB20,2.43666282353829
266,329,0.599192925113017,0.717652583263914,1.43347430980789,18.4932900226006,0.231757845390511,0.0472972835898681,AA2,KP0727_AC_SB20,505,0.00223703303498041,1.06573712702903,1.13579562392809,SB20,2.05484859687921
267,330,0.587493631123057,1.16950821323007,1.49988626563435,71.4205627028845,0.0822305817376698,0.0461797560535151,AA2,KP0730_AC_SB20,341,0.00213256986916216,1.41020553801562,1.98867965944993,SB20,2.24965880983855
268,586,0.227159991672239,-0.0582431855547034,1.58552625186511,80.9335645849381,0.827543913009121,0.254164174189212,AL1,KP0731_LM_SB20,16211,0.0645994274412839,1.1028691248895,1.21632030663453,SB20,2.51389349535344
269,587,0.464239053243831,1.2648469658696,1.43862737059025,48.5357438103146,0.00650708165854475,0.0770224232890079,AL2,KP0732_LM_SB20,894,0.00593245368931111,1.13325729943829,1.28427210673017,SB20,2.06964871141142
270,331,0.598415371816883,1.65314822930126,1.5676943853138,38.9069784638266,0.0728132538377431,0.159604633366677,AA2,KP0734_AC_SB20,4254,0.0254736389921112,1.33627996091073,1.78564413393157,SB20,2.4576656857444
271,678,0.681733072942429,-0.918785835611872,1.24239186265909,8.12948013216391,0,0.0272775841562239,AH1,KP0739_HU_WP10,98,0.000744066597399876,1.14380322654949,1.30828582106502,WP10,1.54353754040153
272,679,0.703878024426487,-1.15797096710083,1.45349991093781,66.2125882104919,0.148371237812686,0.0155517373474884,AH1,KP0740_HU_WP10,30,0.000241856534525266,1.19614336211137,1.4307589427231,WP10,2.11266199109622
273,332,0.54996142528336,-1.18176841271725,1.51795057311909,19.1837646681708,0.295161357748894,0.0939893513078933,AA2,KP0741_AC_WP10,1220,0.00883399815927858,1,1,WP10,2.30417394243256
274,333,0.576514982486983,-1.48409035933383,1.54127367792653,82.7185362245294,0,0.114179644361519,AA2,KP0742_AC_WP10,1829,0.0130369911865229,1.44630000691957,2.09178371001554,WP10,2.37552455026917
275,334,0.585388528066045,-1.06989703853919,1.41438211505211,58.6035037175042,0.240315862297703,0.165009480280977,AA2,KP0743_AC_WP10,9124,0.0272281285825983,1.17653304810852,1.38423001329151,WP10,2.00047676737928
276,680,0.601478208939738,-1.60416854524242,1.59716624240647,30.1737557734467,0.0494678933150825,0.0280225945179374,AH3,KP0744_HU_WP10,96,0.000785265803516734,1.10818707969832,1.2280786036103,WP10,2.55094000588281
277,336,0.436202582657844,-1.86155313766047,1.50142013100698,20.5904373731576,0.162848912600414,0.151828964164047,AA2,KP0746_AC_WP10,2386,0.0230520343591276,1.02666785144574,1.05404687719221,WP10,2.25426240979302
278,338,0.500729076296176,-1.30301080553606,1.74582896887077,41.4012517716864,0.000481135374195392,0.0405123340265078,AA2,KP0748_AC_WP10,213,0.00164124920827535,1.30807862916351,1.71106970007429,WP10,3.04791878854836
279,340,0.529615121699606,-1.49593695052393,1.37810476315201,51.9021450992924,0,0.0750374656764462,AA2,KP0751_AC_WP10,953,0.00563062125514384,1.27333359541656,1.62137844521646,WP10,1.89917273822226
280,342,0.608230374075382,-0.35836339738539,1.89800670252476,11.4376045465879,0.171886851154339,0.0611420085123545,AA2,KP0757_AC_WP10,612,0.00373834520492483,1.23217219097591,1.51824830821438,WP10,3.6024294428289
281,343,0.574411120524409,-0.74767036402083,1.74370352634301,41.5218989698296,0.0698417562722679,0.204369470256339,AA2,KP0758_AC_WP10,4973,0.0417668803728565,1.19715392512177,1.43317752043447,WP10,3.04050198778106
282,344,0.441532969037751,-0.456126427694291,1.76107299085075,62.0090639195122,0.179772244613635,0.25051791208701,AA2,KP0760_AC_WP10,9391,0.0627592242764348,1.46152568118859,2.13605731677378,WP10,3.10137807910402
283,681,0.506257467515166,-0.745386881585188,1.98849187110096,38.3788682298422,0.135387775175423,0.0830233404348764,AH1,KP0764_HU_WP10,830,0.00689287505696538,1.26526840500513,1.60090413670423,WP10,3.9540999214346
284,346,0.536367602636973,0.0498904907578172,1.69891557874068,18.7064776832562,0.358901148036837,0.150661405281789,AA2,KP0767_AC_WP10,3985,0.0226988590414835,1.06679319083808,1.13804771201849,WP10,2.88631414368778
285,682,0.49592344713691,-0.615319393796544,1.90027746432722,76.7844955510736,0.537960870739188,0.0505338717990499,AH3,KP0768_HU_WP10,332,0.00255367219900281,1.32628255221952,1.75902540832192,WP10,3.61105444142989
286,683,0.553888599960955,0.103215712656758,1.91129052159284,65.6569849129634,0.273266622567635,0.0230895779152384,AH3,KP0770_AC_WP10,73,0.000533128608303865,1.06560624700468,1.13551667365539,WP10,3.65303145793062
287,349,0.638730410395434,-0.260828114482689,1.18376991083119,32.0284237872946,0,0.141834582645127,AA2,KP0773_AC_WP10,2377,0.0201170488341173,1.07471109648944,1.15500394091754,WP10,1.40131120178928
288,350,0.797925161515134,-0.927643684551257,1.59978372390673,59.0763426384586,0.0935724135858987,0.140995169443442,AA2,KP0777_AC_WP10,3930,0.019879637806385,1.14196812647882,1.30409120189354,WP10,2.55930796327688
289,351,0.731882787151077,-0.950020562933543,1.44539895235757,85.8552930505147,0,0.126600536903416,AA2,KP0779_AC_WP10,2181,0.0160276959442331,1.29942019419816,1.68849284108998,WP10,2.08917813147637
290,352,0.746302620743211,-1.79379046033325,1.67554878832706,61.4962491453595,0,0.19531549625385,AA2,KP0782_AC_WP10,7002,0.0381481430768877,1.24347728045099,1.54623574699778,WP10,2.80746374206429
291,686,0.499989913212809,-0.109926049669103,1.74327965188389,76.1631455739026,0.864272699620265,0.05385462997771,AH2,KP0783_HU_WP10,331,0.00290032117003606,1.3705958127555,1.87853288194292,WP10,3.0390239446724
292,687,0.616369783380451,0.178913201052065,1.85467154685489,49.6896646468233,1,0.0347541323045349,AH1,KP0785_AC_WP10,249,0.00120784971224112,1.09456006439478,1.1980617345679,WP10,3.43980654671311
293,688,0.630926078489814,-2.20063019948958,1.70604015417866,12.9464121074559,0,0.0275666908077775,AH3,KP0786_HU_WP10,138,0.000759922442091602,1.18254013016616,1.3984011594534,WP10,2.91057300766994
294,353,0.667046506787342,-2.09831249831395,1.6665297373417,45.353509845829,0.000918694443947359,0.431777948552125,AA2,KP0787_AC_WP10,25529,0.186432196855882,1.35560640254275,1.83766871861491,WP10,2.7773213654442
295,354,0.644139677480198,-1.88117489022739,1.63062346567902,80.0530989588682,0,0.034577637340175,AA2,KP0788_AC_WP10,176,0.00119561300402866,1.57186011635351,2.47074422538288,WP10,2.65893288682304
296,689,0.670027526098844,-2.03569980639365,1.58857917605232,68.6509683314507,1,0.0189901826084281,AH1,KP0789_HU_WP10,83,0.000360627035501444,1.19364694527393,1.42479302996178,WP10,2.52358379858708
297,355,0.574977976156449,-2.09667506310428,1.685719679689,77.4626815405184,0,0.102642153033891,AA2,KP0790_AC_WP10,1481,0.0105354115794328,1.3736064294984,1.88679462315934,WP10,2.8416508384908
298,356,0.793330520743412,-1.85967054104217,1.52916431252205,78.0459858752124,0.0308052214191984,0.088603115007992,AA2,KP0792_AC_WP10,2983,0.00785051198911946,1.02835738967747,1.05751892090426,WP10,2.33834349469102
299,357,0.518988690506181,-2.31542315804869,1.51485246644974,48.5112352093506,1,0.126560433802193,AA2,KP0793_AC_WP10,1962,0.0160175434041993,1.29284892878741,1.67145835266676,WP10,2.29477799510887
300,358,0.604062469105078,-1.90083237639606,1.685853304654,70.1329808453452,0,0.0535054056226769,AA2,KP0794_AC_WP10,473,0.00286282843084719,1.19734586166229,1.43363711243982,WP10,2.84210136481281
301,589,0.523291902235126,-2.39271595243073,1.46207040744496,34.095538747513,0.11450219210197,0.241798181950906,AL2,KP0795_LM_WP10,9247,0.0584663607947635,1.11973120213952,1.25379796504481,WP10,2.13764987632627
302,360,0.505974103640809,-2.28136613462511,1.52147899776448,17.440842441813,0.0245210849883478,0.12429214359688,AA2,KP0797_AC_WP10,1433,0.0154485369599073,1.11670572700072,1.24703168071621,WP10,2.3148983406384
303,361,0.583614030984382,-1.98450110923811,1.58682363241668,22.5977377321355,0.0302942463941389,0.229218013476874,AA2,KP0799_AC_WP10,6740,0.0525408977022843,1.17761118362876,1.38676809980752,WP10,2.51800924039606
304,362,0.728881036418181,-1.75753008790243,1.60661994362634,18.2192182961633,0.000428834584602908,0.0978184659538172,AA2,KP0800_AC_WP10,1385,0.0095684522815581,1.26557611725082,1.60168290855567,WP10,2.58122764325791
305,363,0.580170222071393,-1.88882864973178,1.64485742513457,45.4171773192715,0.829399019855091,0.102628696305669,AA2,KP0801_AC_WP10,1097,0.0105326493054012,1.21802618406873,1.48358778507703,WP10,2.70555594902032
306,364,0.50412676754681,-1.88614192025296,1.68286050382018,46.4201666059181,0.847564039836903,0.0537187829912108,AA2,KP0802_AC_WP10,650,0.0028857076460568,1.01709881788129,1.03449000533551,WP10,2.83201947531792
307,691,0.482857758221096,-2.29065760270803,1.44749260184776,40.4604575153556,0.936979222758041,0.0481975911506162,AH1,KP0803_HU_WP10,307,0.00232300779272196,1.14244764201769,1.30518661475179,WP10,2.095234832404
308,365,0.590826499031475,-1.8730734098457,1.69690248128041,67.846245877449,0.449263646026496,0.137759439223948,AA2,KP0804_AC_WP10,2637,0.0189776630952967,1.23954102943148,1.53646196364405,WP10,2.87947803097562
309,692,0.493763442223383,-1.93324082167842,1.66527466790021,68.3800608284061,0.395394223525151,0.0729064054267681,AH1,KP0805_HU_WP10,963,0.00531534395225227,1.07980557644716,1.16598008292638,WP10,2.77313971955015
310,366,0.591397141536748,-1.9241987429261,1.56164581434398,35.028850806813,0.00243604973721242,0.233065358571198,AA2,KP0808_AC_WP10,8465,0.054319461365921,1.51446325616763,2.29359895428186,WP10,2.43873764945808
311,367,0.486062801462036,-2.02749158188146,1.75695236031394,67.7648789501552,0.168319565008689,0.0684116442324692,AA2,KP0810_AC_WP10,939,0.00468015306658994,1.52036639692428,2.31151398089651,WP10,3.08688159641274
312,368,0.537008676454101,-1.9208291540527,1.84174196963576,21.2704572874432,0.328366409830084,0.0729019079426328,AA2,KP0811_AC_WP10,661,0.0053146881816761,1.05358655674068,1.11004463254468,WP10,3.39201348271782
313,369,0.568102993191507,-1.90961228493066,1.65233756966882,88.1605578946873,6.32207804247362e-05,0.17665088854371,AA2,KP0812_AC_WP10,3789,0.0312055364232822,1.42891162072036,2.04178841982969,WP10,2.73021944413905
314,370,0.478733420807486,-2.04886154452032,1.41027810171117,45.2141379394213,0.0918596714003833,0.255165232672016,AA2,KP0815_AC_WP10,16531,0.0651092959645639,1,1,WP10,1.98888432416605
315,371,0.438000225188607,-2.25849582865551,1.53925915098296,50.7998595945404,0.95706924377666,0.123822767098935,AA2,KP0816_AC_WP10,2108,0.0153320776520372,1.03367854567531,1.06849133578943,WP10,2.36931873388477
316,373,0.642370051521736,-2.76772054124139,1.47341618095619,27.1207948523595,0,0.234575866245069,AA2,KP0823_AC_WP10,8191,0.0550258370246245,1.46868287561379,2.15702938912118,WP10,2.17095524230352
317,374,0.467161835285236,-3.15981206210423,1.79230927897437,67.3380023044414,0.976889013790069,0.309061676496239,AA2,KP0824_AC_WP10,13054,0.0955191198786658,1.00612936972029,1.01229630861375,WP10,3.21237255149761
318,698,0.519672459899534,-2.68921824614487,1.6391938859984,55.9765151747591,0.964667013668193,0.0473276257523753,AH1,KP0831_HU_WP10,314,0.0022399041593569,1.41562571533858,2.00399616592787,WP10,2.68695659589453
319,378,0.500160975537994,-2.77070232030428,1.59581639435189,62.4692172439959,0.978867139760753,0.0865605916114232,AA2,KP0833_AC_WP10,1744,0.00749273602011958,1.48542487867449,2.20648707018511,WP10,2.54662996448228
320,379,0.530636643352811,-2.96891132836867,1.64355952733766,62.4203117965945,0.169514828319129,0.113763267947178,AA2,KP0835_AC_WP10,3520,0.0129420811340215,1.25023037373467,1.56307598740874,WP10,2.70128791990239
321,380,0.646274340242495,-2.41778302050979,1.60391460438235,62.0584562372283,0.711206457703567,0.0864529959096118,AA2,KP0837_AC_WP10,10948,0.00747412050174736,1.18676983371882,1.408422638225,WP10,2.57254205815098
322,702,0.610135608610338,-2.00885078827116,1.48323986269389,61.8887980514188,0.117351661929994,0.0488417527661394,AH1,KP0845_AC_WP10,227,0.00238551681326868,1.49346669696175,2.23044277493384,WP10,2.20000049028419
323,384,0.510821587688772,-2.44195173769988,1.91394823491867,5.83948860505885,0.00119532118698985,0.412012636386948,AA2,KP0857_AC_WP10,35164,0.169754412542524,1.49124647490057,2.22381604890338,WP10,3.6631978459483
324,706,0.69424800407087,-2.13206814070913,1.72694463839355,55.4912651596782,0.255703941693629,0.049515265261262,AH1,KP0859_HU_WP10,348,0.00245176149389314,1.26853595337432,1.60918346500329,WP10,2.98233778407623
325,385,0.547828525521595,-2.30099061937622,1.78740124839555,73.109738314532,0.00520559911576984,0.107112401486361,AA2,KP0861_AC_WP10,1602,0.0114730665521754,1.43253542673135,2.05215774884037,WP10,3.19480322276596
326,389,0.704352282170784,-3.75624391580823,1.38169642377857,84.1044487161947,0,0.125960396006615,AA2,KP0879_AC_WP10,2752,0.0158660213621432,1.22238814600669,1.49423277949768,WP10,1.90908500748249
327,391,0.571205003000588,-3.63376226864703,1.85928723299657,49.0018777473035,0,0.195222966804789,AA2,KP0881_AC_WP10,5597,0.0381120067680637,1.40034534882947,1.96096709598833,WP10,3.45694901478403
328,393,0.57599749647895,-3.39820015304849,1.75875564373922,79.6628752557788,0.0344189887111436,0.236698888104161,AA2,KP0883_AC_WP10,8539,0.056026363629746,1.53364109142045,2.3520549972933,WP10,3.09322141438454
329,395,0.731434645872871,-3.10331925490664,1.79542664691891,70.8821786789004,0.0107495479445642,0.188928669212611,AA2,KP0885_AC_WP10,5451,0.0356940420504483,1.46393518417874,2.14310622347645,WP10,3.2235568444665
330,396,0.430191867911562,-3.5116442281248,1.67409006608947,34.6302074874115,0.504518246191563,0.196777477592026,AA2,KP0887_AC_WP10,7956,0.0387213756874802,1.19918478516038,1.43804414896014,WP10,2.80257754937945
331,592,0.486801367985737,-2.8637784434849,1.4839879127964,58.3383662922871,1,0.154673798763312,AL2,KP0893_LM_WP10,3484,0.0239239840238734,1,1,WP10,2.20222012532581
332,397,0.47416218299439,-2.92220040564701,1.5284907584709,51.9723310409208,0.84756078461984,0.354398802718585,AA2,KP0895_AC_WP10,32262,0.125598511368367,1.02887990591663,1.058593860799,WP10,2.33628399873094
333,715,0.579057063683151,-2.14329375440772,1.57548843488587,54.6360724556899,0,0.0291786540209823,AH3,KP0903_HU_WP10,275,0.000851393850476188,1.05559412644097,1.11427895977667,WP10,2.48216380845911
334,425,0.522958062862956,-1.3329829853615,1.37451404173238,17.3069808561598,0.00117839099419993,0.236918043352241,AA2,KP0950_AC_WP05,10676,0.0561301592658545,1.29034638721368,1.66499379899538,WP05,1.88928885091949
335,723,0.577580807902974,-1.18899478675234,1.47711919035941,60.6278938045045,0.00203416585024803,0.00776926260243826,AH3,KP0954_HU_WP05,15,6.03614413856458e-05,1.33064687491632,1.77062110572458,WP05,2.18188110252804
336,724,0.627469333523424,-1.13412314849604,1.48476316163872,10.9395438665525,0,0.0212323134330245,AH3,KP0956_HU_WP05,84,0.000450811133718194,1.25282172285566,1.56956226925901,WP05,2.2045216461594
337,726,0.591184040671623,-1.15019814139889,1.48092997069545,37.4938495052109,1,0.0158322883172477,AH3,KP0958_HU_WP05,45,0.00025066135336046,1.12448599880402,1.26446876150627,WP05,2.19315357810402
338,427,0.515036156074854,-1.35199648596025,1.61690573216384,41.8286380117669,1,0.106379487424275,AA2,KP0962_AC_WP05,5204,0.0113165953446514,1.11819747417813,1.25036559125834,WP05,2.6143841467043
339,730,0.448066405811062,-1.47990350811674,1.39854448145085,38.5478783506988,0.361244741337398,0.0341725480865073,AH1,KP0963_HU_WP05,194,0.00116776304272465,1.19538915602109,1.42895523433282,WP05,1.95592666659663
340,428,0.472439391053073,-1.25743820186313,1.46152862032251,71.8294730246733,0,0.0161677512229707,AA2,KP0965_AC_WP05,75,0.000261396179607871,1.28816956569846,1.65938082999177,WP05,2.13606590802182
341,429,0.40641374302494,-1.34983879524928,1.44706207239731,64.465723938572,0.00242775034103651,0.0854792171123474,AA2,KP0966_AC_WP05,1806,0.00730669655813983,1.22530527341826,1.50137301306659,WP05,2.09398864137079
342,733,0.400193882618055,-1.57057573296427,1.42898821960322,30.8816991078699,0.151524871079107,0.0235860541328241,AH1,KP0970_HU_WP05,104,0.000556301949556511,1.07034013589619,1.14562800651027,WP05,2.04200733176477
343,734,0.417287603341366,-1.52718104633247,1.44506555411529,33.2710267015873,0,0.026599214994138,AH3,KP0971_HU_WP05,160,0.000707518238304374,1.13161975058695,1.28056325991846,WP05,2.08821445569053
344,735,0.39038510113454,-1.55812784773794,1.30105976050834,57.7223125505871,0.00429406309234805,0.0300682309633064,AH2,KP0972_HU_WP05,151,0.000904098513262739,1.15742488498854,1.33963236439073,WP05,1.69275650041402
345,736,0.483523035199736,-1.65126925738417,1.42919726595121,52.4806106576687,0.00124026784224107,0.0367342228958832,AH2,KP0973_HU_WP05,223,0.00134940313176443,1.27135723186638,1.61634921101895,WP05,2.04260482500242
346,431,0.857564930373626,-1.24003883737943,1.35888633979679,63.8064833330107,0,0.14744541487433,AA2,KP0974_AC_WP05,3842,0.0217401503674633,1.63373855050449,2.6691016514045,WP05,1.84657208448631
347,432,0.617428421457325,-1.43476956887502,1.45445655744015,59.1740735930549,0,0.0256278849563852,AA2,KP0977_AC_WP05,139,0.000656788487337714,1.34110429105845,1.79856071949539,WP05,2.11544387748065
348,433,0.424729631992139,-1.51960569024623,1.27526945344206,85.0531845086952,0,0.14292558815354,AA2,KP0978_AC_WP05,5474,0.0204277237490352,1.71578502507328,2.94391825226571,WP05,1.62631217888242
349,737,0.482363675363091,-1.07828120209271,1.33305194168529,42.4805030239226,0,0.0231937275975663,AH2,KP0979_HU_WP05,100,0.00053794899987011,1.09635802308834,1.20200091479017,WP05,1.77702747923092
350,738,0.782000514179002,-1.10696958956477,1.32124357738419,50.2411419763813,0,0.0167564023797872,AH2,KP0980_HU_WP05,57,0.00028077702071334,1.19072356034228,1.4178225971542,WP05,1.74568459077898
351,434,0.653470938574742,-1.19337034069474,1.30104012401973,61.9472059123543,0.336740583446201,0.08744288260048,AA2,KP0981_AC_WP05,3954,0.00764625771748133,1.08078630133786,1.16809902915956,WP05,1.69270540430926
352,435,0.506197326281318,-1.21268833146562,1.34904936745657,7.04560990420808,0,0.205656513352549,AA2,KP0982_AC_WP05,11621,0.0422946014843271,1.25998736334678,1.58756815579356,WP05,1.81993419583497
353,436,0.581119315157669,-0.935530063148178,1.33300776220193,55.464622153454,0.75152898375666,0.0594869373364365,AA2,KP0983_AC_WP05,1319,0.00353869571366912,1.00468134006753,1.00938459507989,WP05,1.7769096940906
354,739,0.532875930081744,-0.970390068568265,1.43913662309137,49.4120805129711,0.771965556584361,0.017195453043365,AH3,KP0984_HU_WP05,171,0.000295683605366571,1,1,WP05,2.07111421992284
355,741,0.808882380012339,-1.03426690621973,1.22812878350891,41.6603782668702,0.0549527307777491,0.0239605534886658,AH2,KP0986_HU_WP05,106,0.000574108123483217,1.17023149838307,1.36944175980789,WP05,1.50830030888308
356,742,0.4386637538111,-0.957071303355914,1.31316588772981,38.1400023496321,0.152401842142723,0.01433077132059,AH2,KP0987_HU_WP05,52,0.000205371006643046,1.15725045517014,1.33922861599149,WP05,1.72440464869723
