X,colony_theta_xz,colony_psi_yz,colony_rugosity,overhang_prop,outcrop_prop,environment_rugosity,range
KP0287_LM_WP20,36.7557667456724,67.1728076794701,1.20805238,0.143371757925072,0.417374690822071,2.09808548067015,0.16147725955473
KP0288_LM_WP20,26.0541482261868,37.6714672249873,2.10313406,0.134809363699803,0.454596016341313,2.12440486500455,0.192994662790927
KP0289_AC_WP20,21.3213102355405,15.2018903422195,1.76667045,0.00953320184089415,0.443748116850934,2.13959963063052,0.0852491260060331
KP0290_LM_WP20,0.0274362199655744,24.9205335049756,1.27062783,0,0.491450571420857,1.72777409339267,0.101559936085917
KP0291_AC_WP20,21.9905728427683,73.3434403591257,1.10623581,0.053030303030303,0.477859074879443,2.13385764730081,0.0364302476142874
KP0292_AC_WP20,82.8983998488945,46.841346723057,2.97343851,0,0.765080516002334,1.46567145111288,0.042026475205119
KP0293_LM_WP20,8.52671337851276,57.0560562221077,1.25046855,0.00110223201984018,0.537528054473925,1.89363083705385,0.201365218124513
KP0294_AC_WP20,66.804000921918,74.5984583958241,1.46496373,0.0578378378378378,0.483210311624657,2.48813883713358,0.0720926620938395
KP0295_AC_WP20,18.3336028019285,33.8265232754511,1.64308851,0.00588125466766243,0.647710569776056,1.90201081512749,0.139251631096156
KP0296_AC_WP20,22.2013295349929,25.8095026323208,1.84630866,0,0.506962469733589,1.77711849917987,0.0273848674704058
KP0297_AC_WP20,34.4993590838871,59.9880351593841,1.62919277,0.0121065375302663,0.504543918804338,1.92605696970457,0.034853831416438
KP0298_AC_WP20,5.10833253806945,43.8162600091596,1.14268565,0.0188305252725471,0.384518076269695,2.51217946355591,0.0543894677393032
KP0299_AC_WP20,41.9028630169023,59.9632840917947,2.13510051,0,0.494770451735788,2.00141476395296,0.0390845956882409
KP0300_AC_WP20,72.2275101065388,67.7539904520628,3.00411988,0.0139616055846422,0.509708244886721,2.3240329413995,0.0401448475317933
KP0301_AC_WP20,42.3061632287904,39.0626261175234,1.9689721,0,0.431558269343987,2.36661614891768,0.0344389417415196
KP0302_AC_WP20,26.1165372957283,43.7757353964592,1.05827074,0.0518867924528302,0.372873956280956,2.49294330787153,0.0275374881954929
KP0303_AC_WP20,48.098742524625,74.5978863651047,1.52160936,0.0117899249732047,0.429485509229645,2.55471688091847,0.0576141964184626
KP0304_AC_WP20,74.4732239024358,71.9291205049945,2.68702194,0.000304599451720987,0.424605023537644,2.36480752969827,0.11715713901891
KP0305_AC_WP20,83.7798699140026,86.3743095651485,1.99217267,0,0.83313503515302,1.87719446977432,0.0908418021025343
KP0306_LM_WP20,23.0460065401775,16.9543203245508,1.63348664,0.0354048964218456,0.450461420214464,1.49347124519346,0.0925640741398435
KP0309_AC_WP20,85.2480769378811,83.6019995065817,2.08438199,0.00728332119446468,0.633566674134198,2.10286355663084,0.0743524461033369
KP0310_AC_WP20,71.3696887775275,3.0817829843035,1.62873166,0,0.813557085862188,2.00753553859484,0.145466262138857
KP0311_AC_WP20,39.1254051648972,17.3580341415096,2.00787081,0,0.742379987415016,2.37949140091541,0.0363756140586819
KP0312_AC_WP20,83.8355563426059,68.1363943637062,3.2797877,0,0.777295764638443,2.45591601482503,0.0324762056463965
KP0313_AC_WP20,58.8071850137151,78.9733934308976,1.51508352,0.00204081632653061,0.764894515478604,2.00902455533515,0.0603915208003086
KP0315_AC_WP20,66.32904703011,38.4488947916401,2.60028022,0,0.601549716256291,2.48935788410104,0.048023661107018
KP0316_AC_WP20,65.0660651417492,58.0822278041971,5.10281536,0,0.57003893627704,2.61996191328655,0.0165416222618159
KP0317_AC_WP20,49.4600402891838,65.523320136085,2.01886508,0,0.499931854835012,2.59818711405847,0.0287400809817318
KP0318_LM_WP20,49.0863775974906,12.0177010611247,3.90500648,0.0072289156626506,0.413594377783744,1.81238371300904,0.0401680771034605
KP0319_LM_WP20,49.0350739444095,12.9854398699089,3.59764283,0.219327176781003,0.220086504355902,1.73020137967364,0.0822077229750817
KP0320_LM_WP20,47.359268731351,13.6309902930236,1.93717021,0.209694793536804,0.199474496432685,1.89780235700898,0.145911220409756
KP0321_LM_WP20,48.5356497182217,35.6430009885831,3.42106687,0.0278044103547459,0.54177840945111,2.33599171583044,0.0489517787330366
KP0322_LM_WP20,21.730554191012,15.7798446069627,1.94037582,0.153476983349657,0.41327982738955,2.14887633194759,0.301774182405638
KP0323_AC_WP20,34.5367656285758,67.7653032882295,1.84539264,0,0.850135815164217,2.73195043788689,0.0150713193914403
KP0324_AC_WP20,76.1253961523999,79.4670580137961,2.63721989,0,0.763405514385159,2.85321042801039,0.08469531546854
KP0325_AC_WP20,9.41878900598221,58.2295286759868,1.23081191,0.00727272727272727,0.620892234019117,2.30619465909965,0.0470997679024145
KP0326_AC_WP20,47.8433529758633,62.0031616547143,2.84421887,0,0.70709239282451,2.09875238190168,0.0709912236846011
KP0327_AC_WP20,70.3606784709208,80.4931655906494,1.81552471,0.00841883714811892,0.608996186854559,2.73119544503089,0.0961915628168582
KP0328_LM_WP20,36.1902984502689,32.5572587903718,2.53203472,0.0117130307467057,0.523457147873878,2.1883341329621,0.0657652945482771
KP0329_AC_WP20,41.2260732939669,41.787672935986,2.40169936,0.00920309558669734,0.573808539357577,2.18317626542621,0.0967450335564861
KP0330_LM_WP20,22.677374479472,10.0329227019645,1.28807686,0.011522633744856,0.590380033593155,2.17390057137922,0.129048612597456
KP0331_AC_WP20,11.3000978834557,11.2892953750103,1.56883789,0.0211081794195251,0.523413995396067,2.0936923375942,0.0842257094254998
KP0332_AC_WP20,69.1447190533464,73.5921303666042,2.18325986,0,0.634324117418506,2.12599500540545,0.0685061050967132
KP0333_AC_WP20,64.5480059932529,50.1238213895359,2.9533315,0,0.660138305488075,2.0233266515129,0.0247740875215392
KP0334_AC_WP20,77.0868814151871,67.7051684032134,2.43192931,0.0201438848920863,0.623013369164885,1.89303517187845,0.0599323066736426
KP0335_AC_WP20,63.8421819221686,76.6246203058515,3.10875665,0,0.842391324957798,1.80166463253779,0.0433111542729752
KP0336_AC_WP20,8.08387708797277,21.466693778673,1.27545322,0,0.839843485717489,1.91462784437973,0.048816624766846
KP0337_AC_WP20,50.8335194316345,52.6050887949609,1.9748968,0,0.822251335817536,2.03890960211415,0.0435374882808348
KP0338_AC_WP20,72.6773450699462,78.5989565934784,1.72813617,0,0.772391880781682,2.13569273801857,0.156696481860223
KP0339_AC_WP20,74.6282790294269,31.1827612075575,1.86542807,0.0547667342799189,0.542168099519885,2.25597467477666,0.0269085446457159
KP0340_AC_WP20,17.3491580062911,20.8663631576259,1.40642914,0.0159266409266409,0.569737069101575,2.20259777474699,0.157455789166433
KP0341_LM_WP20,67.0439459814708,5.04755208616311,1.62089213,0.10043795620438,0.390611565360658,1.70610190801134,0.114100816809471
KP0342_LM_WP20,74.2968899384246,30.2201813290196,1.97067247,0.0534535164028928,0.416532941910757,2.08323628392391,0.239162946233837
KP0343_LM_WP20,34.6642758205584,8.9276694254491,1.48562945,0.0408491476358958,0.400114802376932,1.93887483679557,0.108261889231107
KP0344_LM_WP20,32.0053037033613,38.9131787947238,2.09784827,0.00230773668724399,0.538443566668083,2.09038251796666,0.27049294753679
KP0345_LM_WP20,76.7615647085426,72.0913145400917,1.71625377,0.00184299661287109,0.376378164490054,2.17868748961786,0.199093188452816
KP0346_AC_WP20,14.1588382246654,57.7323182731789,1.87704973,0.0016366612111293,0.501826664210163,1.94426600604767,0.0686711356479622
KP0347_AC_WP20,47.1628579603618,31.1100752079968,4.97630447,0.00453917505427275,0.576860112332823,1.84238399183528,0.125019597756518
KP0348_LM_WP20,54.865144605587,49.3253017651075,3.32960125,0.0119317737266255,0.508835068767752,2.0372477328614,0.236628159886535
KP0349_LM_WP20,37.3354697222034,0.614466119377457,3.11463235,0.00167344011475018,0.492287077325154,2.15126133251881,0.273026253546443
KP0350_LM_WP20,48.9436624977541,45.5130547663422,2.05319789,0.0238549174610556,0.3825172289587,1.98758744340113,0.382630162250117
KP0351_AC_WP20,73.0369836326316,82.4481072857674,2.53235959,0,0.639158324768363,2.35703612520277,0.0712840245792073
KP0352_AC_WP20,79.8224556149821,75.8474376143538,3.12767709,0,0.639251673174029,2.39452999684518,0.111048710378034
KP0353_AC_WP20,70.8213725332813,64.0152861629354,3.58937934,0,0.546220415766505,2.31895164540404,0.142079368242013
KP0354_AC_WP20,18.0429412145087,14.9131912488366,1.59765038,0.052896725440806,0.57006612068364,2.46328891679014,0.0309673170881076
KP0355_AC_WP20,77.3187883623439,70.322571126564,2.10347363,0.00271186440677966,0.83533875011237,2.10433596675536,0.0731189318184705
KP0356_AC_WP20,81.9524697868617,82.5313558082165,2.54776555,0,0.715080722504433,2.12508808354142,0.119492220454161
KP0357_AC_WP20,56.4363371654614,16.9783686696839,2.71305037,0,0.683689394418727,2.1023009994244,0.0830627957673488
KP0358_AC_WP20,43.5671301314992,12.5785281169006,2.59035248,0.000700317836556591,0.611199237638899,2.48585404757691,0.232544778651194
KP0359_AC_WP20,56.6507437835809,24.1352651506868,2.68820936,0,0.60990414722297,2.50277705572951,0.0551364850426917
KP0360_AC_WP20,77.5962287671494,83.3766708453184,1.96157409,0,0.649327000513263,2.50962167806829,0.0562950634535167
KP0361_AC_WP20,62.8973648791186,74.4927033967009,2.43386656,0,0.640454669456923,2.44402412672328,0.0489604266844872
KP0362_AC_WP20,74.3712699134446,65.0664925694503,4.75441632,0,0.552672729639736,2.53318906337782,0.0513330620356166
KP0363_AC_WP20,65.5496230525329,50.945994961078,3.21266129,0.0153701380175659,0.483059698692296,2.44223512414002,0.0994603854341272
KP0364_AC_WP20,77.9375044757976,61.7567933327049,2.37420279,0,0.855234076315617,2.10987436504889,0.148569406668713
KP0365_AC_WP20,84.6312333851457,87.6117121777887,2.00547646,0.0119189511323004,0.68852386538092,2.58434961528109,0.0371980584019856
KP0366_AC_WP20,31.7040605385086,18.4696177043346,2.13288495,0,0.620109319464952,2.50526841968714,0.0197536434718966
KP0367_AC_WP20,82.2813106918555,76.4638397723493,2.6313236,0,0.878451564679252,2.15122745813639,0.05594955299979
KP0368_AC_WP20,82.2275972168719,73.1696163133638,2.75698566,0,0.585187434149932,2.32448718832148,0.0480048862228062
KP0369_AC_WP20,54.8394916176943,8.59843263257313,3.08594635,0.00933511144979996,0.530371554515087,2.62153033727014,0.125566157962089
KP0370_AC_WP20,23.9594734354575,11.7749407511678,1.95166394,0.0139241905182893,0.517639073073248,2.28978729214115,0.11727047619774
KP0371_AC_WP20,78.4994434138142,75.0418307698637,1.63981339,0.0358056265984655,0.517337060975801,2.42937442483741,0.0336969311295842
KP0372_AC_WP20,72.5644504252104,74.4158968874969,2.92444984,0,0.541442694844304,2.44303657692894,0.163286080881991
KP0373_AC_WP20,49.8800855977827,36.0439354204344,2.51107033,0.0338983050847458,0.518600922459855,2.73512885784217,0.0423352169458783
KP0374_AC_WP20,8.12311324675212,60.6988795764668,1.07678837,0,0.477665721332087,2.0222987338111,0.165208639142523
KP0375_LM_WP20,19.0406546506037,19.1900744900332,2.16387439,0.0570719602977667,0.412145012750269,1.95876834451764,0.135602584281912
KP0376_LM_WP20,13.7731568743904,46.5593552777657,1.10611,0.0047464401698726,0.342590680282486,1.94424826760148,0.133653429182821
KP0377_LM_WP20,79.5014951699047,84.8593145278049,1.946891,0.000101010101010101,0.510972975209405,2.10834647753694,0.198520415254306
KP0378_AC_WP20,43.3936074913592,25.0435603071793,2.87931716,0.02088772845953,0.711530792454751,1.62837517444559,0.0252667223164071
KP0379_AC_WP20,17.2167583066363,29.3094298338158,2.50764929,0,0.504483521264593,2.02230234224367,0.00562171425731001
KP0380_LM_WP20,0.0583821888368805,17.592853121346,1.03251964,0.0540540540540541,0.309637235793741,1.82584581245407,0.0889434338116368
KP0381_AC_WP20,67.7369395241362,82.3066589732582,1.14624359,0.056918547595682,0.538480562656363,1.9407739931135,0.123204275695339
KP0382_AC_WP20,50.2101323979958,78.5415198733232,1.07939283,0.036101083032491,0.609666680284746,1.8390180040081,0.0410599723615707
KP0383_AC_WP20,74.1367914648138,74.104708461324,1.57144173,0.115555555555556,0.398118859643247,1.85304602716996,0.0920748052989056
KP0384_AC_WP20,45.6902010732648,22.5921024236551,2.6667249,0.0573027989821883,0.507995306729777,1.88692421052042,0.208410808239727
KP0385_AC_WP20,55.9299762883672,18.9973393271192,1.61894263,0.00734048560135517,0.733517454763871,2.20635130705209,0.159628158447909
KP0386_AC_WP20,58.5399744449024,0.54746041803475,2.44452709,0,0.741751820323704,2.0135624950404,0.028911630398148
KP0387_AC_WP20,31.2434327820559,10.8654600476919,3.22773648,0,0.795534695595694,1.77493348462443,0.0100443441722942
KP0388_AC_WP20,32.6576699327897,6.28767637858097,3.02164172,0.0382775119617225,0.735849787635148,1.99145209562027,0.0352380707505686
KP0389_AC_WP20,31.0057085350968,14.6459915221563,1.76398753,0,0.957867033920196,1.9983623936988,0.0393444641145688
KP0390_AC_WP20,11.4132624381789,30.2515148237248,1.69208981,0.0246913580246914,0.850366110580281,2.02105372776865,0.0117038480882251
KP0391_LM_WP20,49.9011793586331,11.0425640600356,2.34102671,0.0268530977593167,0.488356568166577,2.13923587014408,0.185516806682753
KP0392_AC_WP20,88.3779875978291,75.7330224986654,2.34093886,0.0447030006123699,0.596836370687156,1.7218299597476,0.0617205770748686
KP0393_AC_WP20,68.2786468067492,46.1598274144838,2.85332604,0.0200803212851406,0.669717193052,1.88236262575005,0.0220322577673537
KP0394_AC_WP20,12.6395328801373,16.1027391802013,1.63037501,0,0.637011689960066,1.72853732582964,0.0538777937579003
KP0395_AC_WP20,7.69271034616281,36.5993565689543,1.53788078,0,0.706697731349454,1.56917290222099,0.0197809265436573
KP0396_AC_WP20,21.4326612716151,52.9772047667726,1.4769918,0,0.629081998697039,1.73495129499374,0.0201021835652819
KP0397_AC_WP20,2.61082555270552,32.3348568846693,2.43260207,0.0277777777777778,0.649844676306779,1.67863765359876,0.0288510715862134
KP0399_LM_WP20,47.4230642622465,39.5590872443784,4.23331861,0.059254327563249,0.294156432330916,1.9345239253077,0.0814678446520867
KP0400_LM_WP20,29.1982362227208,15.81194073739,1.81615847,0.0504437641773295,0.369596339194812,2.33950726958614,0.409959812638713
KP0401_AC_WP20,35.6453626279449,41.5280964435991,2.73398769,0.0138532580810672,0.49321834501028,2.28481538578183,0.0527827774918175
KP0402_AC_WP20,19.2324485506172,55.9095369825151,1.02424341,0.075812274368231,0.485364909795552,2.04778038474196,0.0400096067337958
KP0403_LM_WP20,83.1366583194836,45.7616360911263,1.73725137,0.0805084745762712,0.456135501432599,2.04318060063443,0.0236208012990412
KP0404_AC_WP20,4.48846482669594,12.3231948809892,1.39723708,0.0393063583815029,0.526573438733305,1.75962103491035,0.0335149140728474
KP0405_AC_WP20,18.948044490971,84.4135465532407,1.69910896,0,0.528200677135105,1.73074714340302,0.0362444005363104
KP0450_AC_WP20,45.3691456932576,47.8170755797,1.71476818,0.182046228274503,0.483950654400033,1.89058229011259,0.125069273160234
KP0451_LM_WP20,48.6662146628416,5.26663542475157,2.42833105,0.154891304347826,0.449461199432394,1.7525417486255,0.0925282977601568
KP0454_AC_WP20,22.8249546058552,60.0200618432846,1.37629668,0.000687001923605386,0.531163154335392,2.33729168623458,0.160904926851162
KP0455_AC_WP20,71.2826630644353,22.0950761293807,2.07765442,0,0.724900327061536,2.28156569580191,0.202122268090579
KP0456_AC_WP20,15.6284706659399,63.5894840379279,1.1881434,0.0229270815376659,0.538850987183586,2.78678271576788,0.116972788263338
KP0457_AC_WP20,49.6630856078397,16.1897607713558,2.79556578,0.165794066317627,0.406175696334283,2.02242873931516,0.0612933404749643
KP0458_LM_WP20,19.5390542475656,0.121216266745523,1.62960043,0.0729843767818451,0.390177788642128,2.16336793183169,0.148877806961814
KP0459_LM_WP20,31.6822643783433,13.2587855526505,1.80020564,0.101610904584882,0.414573152227187,1.95451296751879,0.160480317403387
KP0460_LM_WP20,36.0774458192633,45.7199218433569,2.01761284,0.0274549680418361,0.459524068812953,2.19145462226097,0.183910327173588
KP0461_AC_WP20,24.2291585845181,50.6870740571768,1.43782632,0.0230179028132992,0.606184219946111,1.86248394938457,0.026968434422469
KP0462_AC_WP20,19.5429229426334,35.2165543627308,1.87478473,0.00564440263405456,0.509616915932674,1.7757392921044,0.0617301176862793
KP0463_AC_WP20,49.5995021982711,76.3635562540203,1.71147003,0.00290697674418605,0.517575525636283,2.3149711509193,0.0492442831659187
KP0464_AC_WP20,12.5931942607746,41.6378704189617,1.1804012,0.240066917607696,0.490120440738817,2.5849217566367,0.121609829475928
KP0465_AC_WP20,11.6674486362164,43.9483241893823,1.16050504,0.106422703510082,0.542068921982231,2.77604884152005,0.0722176493072546
KP0466_AC_WP20,26.9876936440262,50.0026960091573,1.74537497,0.0475075276012044,0.510322283057745,2.51693445826442,0.0807073551089349
KP0467_AC_WP20,73.6143166627539,75.5640254427875,3.4756747,0,0.90591079930546,2.03866143972677,0.100126867633971
KP0468_AC_WP20,83.9622476310172,68.0537407328121,2.50559377,0.0210459183673469,0.720871545297275,1.62385755431593,0.0566221372367891
KP0470_AC_WP20,41.8443780521597,29.2494368155535,2.14378579,0.0126802826444681,0.674759955035195,1.89236788221507,0.187083056249001
KP0471_AC_WP20,9.20346433702187,50.8391510798901,1.45749097,0.0119683299576505,0.367390141077822,2.28331933820782,0.137093326280485
KP0472_LM_WP20,2.19414334067537,36.3062946149669,1.0972307,0.207884871205708,0.391173136682926,2.24096461415202,0.175828983759839
KP0473_LM_WP20,17.6363056540171,66.2100717678873,1.29705771,0.0437956204379562,0.52714322782887,1.11096732638927,0.0188432997298609
KP0474_AC_WP20,71.0087501403048,36.0547368369579,2.81493123,0.0833333333333333,0.530810491630332,1.28708283614472,0.00940358475422143
KP0475_AC_WP20,82.6762412638251,82.4810104436194,1.63842447,0.0134138162307176,0.684422638060939,1.99940172157231,0.0499167747028086
KP0476_AC_WP20,64.3600603972995,83.5303515424038,1.9190453,0,0.632678481014523,2.1488037946348,0.0854828534633917
KP0477_AC_WP20,64.527477468344,84.7235878471859,1.78773575,0,0.626963489331246,2.10954650208473,0.0842838338812169
KP0478_AC_WP20,30.7324621709597,38.689728179172,1.78006205,0,0.63922677846475,2.39373733780267,0.0392329402823122
KP0479_AC_WP20,17.1579862537204,2.94247490491214,1.49744414,0,0.513501368453065,2.18467141402151,0.142795915976575
KP0480_AC_WP20,88.7789674717503,88.4024362589742,2.55528881,0,0.532932567075828,2.23134426451212,0.066647466576678
KP0481_AC_WP20,77.1731790761125,63.5731052372873,2.66889666,0,0.479699556626037,2.19703386936525,0.0668192940470532
KP0482_LM_WP20,39.7231177118384,30.5915122315122,2.75572667,0.040576974925856,0.386276170564486,2.12111319972706,0.18914365037964
KP0483_AC_WP20,38.2437095513961,26.57894635119,1.92093463,0.229233226837061,0.500901165177143,2.47271456827732,0.048940856656814
KP0484_AC_WP20,66.0570696165783,6.42798396770885,1.7184079,0.17931858936043,0.472495502962361,1.56193832796681,0.0852214197411641
KP0485_AC_WP20,59.5011728353423,67.0409868425765,2.24238855,0,0.881853640889739,2.1476835717737,0.0702566490064952
KP0486_AC_WP20,7.33704445042172,1.00567373347209,2.09009693,0,0.817699745242466,2.12772332315027,0.0823539074520052
KP0487_AC_WP20,53.9431853061982,53.024423259695,5.48043877,0,0.71621041765394,2.31364799782813,0.0526636934227233
KP0488_AC_WP20,65.3257529206545,58.3376320238578,3.91303515,0.00125944584382872,0.652794128994324,2.08319360736932,0.0493127581636378
KP0489_AC_WP20,76.3799137740033,53.0168337695157,3.06228048,0,0.614157033171359,2.08984502820115,0.0442499186981317
KP0490_AC_WP20,81.8663016777083,78.193349148966,2.58758624,0.00465549348230913,0.659189374763837,2.26845543601239,0.0365501122593374
KP0491_AC_WP20,87.5396728107974,85.6687365532708,3.56298944,0,0.66746723023973,2.48486576074461,0.0468907694579465
KP0492_AC_WP20,67.3516920257003,40.1426313234531,3.51127626,0.00490547977985164,0.730199664255935,2.36833255805776,0.119964167367314
KP0493_AC_WP20,78.088466897812,54.0519817499306,2.6541832,0,0.784462048647126,2.37204815825107,0.0338049560306303
KP0494_AC_WP20,28.2436650756844,68.203697168275,1.48440993,0,0.423628696858201,2.47152883011494,0.100156727367341
KP0495_AC_WP20,83.5560755301327,87.5330620937836,1.67095083,0,0.448868549942456,2.61141139287229,0.0478402048417656
KP0499_AC_WP20,88.4306411718145,87.1460910169708,3.1172882,0.000771604938271605,0.806344356795749,2.54182386968068,0.0357411494881404
KP0500_AC_WP20,84.3021908317302,84.8434549447899,3.51799068,0.0263157894736842,0.764479835158455,2.54395434751389,0.0067591306156871
KP0501_AC_WP20,72.9075773098085,46.459210688113,3.0768923,0,0.780327702733095,2.7198844317279,0.0637727729581872
KP0502_AC_WP20,78.3874535835666,80.1290662625564,1.2794113,0.0257209664848012,0.75622984148198,2.78903164915891,0.0702084595637834
KP0503_AC_WP20,72.9533232242041,32.3577200652773,1.4180402,0.0956607495069034,0.786951196791159,2.67787993596551,0.0657751765596787
KP0504_AC_WP20,45.1411707414488,79.16807998603,2.05047686,0,0.883614507430955,2.46755964959274,0.0652216172794575
KP0505_AC_WP20,56.420969674481,79.5626538274244,1.72131207,0,0.600014957808611,2.29638668667524,0.145431859383234
KP0506_AC_WP20,45.2674635420224,76.2650669528894,1.35137097,0,0.797506815836248,2.041992004222,0.0595145550860849
KP0507_AC_WP20,70.4207695470147,84.6613311297057,1.71763687,0,0.794357632444413,2.34927009989432,0.0557411252977954
KP0508_AC_WP20,30.6500275362102,19.3425962337761,1.47346433,0.0065359477124183,0.570575660627048,2.64977807458773,0.0734990079006347
KP0509_AC_WP20,29.4444446333679,48.0845471862881,1.48115195,0,0.969933196333817,1.95340308980953,0.0277986185093139
KP0510_AC_WP20,43.5321051077158,8.37627835457431,2.61118322,0,0.849295843664015,2.13322539842113,0.0333609822246148
KP0511_AC_WP20,59.4270395005611,66.7788829548962,2.06750245,0,0.969234742406565,2.0204473580625,0.0266869477021181
KP0512_AC_WP20,46.0452901470683,31.9528386739719,4.39475354,0,0.909224346012862,2.17781547402934,0.0410871473262874
KP0513_AC_WP20,57.8841089785099,14.5501793914948,3.18807237,0,0.692631690733515,2.35362753362342,0.0165529569989248
KP0514_AC_WP20,1.51995903732922,86.397959726935,1.30096881,0,0.571717925094934,2.16270453661501,0.078642636998848
KP0515_AC_WP20,19.8387647442288,47.2596627491845,1.17559079,0.106532222709338,0.418745348539234,2.45374313624406,0.0787377842155595
KP0516_AC_WP20,86.688098081476,87.1815930646114,2.53017626,0,0.641653791294308,2.07177601782515,0.0478359970538297
KP0517_AC_WP20,73.1165849157888,51.5696172283451,2.70511754,0.034412955465587,0.599983300104578,2.22706155967084,0.0306157370386732
KP0518_LM_WP20,35.7021018340339,45.849034363777,1.79148596,0.018640350877193,0.591182188584929,2.17919861085154,0.0436916664310238
KP0519_AC_WP20,53.0485717645177,57.9978414667288,2.3927415,0.00442477876106195,0.730801984312657,1.82754404226274,0.0268336249641637
KP0520_AC_WP20,52.6500862918692,57.1576276395604,2.70858109,0,0.823220585546497,2.34156643483853,0.0122318903086735
KP0521_AC_WP20,85.9625570695617,88.0604168104424,2.07507722,0,0.72640529916422,1.7359575019691,0.078210209525556
KP0522_AC_WP20,18.6479772504788,58.9945609209494,1.4304256,0.00374158144175605,0.747342209489966,2.10769899738483,0.0948889597266353
KP0523_AC_WP20,52.6443885643555,1.60086924517974,2.29086703,0.0257602862254025,0.589034406323207,2.21344711345318,0.0778088423416415
KP0524_AC_WP20,60.9466809414597,58.2202707988857,2.19197362,0,0.64456484696632,2.55369301872198,0.0548053627283802
KP0525_AC_WP20,70.3522128298356,34.7419924277629,2.22344676,0.000848176420695505,0.656022911613602,2.15976352059473,0.0646843249687211
KP0526_AC_WP20,66.6172874075219,63.5404720541457,1.88553462,0.0143992055610725,0.710791298843236,2.07130063236048,0.066340770617318
KP0527_LM_WP20,22.5815230259204,10.215568289651,1.53534948,0.0505588078765301,0.583546998736852,2.20929813531245,0.136719502051186
KP0528_AC_WP20,71.6219643255094,77.2276773939343,2.24895909,0.0100728675525075,0.678605130264566,2.04904195090804,0.0793651993499817
KP0529_LM_WP20,19.4200575065553,34.4787473200253,1.60876589,0.0336787564766839,0.334368805619433,1.65353294222788,0.0395725743293026
KP0530_AC_WP20,88.8561031803322,89.3487963019642,2.00791235,0.0464684014869888,0.685508655477487,1.93554493143716,0.0255674524526384
KP0531_AC_WP20,84.3435811971879,85.2421881670142,1.89081622,0,0.689585191083533,1.8441509776105,0.0273949021373822
KP0532_AC_WP20,68.1746370459299,23.0449423416214,2.44746,0,0.685093483918739,1.90724019336424,0.107389114443478
KP0533_AC_WP20,55.7201341431467,16.4056387772381,3.39835272,0,0.547330051956904,2.16570505634457,0.0216403821744147
KP0534_AC_WP20,56.5537337453676,59.0694969463635,2.35103629,0.003385240352065,0.609898473299288,2.26126689704933,0.0573324363564941
KP0535_AC_WP20,14.270650913448,5.78491475753449,1.71869992,0.0230021342186388,0.542634660811754,2.58583804329998,0.0848163216526218
KP0536_AC_WP20,60.7525256130979,42.7388188927299,1.85476708,0.00151122625215889,0.596029230433852,2.37082122215516,0.107977731547332
KP0537_AC_WP20,45.2561446944719,72.0154671449665,1.68610968,0,0.554394539831042,2.12014550682832,0.0269619146591508
KP0538_AC_WP20,60.7369797602381,77.2037673753337,1.30405362,0.001,0.549497723755755,2.10964682368376,0.0913111665611362
KP0539_AC_WP20,76.0205630590333,69.571069268646,2.50150757,0,0.757886495286634,2.26027787115762,0.0668629373601552
KP0540_AC_WP20,72.833388089795,53.2266007598977,3.05382295,0.0483870967741935,0.704603974386706,2.21922587898171,0.0143461132987424
KP0541_AC_WP20,85.8710634071156,69.6556315456606,4.97730098,0,0.761659206421198,2.09740191123028,0.00759124757286508
KP0542_LM_WP20,8.27866842301524,12.5092947836315,1.74698436,0.0567820302708956,0.519945100765232,2.20737319441579,0.238680095764759
KP0543_AC_WP20_d,61.993570101649,32.3408907569795,2.58178063,0.104446742502585,0.590024634118565,1.94214621920939,0.0397271456554247
KP0544_AC_WP20,13.3474362525761,1.54418075121021,1.44582657,0.069909699970871,0.564243753439984,1.99297968884085,0.0849999066877742
KP0545_AC_WP20,80.2531658456962,71.5011210539976,2.26276364,0.0588932137417499,0.551277269072557,2.09667210692192,0.0953125839805737
KP0547_LM_WP20,15.2026350495792,31.6108253158202,2.08638273,0.046875,0.536204160156039,2.3169423863771,0.123766435886868
KP0548_LM_WP20,5.34687574058085,3.08741479379489,1.0,0.102740599107712,0.523469248026932,1.99587999741857,0.224747319350112
KP0549_AC_WP20,30.9213607334065,30.8952106800731,1.87992845,0.116138763197587,0.481678493218186,2.36349236489444,0.062400677597358
KP0549_AC_WP20_2,13.9667271553045,4.40857935042264,1.53259361,0.00517464424320828,0.512457185917214,2.07136998397648,0.0395160111327957
KP0550_LM_WP20,53.7559756262104,46.151451008867,1.65467837,0.231390449438202,0.392011609445029,1.63104057163704,0.0924013792488713
KP0551_LM_WP20,14.9098236491445,9.98251224158828,1.06001271,0.24986793449551,0.428384173735971,1.85918757772153,0.0963042131981071
KP0552_AC_WP20,5.89284685338156,47.8419106630139,2.08690732,0,0.602551518865917,1.88725205007564,0.155734056476505
KP0553_AC_WP20,29.9619626827947,16.9066627600309,1.79456004,0.00312360553324409,0.625428901400645,2.13829405891698,0.0870297825379704
KP0554_AC_WP20,16.4537179340046,20.5023263759455,2.28442747,0.000628772635814889,0.670190632638062,2.11203030600149,0.111378898004046
KP0555_AC_WP20,18.128765325765,19.062482674428,1.77708104,0.0065073126731525,0.693368180973879,1.97617099786305,0.224043895380293
KP0556_AC_WP20,75.0877823478614,72.9202262123838,1.92725074,0.000920979922637686,0.846975879837174,1.71517942843339,0.162783534143952
KP0557_AC_WP20,50.6916503475389,0.991410459847731,1.78871854,0.12432594367885,0.421430579340628,2.26279168609695,0.0893573267007236
KP0558_LM_WP20,31.7429182468453,13.6741785519829,2.35807242,0.0825459970164097,0.45929088838534,1.91877909921512,0.208775680355308
KP0559_AC_WP20,49.4791437591562,0.585115955302533,2.45896863,0.267285531370038,0.4894814307009,1.97364197934242,0.0770394437029297
KP0560_AC_WP20,43.3152934540192,59.9828914482475,1.69274665,0.0872119295074559,0.512768347370919,1.67378548114745,0.0769794494951272
KP0561_AC_WP20,63.9463281755864,68.0168443848381,2.41310947,0.0539083557951483,0.551780157637936,1.81834940595216,0.057732588213739
KP0562_LM_WP20,31.4396887319817,63.8071231620778,1.6295977,0.0249405680443759,0.471626031926528,2.5381116588283,0.270661750690982
KP0563_AC_WP20,59.1963502799164,61.4918665438528,2.1810608,0.122950819672131,0.556342231000115,2.20161154153972,0.0201478005931602
KP0564_LM_WP20,47.9046011727224,5.01291142824997,2.3208516,0.0863874345549738,0.494539961462678,2.05238197972733,0.0333396334386497
KP0565_AC_WP20,68.5764594767602,57.987751710382,2.43061904,0.0792079207920792,0.469602674508147,1.98995622885191,0.0107100811113943
KP0566_LM_WP20,47.9289980628224,49.2125854180051,2.22728303,0.0306540158030019,0.44986482632864,2.19733679168035,0.231897832388807
KP0567_LM_WP20,7.18236046354415,27.7639091055774,1.28767514,0,0.479963892103151,2.32698087558762,0.127602062083189
KP0568_AC_WP20,61.0455025887596,73.8548583818022,2.72854089,0,0.550960720040569,2.56917212699497,0.0458301843899031
KP0569_AC_WP20,34.6923253336274,9.53549320849753,2.56268953,0.00739176346356917,0.531403298091422,2.9130081364158,0.0649404888574956
KP0570_LM_WP20,23.0507188748253,14.8953698179606,1.67219304,0.0154501864677677,0.367958133143672,3.08135287478403,0.139762695417024
KP0571_AC_WP20,65.3366815344717,34.3192451062895,1.92346827,0.0214765100671141,0.852846854302013,2.01574262623521,0.035877902418611
KP0572_AC_WP20,37.4387022081971,48.2245718028195,2.41406467,0,0.597006092728323,2.33007852217172,0.0492179620941176
KP0573_LM_WP20,54.9689638625938,68.6439514545025,1.82458185,0.0152671755725191,0.608625427535755,2.49597568042907,0.0113699518320784
KP0574_AC_WP20,22.5775226890316,7.30058754786205,1.46867865,0.00555555555555556,0.587420057704252,2.19899998205698,0.0547859980027549
KP0575_AC_WP20,77.649420369349,69.9849450850675,2.13614067,0,0.586760512491181,1.8860301683634,0.130679416596466
KP0576_AC_WP20,37.6569782167251,1.96532873617161,9.04913493,0.0238095238095238,0.540797307806614,2.29756341949907,0.00461526737514865
KP0577_AC_WP20,16.0046550583853,65.4047838064468,2.21593452,0.000596836765144733,0.555937294602672,2.23195100640635,0.0646564740871932
KP0578_AC_WP20,59.0649240865283,60.9315872504352,2.22422416,0.0225653206650831,0.518063038928624,2.2136512132364,0.037464609547479
KP0579_AC_WP20,27.9616806698396,1.91266004392422,1.64653218,0.119933829611249,0.492484698673626,2.26389441744061,0.0494697229004236
KP0580_AC_WP20,29.739944483614,23.075472582755,1.41480062,0.0417227456258412,0.44332465481755,2.43843519832103,0.0877077262821545
KP0581_AC_WP20,89.9371041663684,89.8881376294152,1.43454114,0.188118811881188,0.389767399847664,1.8397276915434,0.048167723973864
KP0582_AC_WP20,87.9350995356768,89.2189290709281,1.62038447,0.0786516853932584,0.912780467355313,2.42003012878377,0.00952163395492722
KP0583_LM_WP20,64.9408934621984,79.0245171734177,1.08845898,0.0414808206958073,0.54373011333627,2.78594619776538,0.132605127971608
KP0584_AC_WP20,48.3611690703065,67.1346476937764,1.59989501,0.0216322517207473,0.508122350128416,2.36829573715143,0.0632953444538409
KP0585_LM_WP20,48.0116482812359,24.3313685591778,2.78738992,0.000608272506082725,0.696878836087917,2.24182733568405,0.134678833285067
KP0586_LM_WP20,15.5483684723562,1.13950631992996,1.31643373,0.000698812019566737,0.533714212538914,1.92380447124072,0.150471009568475
KP0588_LM_WP20,9.21270435181022,45.5016483343007,1.0,0.177442737025225,0.542994750060898,1.96781315339012,0.186130665000685
KP0589_AC_WP20,53.3378367392196,62.8298730772684,2.89251747,0,0.743093476133295,2.09371319301227,0.166647033287485
KP0590_AC_WP20,18.1600961720828,6.46842335105457,1.87050849,0.00331858407079646,0.723446083469659,2.28358164304864,0.0396572991038326
KP0591_AC_WP20,61.190059976499,39.2383926630363,2.45866871,0.0515151515151515,0.588202431516033,2.25676168956003,0.0321276354471583
KP0613_LM_SB20,25.0908208747523,4.78224363600759,2.14466853,0.0031989377112506,0.490939629189262,2.1817281919856,0.154201695839335
KP0614_LM_SB20,18.3789877536044,45.4024076026126,1.41247018,0.0821994669659139,0.389705195634964,2.01324254964471,0.112856414699897
KP0615_AC_SB20,1.30583365587743,11.8370785549136,1.11282563,0,0.483946129594051,1.99552719282007,0.0215295489753207
KP0616_LM_SB20,11.3164447857822,11.6920608738904,1.23258908,0.108452950558214,0.3089127013026,1.71735101199175,0.0763780220169869
KP0617_LM_SB20,47.0400223604246,11.4798068695332,4.61905957,0.000919211520784394,0.465157867682313,1.96122231515933,0.178762501868818
KP0618_LM_SB20,46.2749444741834,55.8184424687548,1.8012077,0.0541552642949734,0.556683717385936,2.23231658092597,0.109613358819656
KP0619_AC_SB20,4.55737788772427,35.1001807869476,1.83196357,0,0.512773547436614,2.31914975955862,0.0605144024652342
KP0620_LM_SB20,20.8186771749189,24.5869935972781,1.26404537,0.12409200968523,0.466062643182122,2.25734847719226,0.135146664349424
KP0621_LM_SB20,34.1678950689263,27.1827893570196,2.4342785,0.110282518284813,0.477559325567863,2.07431927712971,0.108263712421996
KP0623_LM_SB20,54.6101840906258,9.43939391558905,2.71504249,0.00862559241706161,0.330340117479769,1.74673845486159,0.213581604562381
KP0624_AC_SB20,6.62610395386267,11.8371738712658,1.02449464,0.0736621534493875,0.618825435142381,2.04132105691737,0.160092670211606
KP0626_AC_SB20,20.0888000310815,3.57866302566855,1.24615526,0.00485369574261545,0.594098421383045,1.99811227281831,0.120536559635836
KP0628_AC_SB20,1.74026835522713,43.8203541851773,1.02464628,0.0253807106598985,0.548351590558764,2.09522061636319,0.0483967636181789
KP0629_LM_SB20,42.7484117607116,36.582002677736,2.77681093,0.158445741896517,0.505448107115509,2.90314346713549,0.0976343878759851
KP0630_AC_SB20,70.4886577715094,4.42721270825194,1.7432682,0.118055555555556,0.523485537008021,2.17666958411888,0.0261170525739517
KP0631_LM_SB20,0.489544328388306,4.89791137330851,1.41593264,0.176946915925222,0.441640776360899,2.1524773847132,0.144613230394736
KP0632_AC_SB20,22.795644474206,33.5728065832233,2.08877283,0,0.609766140627271,2.12058303703102,0.015874228650017
KP0633_AC_SB20,43.2031217061305,35.3729313059701,2.20676868,0.0335153922542205,0.527587818349355,2.33759083232432,0.116010230292952
KP0635_AC_SB20,24.6509580297011,77.070594574157,2.23628621,0,0.55595818297901,2.34522383013036,0.0810329209887954
KP0636_AC_SB20,85.2387921357081,85.5760714297512,2.54022987,0,0.660519797180873,2.05537931920298,0.0589430362240373
KP0637_LM_SB20,33.3967450093362,21.5265138696681,1.93876662,0.0911678295997062,0.468671657363702,2.26534453918292,0.148324258112299
KP0638_AC_SB20,18.8981433018201,7.38544069567128,1.70182979,0.000632911392405063,0.498316604769323,2.33384316029529,0.126373101128562
KP0639_LM_SB20,52.0649296894294,23.8033265404831,4.15611259,0.173168064163325,0.463087978105987,2.39677991533355,0.292263625983635
KP0640_AC_SB20,26.2085285162441,29.1364976708814,1.76123765,0.0319593542571499,0.355411985711259,2.00434261990379,0.129908484248708
KP0641_LM_SB20,56.7667875374757,30.7289307601436,4.48308524,0.0172758683396981,0.49364892223779,2.33375183631468,0.093021801403133
KP0642_AC_SB20,33.8155878061169,73.9404548819673,2.03243366,0,0.535232157725661,2.01620216850804,0.0356886918379914
KP0643_AC_SB20,16.9728173840852,23.3992478874294,1.23074676,0.0018811136192626,0.523948133538515,2.3970171948757,0.0768740787951791
KP0644_AC_SB20,37.8555318655392,17.2638164255183,3.27598,0.0205664194200944,0.606455222958063,2.35707365029078,0.0665409883082743
KP0646_AC_SB20,42.5494832744029,35.2078073335793,1.96650449,0,0.711818400735617,2.16660188806036,0.041002716627395
KP0647_AC_SB20,22.2643718897035,65.7720237446099,1.21318639,0,0.543193140940292,1.93877785205829,0.0780998921684012
KP0648_AC_SB20,26.1124920614623,25.4421310636798,2.07210933,0.0207945375543141,0.633668705557976,2.71720385679086,0.0563849821648278
KP0649_AC_SB20,20.3614413902177,14.4340228310921,1.44618747,0.0185296776137391,0.417295124531042,2.28183236679276,0.107216377933339
KP0650_LM_SB20,70.9885294799487,74.5679992423768,2.16249525,0,0.696222320573434,1.93161394992691,0.155167490525485
KP0651_AC_SB20,23.7746663741735,10.0874522703722,1.48404419,0.0118226600985222,0.513861737027015,2.14100841264053,0.0439368615504439
KP0652_AC_SB20,47.1795581468214,34.6425795848934,1.87959105,0.0750798722044728,0.63307420135656,1.93839373385362,0.0383683128288038
KP0654_AC_SB20,15.0012830522586,10.3752161173073,1.73811764,0.000817661488143908,0.651156977268653,2.14567596794421,0.115891396045353
KP0655_LM_SB20,54.1174378292335,22.8053262193147,3.25379859,0.0212621834192602,0.52058251007669,2.19219016089034,0.209620877582464
KP0656_AC_SB20,85.0969688223639,84.2611466529258,1.48658242,0,0.684971676452789,1.92488488163225,0.0945646352585211
KP0657_LM_SB20,37.80358284471,16.7775816195017,1.53562815,0.262834684352739,0.399809036843044,1.57248179415423,0.0934923073598554
KP0658_AC_SB20,15.9324659386471,12.6441692189913,1.0,0.00131176213379974,0.57529510664295,1.80512750524177,0.0698245191015562
KP0659_LM_SB20,16.7323886632119,45.7059110327829,1.03518346,0.239043824701195,0.495288007881756,1.75681437098431,0.0248594357572844
KP0660_AC_SB20,26.5556708772978,63.0691338262182,1.39164212,0,0.540556094467608,1.60828079797937,0.0261578505779264
KP0661_AC_SB20,9.89817308907203,57.4944094420001,1.67078467,0,0.496737046866598,2.10225785723848,0.022513050255563
KP0662_AC_SB20,18.3307250869911,36.0250349237497,1.23372136,0.01481650330522,0.507592211589931,1.8524583486809,0.107260214202166
KP0663_AC_SB20,9.70729016658744,20.7970729789612,1.15706444,0.00609296912439241,0.669184612968447,2.0519628674124,0.170630569123928
KP0664_LM_SB20,46.5337660849003,22.3258958303572,2.93437188,0.0146485602917138,0.470189548368435,1.92305033026045,0.160329113946751
KP0665_AC_SB20,12.0289020885821,1.48425235132479,1.28951197,0,0.574056210258495,2.01226751575902,0.106708495213001
KP0666_LM_SB20,28.4154731265637,8.47782448097074,2.11439892,0,0.421056870412278,1.84128948636938,0.213111276989666
KP0668_AC_SB20,8.62589142223508,37.9308597027756,1.45680871,0.00265764677458323,0.404154726904689,1.94906254066928,0.0936591473486649
KP0670_LM_SB20,61.4535043261894,23.5917415076245,2.22544975,0.028604118993135,0.389794455131406,1.91484917296267,0.0416950297798936
KP0672_AC_SB20,9.13633801459478,9.12608771648667,1.09879922,0.0115440115440115,0.472749116317192,2.05020470076579,0.0614314229097132
KP0674_AC_SB20,17.0710473440041,18.3195955497662,1.51993819,0.000826582906265498,0.434605025185148,2.22158673322215,0.101963719867564
KP0676_LM_SB20,36.8205243732846,16.2081597779889,3.00406455,0.00969216366540008,0.505972293503353,2.19418339822861,0.229061011477566
KP0678_AC_SB20,46.2647389692673,26.2857123372887,2.57449899,0.0185381355932203,0.48254608195185,2.39346418368782,0.0543044515174193
KP0679_AC_SB20,84.2420606155724,84.1333238142365,2.04855271,0.0195286195286195,0.569458274302301,2.2296990690573,0.0415712571519234
KP0680_LM_SB20,3.65680678565853,3.01131482004329,1.67327389,0.0535452720664026,0.464772492325842,2.04176907179595,0.168806129822255
KP0681_AC_SB20,73.1724973290397,70.8761793755517,2.32179241,0,0.611039510024091,2.35730754231293,0.0527086863178422
KP0682_LM_SB20,49.8291034390082,16.9698552193188,2.91563888,0.0411639460610362,0.50395548735198,2.32048405616618,0.116044919069628
KP0683_AC_SB20,38.8558261311597,37.9914957994355,1.58984298,0.137058053251855,0.55302226618633,2.2982250680003,0.0736744280985672
KP0684_LM_SB20,6.64230777096964,38.6649262143711,1.30741581,0.00681114551083591,0.494417352151945,2.07183767362085,0.0496018482164946
KP0685_AC_SB20,36.4698959517796,31.0070508662974,2.46752978,0.00803542144965562,0.534106874697879,2.23774979428708,0.123020833463462
KP0686_AC_SB20,66.250964870013,70.0717723075372,2.78828828,0,0.440936934803324,1.71549317344813,0.0340774827787603
KP0687_AC_SB20,19.9953812533614,31.4245016927814,1.22281366,0.0530378486055777,0.515157459191121,2.43547546936261,0.141672146887759
KP0688_AC_SB20,2.62868313794288,40.7320029997679,1.20877464,0,0.730439534339767,1.93109033490663,0.119798943682328
KP0689_AC_SB20,82.1652901851962,63.7153437540804,2.5134986,0.214835164835165,0.560052448279786,2.24012582206558,0.0454249919704185
KP0690_AC_SB20,42.5278508537371,41.5926907376266,3.14449694,0.00714703106036769,0.634217139663499,2.44738341404971,0.184231337114023
KP0691_AC_SB20,79.8542740766663,76.4118698444618,3.17937403,0.0729166666666667,0.578290000320465,2.14827123040398,0.0354009455024206
KP0692_AC_SB20,11.7328005554592,13.1753264118528,1.0,0.140263157894737,0.593380414366308,2.21863782271796,0.111343813352507
KP0693_AC_SB20,31.5590677241015,9.58768659325989,2.0250179,0.0369016240115636,0.457625529198691,2.71899058980771,0.13011225050868
KP0694_LM_SB20,41.0876561412966,12.0067025599738,2.80279066,0.00213668691431885,0.465994826142082,2.16413333752323,0.227420023261321
KP0695_AC_SB20,84.7282059900364,85.8850549270787,1.63783738,0.128364389233954,0.54093518785045,2.4904969394418,0.0482166486438362
KP0696_AC_SB20,9.54382638832478,42.1294772821258,1.061819,0.0724137931034483,0.504795772274172,1.92459622838301,0.0327383530378446
KP0697_AC_SB20,71.2741871224765,89.5035285738519,1.36743992,0,0.491671967427485,2.26691782872382,0.0792776546433057
KP0698_AC_SB20,45.4973415013074,28.939634491442,3.14303999,0.0206084832334,0.527633944508409,2.28698224435381,0.209178232315636
KP0699_AC_SB20,35.0948384271148,54.4070617210104,1.32680962,0.0011001100110011,0.530113826775789,2.35641352686234,0.040081727785611
KP0700_LM_SB20,48.1333170460694,4.71161787151537,2.13807807,0.172166571744447,0.479823965829859,2.3718184461211,0.238769241321369
KP0702_AC_SB20,20.1753713567529,8.80195456411983,1.50673293,0.00408520571928801,0.683213106834643,2.25207589417799,0.0960557226781913
KP0703_AC_SB20,80.5915048553682,72.8576172717513,2.44236329,0.000857816856101222,0.610179161984203,2.1000520123441,0.0806789892991391
KP0704_AC_SB20,44.5461474748989,25.0638185817834,2.25951159,0.0162247724574594,0.456687787912127,2.66223288513879,0.138820850896729
KP0706_LM_SB20,61.7308181199045,28.8403270507856,2.42959228,0.0385909644161237,0.387174375852769,2.06879653437212,0.132564145448253
KP0707_LM_SB20,20.3490797824686,0.433241983665345,1.66989928,0.0941436577716078,0.497941964180725,2.2566936126163,0.18759064909392
KP0708_AC_SB20,52.4846355770585,68.2269099533245,1.20730436,0.0409556313993174,0.458589783031931,2.39906145501154,0.0715868766637412
KP0709_AC_SB20,21.4969842756111,12.2546414920973,1.52918484,0,0.560635100039757,2.35586031660526,0.0643029816164725
KP0710_AC_SB20,40.2299114010497,11.8810989623295,1.76973822,0.0545743388468367,0.429945972669611,2.31024353087682,0.117839174132982
KP0711_AC_SB20,50.5482406331311,78.0509674739413,1.8087673,0.0015527950310559,0.761160009812502,2.13954100936168,0.0563451151203982
KP0712_AC_SB20,45.0341150981387,1.80915137011875,3.90361514,0.0498957402442657,0.495455316488887,2.30912645677237,0.191436850901344
KP0714_AC_SB20,74.895541922158,86.8272208106165,1.8433524,0.0140199514693988,0.569705938633051,2.73298585105036,0.0929468323567029
KP0715_LM_SB20,83.0797566255722,83.4726457923723,2.41305866,0.00364620089390732,0.352797332614033,1.70540674116453,0.0992223098806665
KP0716_LM_SB20,83.7080452274414,78.414016025361,3.05998257,0.0402982512079664,0.563148775775644,2.70017143854774,0.250020459138909
KP0717_AC_SB20,8.8400778954004,7.23422396723613,1.15284234,0.00122473974280465,0.557153854017728,2.36313528874277,0.118162569873916
KP0718_LM_SB20,43.1327490270197,46.8622943846043,1.54656838,0.00107230392156863,0.386191806737255,1.96415476907642,0.101149955791829
KP0719_AC_SB20,17.1479572734386,31.0717710423696,1.57489781,0.00269662921348315,0.636127381020037,2.25959860489415,0.169634226556563
KP0720_AC_SB20,40.0855220345033,86.6451586361794,1.87463353,0,0.818409743454631,1.99315978831931,0.0781062039701444
KP0721_AC_SB20,47.2239579054118,25.6262499552438,2.98039395,0,0.783489544912781,1.99647992068664,0.0614322842634004
KP0722_AC_SB20,55.1719180044816,6.72010858764373,3.24846209,0,0.733472810660244,1.95773011748715,0.0360557504259095
KP0723_AC_SB20,13.9886265365635,25.4269022833659,1.3630183,0.00389105058365759,0.534790601883444,2.3443895486078,0.17914972708189
KP0724_AC_SB20,55.7753537088609,78.3401496291509,2.13706062,0,0.705543805693022,2.09567666639792,0.0936894351798962
KP0725_LM_SB20,8.78226800635566,32.800078193819,1.07339127,0.207224866984038,0.408310709581239,2.2704457707941,0.08072688409925
KP0726_AC_SB20,7.42340339719436,35.0116308169235,1.15444522,0.0240438173041218,0.467181289808768,2.33368535949029,0.143167843780382
KP0727_AC_SB20,9.48141591034289,19.8702630397441,1.17192281,0.0451770451770452,0.598038027971731,1.89237634930218,0.0276450793552324
KP0728_AC_SB20,89.4037242168635,88.2138204607134,2.26978312,0,0.559987750205256,1.87958549233999,0.125640238680428
KP0729_LM_SB20,66.6940499668975,30.4233608540443,2.23012312,0.0127213515163851,0.457446318359059,2.39000722064539,0.240473974583474
KP0730_AC_SB20,65.9444210985812,65.0026888335015,4.33541754,0.033457249070632,0.587416051363895,1.98929469450028,0.0281809313397264
KP0731_LM_SB20,79.6272137326272,61.5980734891929,2.72712221,0.106854838709677,0.212065976258929,1.87490981863171,0.168651340815197
KP0732_LM_SB20,47.5431407547725,18.0188232982752,2.45458919,0.00959023539668701,0.464725276494984,1.81381700036542,0.0420901628397809
KP0733_LM_SB20,8.47670005542386,8.76220690374671,1.17790016,0.0165551950201973,0.410247363567427,1.78676069409867,0.153978406775728
KP0734_AC_SB20,28.3156628789464,16.3041924917556,1.6417791,0.0276671557325508,0.593381380815967,1.91573152671382,0.0861241165121032
KP0736_AC_SB20,42.2321557081051,16.1312063427425,2.98634864,0.0269958467928011,0.562032821331964,2.29502128352187,0.130179212757784
